team,year,class,status,gender
Aberdeen,2003,2AE,CH,Boys
Aberdeen,2011,3AN,SF,Boys
Aberdeen,1986,2A,QF,Boys
Aberdeen,1989,2A,QF,Boys
Aberdeen,1991,3A,QF,Boys
Aberdeen,1994,2A,QF,Boys
Aberdeen,1996,2A,QF,Boys
Aberdeen,1997,3A,QF,Boys
Aberdeen,2004,2AE,RR,Boys
Aberdeen,2013,3AN,RS,Boys
Aberdeen,2014,3AN,RS,Boys
Aberdeen,2015,3AN,RS,Boys
Aberdeen,2021,3AN,RR1,Boys
Aberdeen,2022,3AN,RR1,Boys
Aberdeen,2023,3AN,RR1,Boys
Alleghany,1992,2A,RR,Boys
Alleghany,1993,2A,QF,Boys
Alleghany,1998,2A,RR,Boys
Alleghany,2000,2AE,SF,Boys
Alleghany,2002,2AE,SF,Boys
Alleghany,2004,2AE,QF,Boys
Alleghany,2005,2AE,SF,Boys
Alleghany,2012,3AN,RS,Boys
Alleghany,2016,3AN,RS,Boys
Alleghany,2018,3AN,RS,Boys
Alleghany,2019,3AN,RR1,Boys
Alleghany,2020,3AN,RR1,Boys
Alleghany,2021,3AN,RR1,Boys
Andover,1985,2A,QF,Boys
Andover,1986,2A,RR,Boys
Andover,1995,3A,SF,Boys
Andover,1997,3A,CH,Boys
Andover,1998,3A,CH,Boys
Andover,2000,2A,RS,Boys
Andover,2003,2AE,RS,Boys
Andover,2004,2AE,RS,Boys
Andover,2007,2AE,SF,Boys
Andover,2015,3AN,RS,Boys
Andover,2016,3AN,RR1,Boys
Andover,2017,3AN,RR1,Boys
Andover,2021,3AN,RS,Boys
,,,,Boys
Arundel,1975,AA,CH,Boys
Arundel,1979,A,RU,Boys
Arundel,2007,4AE,RU,Boys
Arundel,2022,4A/3AE,RU,Boys
Arundel,1976,AA,SF,Boys
Arundel,1978,A,SF,Boys
Arundel,1983,AA,SF,Boys
Arundel,2008,4AE,SF,Boys
Arundel,2021,4A/3AE,SF,Boys
Arundel,1985,AA,QF,Boys
Arundel,1994,4A,QF,Boys
Arundel,1995,4A,QF,Boys
Arundel,2019,4AE,QF,Boys
Arundel,2005,4AE,RR,Boys
Arundel,2009,4AE,RR,Boys
Arundel,2010,4AE,RR,Boys
Arundel,2013,4AE,RR,Boys
Arundel,2014,4AE,RR,Boys
Arundel,2003,4AE,RS,Boys
Arundel,2004,4AE,RS,Boys
Arundel,2006,4AE,RS,Boys
Arundel,2011,4AE,RS,Boys
Arundel,2012,4AE,RS,Boys
Arundel,2017,4AE,RS,Boys
Arundel,2018,4AE,RS,Boys
Arundel,2023,3AS,RR2,Boys
Atholton,1985,B,QF,Boys
Atholton,2021,3AS,QF,Boys
Atholton,2022,3AS,QF,Boys
Atholton,2005,2AS,RR,Boys
Atholton,2009,3AE,RR,Boys
Atholton,2011,3AE,RR,Boys
Atholton,2012,3AE,RR,Boys
Atholton,2017,3AE,RR,Boys
Atholton,2007,3AE,RS,Boys
Atholton,2010,3AE,RS,Boys
Atholton,2023,3AE,RR2,Boys
Atholton,2019,3AE,RR1,Boys
x-Samuel Banks,2005,1AS,RS,Boys
x-Beall,1993,1A,RU,Boys
x-Beall,1997,1A,RU,Boys
x-Beall,2002,1A,RU,Boys
x-Beall,2003,1AW,RU,Boys
x-Beall,1975,C,SF,Boys
x-Beall,1976,C,SF,Boys
x-Beall,1981,C,SF,Boys
x-Beall,1994,1A,SF,Boys
x-Beall,1985,C,QF,Boys
x-Beall,1990,1A,QF,Boys
x-Beall,1995,1A,QF,Boys
x-Beall,2005,1AW,RR,Boys
x-Beall,2006,1AW,RS,Boys
Bel Air,1982,B,SF,Boys
Bel Air,2004,3AN,SF,Boys
Bel Air,1998,3A,QF,Boys
Bel Air,2003,3AN,RR,Boys
Bel Air,2014,3AN,RR,Boys
Bel Air,2015,4AN,RS,Boys
Bel Air,2016,4AN,RS,Boys
Bel Air,2021,3AN,RR1,Boys
Bel Air,2022,3AN,RR2,Boys
Bel Air,2023,3AN,RR2,Boys
James M. Bennett,1982,B,CH,Boys
James M. Bennett,1983,C,CH,Boys
James M. Bennett,1985,C,CH,Boys
James M. Bennett,1984,C,RU,Boys
James M. Bennett,1987,B,SF,Boys
James M. Bennett,1990,2A,SF,Boys
James M. Bennett,1986,C,QF,Boys
James M. Bennett,1988,2A,QF,Boys
James M. Bennett,1989,2A,QF,Boys
James M. Bennett,2018,3AE,RR,Boys
James M. Bennett,2003,2AE,RS,Boys
James M. Bennett,2009,3AE,RS,Boys
James M. Bennett,2015,3AE,RS,Boys
James M. Bennett,2017,3AE,RS,Boys
James M. Bennett,2019,3AS,RR1,Boys
James M. Bennett,2021,3AE,RR1,Boys
James M. Bennett,2022,3AE,RR1,Boys
James M. Bennett,2023,2AE,RR1,Boys
Bethesda-Chevy Chase,1995,2A,SF,Boys
Bethesda-Chevy Chase,2023,4AN,QF,Boys
Bethesda-Chevy Chase,2011,4AW,RS,Boys
Bethesda-Chevy Chase,2012,4AW,RS,Boys
Bethesda-Chevy Chase,2021,4AW,RR1,Boys
Bethesda-Chevy Chase,2022,4AW,RR1,Boys
Bladensburg,1990,3A,QF,Boys
Bladensburg,2021,4AN,RR1,Boys
Bladensburg,2022,4AN,RR1,Boys
Bladensburg,2023,4AS,RR1,Boys
Montgomery Blair,2021,4AN,QF,Boys
Montgomery Blair,2022,4AN,QF,Boys
Montgomery Blair,2014,4AW,RR,Boys
Montgomery Blair,2015,4AW,RS,Boys
Montgomery Blair,2016,4AW,RS,Boys
Montgomery Blair,2023,4AN,RR2,Boys
Montgomery Blair,2019,4AN,RR1,Boys
James Hubert Blake,2023,4A/3AS,SF,Boys
James Hubert Blake,2021,4A/3AS,QF,Boys
James Hubert Blake,2022,4A/3AS,QF,Boys
James Hubert Blake,2012,4AN,RR,Boys
James Hubert Blake,2016,3AS,RS,Boys
James Hubert Blake,2017,3AW,RS,Boys
James Hubert Blake,2018,3AW,RS,Boys
James Hubert Blake,2019,3AW,RR1,Boys
Bohemia Manor,2002,1A,CH,Boys
Bohemia Manor,1985,C,SF,Boys
Bohemia Manor,1988,1A,SF,Boys
Bohemia Manor,1994,1A,QF,Boys
Bohemia Manor,1998,1A,QF,Boys
Bohemia Manor,1999,1A,QF,Boys
Bohemia Manor,2022,1AE,QF,Boys
Bohemia Manor,2010,1AE,RR,Boys
Bohemia Manor,2017,1AE,RR,Boys
Bohemia Manor,2006,1AE,RS,Boys
Bohemia Manor,2008,1AE,RS,Boys
Bohemia Manor,2009,1AE,RS,Boys
Bohemia Manor,2012,1AE,RS,Boys
Bohemia Manor,2013,1AE,RS,Boys
Bohemia Manor,2014,1AE,RS,Boys
Bohemia Manor,2015,1AN,RS,Boys
Bohemia Manor,2016,1AE,RS,Boys
Bohemia Manor,2021,1AE,RR2,Boys
Bohemia Manor,2023,1AE,RR2,Boys
Boonsboro,1993,1A,CH,Boys
Boonsboro,1994,1A,RU,Boys
Boonsboro,1975,B,SF,Boys
Boonsboro,2001,1A,SF,Boys
Boonsboro,2021,2A/1AW,QF,Boys
Boonsboro,2011,1AW,RR,Boys
Boonsboro,2005,1AW,RS,Boys
Boonsboro,2006,1AW,RS,Boys
Boonsboro,2007,1AW,RS,Boys
Boonsboro,2008,1AW,RS,Boys
Boonsboro,2009,1AW,RS,Boys
Boonsboro,2012,1AW,RS,Boys
Boonsboro,2015,1AW,RS,Boys
Boonsboro,2016,1AW,RS,Boys
Boonsboro,2017,1AW,RS,Boys
Boonsboro,2018,1AW,RS,Boys
Boonsboro,2019,1AW,RR2,Boys
Boonsboro,2022,2A/1AW,RR2,Boys
Boonsboro,2023,1AN,RR2,Boys
Bowie,2001,4A,CH,Boys
Bowie,1976,AA,RU,Boys
Bowie,1979,AA,SF,Boys
Bowie,1987,AA,SF,Boys
Bowie,1985,AA,QF,Boys
Bowie,1986,AA,QF,Boys
Bowie,2006,4AS,RS,Boys
Bowie,2015,4AS,RS,Boys
Bowie,2019,4AS,RR2,Boys
Bowie,2021,4AS,RR2,Boys
Bowie,2023,4AS,RR2,Boys
Bowie,2022,4AS,RR1,Boys
Broadneck,2003,4AE,RU,Boys
Broadneck,2023,4AE,RU,Boys
Broadneck,1998,3A,SF,Boys
Broadneck,2000,4A,SF,Boys
Broadneck,2004,4AE,SF,Boys
Broadneck,2006,4AE,SF,Boys
Broadneck,2010,4AE,SF,Boys
Broadneck,2015,4AE,SF,Boys
Broadneck,2022,4AE,SF,Boys
Broadneck,1997,3A,QF,Boys
Broadneck,2001,4A,QF,Boys
Broadneck,2002,4A,QF,Boys
Broadneck,2021,4AE,QF,Boys
Broadneck,2007,4AE,RR,Boys
Broadneck,2016,4AE,RR,Boys
Broadneck,2017,4AE,RR,Boys
Broadneck,2013,4AE,RS,Boys
Broadneck,2014,4AE,RS,Boys
Broadneck,2018,4AE,RS,Boys
Broadneck,2019,4AE,RR1,Boys
x-Brooklyn Park,1983,C,SF,Boys
Brunswick,1999,1A,RU,Boys
Brunswick,2005,1AN,SF,Boys
Brunswick,2010,1AN,SF,Boys
Brunswick,2012,1AW,SF,Boys
Brunswick,2022,1AN,SF,Boys
Brunswick,1985,C,QF,Boys
Brunswick,1987,C,QF,Boys
Brunswick,1992,1A,QF,Boys
Brunswick,1995,1A,QF,Boys
Brunswick,1998,1A,QF,Boys
Brunswick,2021,1AN,QF,Boys
Brunswick,2011,1AW,RS,Boys
Brunswick,2019,1AW,RR1,Boys
Brunswick,2023,1AN,RR1,Boys
Calvert,2000,3A,CH,Boys
Calvert,2023,2A/1AS,RU,Boys
Calvert,2002,3A,SF,Boys
Calvert,2016,2AS,SF,Boys
Calvert,2022,2A/1AS,SF,Boys
Calvert,2015,2AS,RS,Boys
Calvert,2019,2A,RR2,Boys
Calvert,2021,2A/1AS,RR2,Boys
Cambridge-South Dorchester,1979,B,CH,Boys
Cambridge-South Dorchester,1995,1A,CH,Boys
Cambridge-South Dorchester,1996,1A,CH,Boys
Cambridge-South Dorchester,1976,B,RU,Boys
Cambridge-South Dorchester,1977,B,RU,Boys
Cambridge-South Dorchester,1978,B,RU,Boys
Cambridge-South Dorchester,1984,B,RU,Boys
Cambridge-South Dorchester,1992,1A,RU,Boys
Cambridge-South Dorchester,1974,B,SF,Boys
Cambridge-South Dorchester,1975,B,SF,Boys
Cambridge-South Dorchester,1983,B,SF,Boys
Cambridge-South Dorchester,1985,B,SF,Boys
Cambridge-South Dorchester,1993,2A,SF,Boys
Cambridge-South Dorchester,1994,2A,SF,Boys
Cambridge-South Dorchester,1997,1A,SF,Boys
Cambridge-South Dorchester,1998,1A,SF,Boys
Cambridge-South Dorchester,1999,1A,SF,Boys
Cambridge-South Dorchester,2013,1AE,SF,Boys
Cambridge-South Dorchester,2014,1AE,SF,Boys
Cambridge-South Dorchester,2019,1AE,SF,Boys
Cambridge-South Dorchester,2023,1AE,SF,Boys
Cambridge-South Dorchester,1987,B,QF,Boys
Cambridge-South Dorchester,1991,1A,QF,Boys
Cambridge-South Dorchester,2000,1A,QF,Boys
Cambridge-South Dorchester,2011,1AE,RR,Boys
Cambridge-South Dorchester,2012,1AE,RR,Boys
Cambridge-South Dorchester,2015,1AE,RR,Boys
Cambridge-South Dorchester,2016,1AE,RR,Boys
Cambridge-South Dorchester,2003,1AE,RS,Boys
Cambridge-South Dorchester,2005,1AE,RS,Boys
Cambridge-South Dorchester,2007,1AE,RS,Boys
Cambridge-South Dorchester,2008,1AE,RS,Boys
Cambridge-South Dorchester,2010,1AE,RS,Boys
Cambridge-South Dorchester,2017,1AE,RS,Boys
Cambridge-South Dorchester,2018,1AE,RS,Boys
Cambridge-South Dorchester,2021,2A/1AE,RR2,Boys
Cambridge-South Dorchester,2022,2A/1AE,RR1,Boys
Carver Vocational-Technical,2005,3AN,RS,Boys
Carver Vocational-Technical,2009,1AS,RS,Boys
Carver Vocational-Technical,2013,2AN,RS,Boys
Carver Vocational-Technical,2019,1AN,RR1,Boys
Carver Vocational-Technical,2021,2A/1AN,RR1,Boys
Carver Vocational-Technical,2022,2A/1AN,RR1,Boys
Carver Vocational-Technical,2023,2A/1AE,RR1,Boys
Catoctin,2009,1AN,CH,Boys
Catoctin,2019,1AW,CH,Boys
Catoctin,1982,C,SF,Boys
Catoctin,1986,C,SF,Boys
Catoctin,2008,1AN,SF,Boys
Catoctin,2023,1AN,QF,Boys
Catoctin,2003,1AW,RR,Boys
Catoctin,2007,1AN,RR,Boys
Catoctin,2018,1AW,RR,Boys
Catoctin,2005,1AN,RS,Boys
Catoctin,2006,1AN,RS,Boys
Catoctin,2013,2AW,RS,Boys
Catoctin,2021,1AN,RR1,Boys
Catoctin,2022,1AN,RR1,Boys
Catonsville,2011,4AN,SF,Boys
Catonsville,2005,3AN,RR,Boys
Catonsville,2007,3AN,RR,Boys
Catonsville,2004,3AN,RS,Boys
Catonsville,2010,3AN,RS,Boys
Catonsville,2012,4AN,RS,Boys
Catonsville,2019,4AN,RR1,Boys
Catonsville,2021,4A/3AN,RR1,Boys
Catonsville,2022,4A/3AN,RR1,Boys
Catonsville,2023,4A/3AN,RR1,Boys
Centennial,1980,B,SF,Boys
Centennial,2021,3AS,RR1,Boys
Centennial,2022,3AS,RR1,Boys
Centennial,2023,2AW,RR1,Boys
Central,2021,2A/1AN,RR1,Boys
Central,2022,2A/1AN,RR1,Boys
Central,2023,2A/1AE,RR1,Boys
Century,2008,2AW,SF,Boys
Century,2009,2AW,RS,Boys
Century,2016,2AW,RS,Boys
Century,2018,2AW,RS,Boys
Century,2019,2AW,RR1,Boys
Century,2021,2AW,RR1,Boys
Century,2022,2AW,RR1,Boys
Century,2023,2A/1AW,RR1,Boys
Chesapeake - AA,2018,3AE,SF,Boys
Chesapeake - AA,2023,3AS,QF,Boys
Chesapeake - AA,2015,3AE,RS,Boys
Chesapeake - AA,2017,3AE,RS,Boys
Chesapeake - AA,2022,3AE,RR2,Boys
Chesapeake - AA,2019,3AS,RR1,Boys
Chesapeake - BC,1984,B,SF,Boys
Chesapeake - BC,2021,3AE,SF,Boys
Chesapeake - BC,1990,2A,QF,Boys
Chesapeake - BC,1991,2A,QF,Boys
Chesapeake - BC,1992,2A,QF,Boys
Chesapeake - BC,2009,2AN,RR,Boys
Chesapeake - BC,2011,2AN,RR,Boys
Chesapeake - BC,2004,1AN,RS,Boys
Chesapeake - BC,2007,1AN,RS,Boys
Chesapeake - BC,2008,1AN,RS,Boys
Chesapeake - BC,2017,1AN,RS,Boys
Chesapeake - BC,2021,2A/1AN,RR1,Boys
Chesapeake - BC,2022,2A/1AN,RR1,Boys
Chesapeake - BC,2023,2A/1AN,RR1,Boys
Chopticon,2000,3A,SF,Boys
Chopticon,1991,2A,QF,Boys
Chopticon,2007,3AS,RS,Boys
Chopticon,2010,3AS,RS,Boys
Chopticon,2011,3AS,RS,Boys
Chopticon,2014,3AS,RS,Boys
Chopticon,2017,3AS,RS,Boys
Chopticon,2022,4A/3AE,RR2,Boys
Winston Churchill,1976,AA,CH,Boys
Winston Churchill,1977,AA,CH,Boys
Winston Churchill,1982,AA,RU,Boys
Winston Churchill,1985,AA,RU,Boys
Winston Churchill,1988,4A,RU,Boys
Winston Churchill,1993,4A,RU,Boys
Winston Churchill,1995,3A,RU,Boys
Winston Churchill,1974,AA,SF,Boys
Winston Churchill,1975,AA,SF,Boys
Winston Churchill,1984,AA,SF,Boys
Winston Churchill,2023,4AW,SF,Boys
Winston Churchill,2022,4AW,QF,Boys
Winston Churchill,2004,4AW,RR,Boys
Winston Churchill,2011,4AW,RR,Boys
Winston Churchill,2012,4AW,RS,Boys
Winston Churchill,2018,4AW,RS,Boys
Winston Churchill,2021,4AW,RR2,Boys
Baltimore City College,1996,2A,SF,Boys
Baltimore City College,2001,2A,SF,Boys
Baltimore City College,2005,3AN,SF,Boys
Baltimore City College,2023,3AN,SF,Boys
Baltimore City College,1993,3A,QF,Boys
Baltimore City College,2002,2A,QF,Boys
Baltimore City College,2021,3AS,QF,Boys
Baltimore City College,2006,3AN,RR,Boys
Baltimore City College,2010,2AN,RR,Boys
Baltimore City College,2007,2AN,RS,Boys
Baltimore City College,2013,3AE,RS,Boys
Baltimore City College,2014,3AE,RS,Boys
Baltimore City College,2019,3AN,RR1,Boys
Clarksburg,2007,2AW,SF,Boys
Clarksburg,2008,2AW,RS,Boys
Clarksburg,2013,4AW,RS,Boys
Clarksburg,2014,4AW,RS,Boys
Clarksburg,2019,4AW,RR1,Boys
Clarksburg,2021,4AW,RR1,Boys
Clarksburg,2022,4AW,RR1,Boys
Clarksburg,2023,4AW,RR1,Boys
Clear Spring,2019,1AW,RR1,Boys
Clear Spring,2022,1AW,RR1,Boys
Clear Spring,2023,1AW,RR1,Boys
Crofton,2021,3AE,RR1,Boys
Crofton,2022,3AE,RR1,Boys
Crofton,2023,4A/3AE,RR1,Boys
Crossland,1992,4A,RU,Boys
Crossland,1977,AA,SF,Boys
Crossland,1978,AA,SF,Boys
Crossland,1995,3A,SF,Boys
Crossland,2018,2AN,RS,Boys
Crossland,2019,2AS,RR1,Boys
Crossland,2021,2A/1AS,RR1,Boys
Crossland,2022,2A/1AS,RR1,Boys
Crossland,2023,2AS,RR1,Boys
Damascus,1981,B,CH,Boys
Damascus,1992,2A,CH,Boys
Damascus,1993,2A,CH,Boys
Damascus,1996,3A,CH,Boys
Damascus,2003,4AW,CH,Boys
Damascus,2005,4AW,CH,Boys
Damascus,2007,3AW,CH,Boys
Damascus,2015,3AW,CH,Boys
Damascus,2016,3AW,CH,Boys
Damascus,2017,2AW,CH,Boys
Damascus,2019,3AW,CH,Boys
Damascus,2022,3AW,CH,Boys
Damascus,1989,2A,RU,Boys
Damascus,1990,2A,RU,Boys
Damascus,2004,4AW,RU,Boys
Damascus,2014,3AW,RU,Boys
Damascus,1999,3A,SF,Boys
Damascus,2002,4A,SF,Boys
Damascus,2010,3AW,SF,Boys
Damascus,1987,B,QF,Boys
Damascus,1998,3A,QF,Boys
Damascus,2000,3A,QF,Boys
Damascus,2001,4A,QF,Boys
Damascus,2011,3AW,RR,Boys
Damascus,2018,2AW,RR,Boys
Damascus,2006,4AW,RS,Boys
Damascus,2008,3AW,RS,Boys
Damascus,2009,3AW,RS,Boys
Damascus,2012,3AW,RS,Boys
Damascus,2013,3AW,RS,Boys
Damascus,2021,3AW,RR2,Boys
Damascus,2023,2AW,RR2,Boys
Stephen Decatur,2023,2AE,CH,Boys
Stephen Decatur,1988,1A,SF,Boys
Stephen Decatur,2004,2AE,SF,Boys
Stephen Decatur,2022,2AE,SF,Boys
Stephen Decatur,2000,2A,QF,Boys
Stephen Decatur,2002,2A,QF,Boys
Stephen Decatur,2021,2AE,QF,Boys
Stephen Decatur,2003,2AE,RR,Boys
Stephen Decatur,2005,2AE,RR,Boys
Stephen Decatur,2008,3AE,RS,Boys
Stephen Decatur,2010,3AE,RS,Boys
Stephen Decatur,2011,3AE,RS,Boys
Stephen Decatur,2013,3AS,RS,Boys
Digital Harbor,2007,1AS,RS,Boys
Digital Harbor,2011,3AN,RS,Boys
Digital Harbor,2019,2AN,RR1,Boys
Digital Harbor,2021,3AS,RR1,Boys
Digital Harbor,2022,3AS,RR1,Boys
Digital Harbor,2023,4A/3AN,RR1,Boys
Frederick Douglass - B,2013,1AS,RU,Boys
Frederick Douglass - B,2014,1AS,RU,Boys
Frederick Douglass - B,2010,2AN,RS,Boys
Frederick Douglass - B,2012,2AN,RS,Boys
Frederick Douglass - B,2018,1AN,RS,Boys
Frederick Douglass - B,2021,1AS,RR2,Boys
Frederick Douglass - B,2022,1AS,RR2,Boys
Frederick Douglass - B,2019,1AN,RR1,Boys
Frederick Douglass - B,2023,1AS,RR1,Boys
Frederick Douglass - PG,2014,2AS,CH,Boys
Frederick Douglass - PG,2021,2AS,CH,Boys
Frederick Douglass - PG,1975,A,RU,Boys
Frederick Douglass - PG,2011,2AS,RU,Boys
Frederick Douglass - PG,2012,2AS,RU,Boys
Frederick Douglass - PG,2018,1AS,RU,Boys
Frederick Douglass - PG,1990,2A,SF,Boys
Frederick Douglass - PG,1991,3A,SF,Boys
Frederick Douglass - PG,1993,3A,SF,Boys
Frederick Douglass - PG,2000,3A,SF,Boys
Frederick Douglass - PG,2004,3AE,SF,Boys
Frederick Douglass - PG,2005,4AS,SF,Boys
Frederick Douglass - PG,2009,2AS,SF,Boys
Frederick Douglass - PG,1992,3A,QF,Boys
Frederick Douglass - PG,1995,3A,QF,Boys
Frederick Douglass - PG,1996,3A,QF,Boys
Frederick Douglass - PG,2019,2AS,QF,Boys
Frederick Douglass - PG,2003,3AE,RR,Boys
Frederick Douglass - PG,2008,2AS,RR,Boys
Frederick Douglass - PG,2017,1AS,RR,Boys
Frederick Douglass - PG,2006,2AS,RS,Boys
Frederick Douglass - PG,2007,2AS,RS,Boys
Frederick Douglass - PG,2010,2AS,RS,Boys
Frederick Douglass - PG,2013,2AS,RS,Boys
Frederick Douglass - PG,2022,2AS,RR2,Boys
Frederick Douglass - PG,2023,2A/1AS,RR2,Boys
x-WEB DuBois,2008,1AS,RR,Boys
x-WEB DuBois,2003,1AS,RS,Boys
x-WEB DuBois,2004,1AS,RS,Boys
x-WEB DuBois,2011,1AS,RS,Boys
x-WEB DuBois,2012,1AS,RS,Boys
x-WEB DuBois,2013,1AS,RS,Boys
Dulaney,1978,AA,SF,Boys
Dulaney,2004,4AN,RS,Boys
Dulaney,2022,4A/3AN,RR2,Boys
Dulaney,2019,4AN,RR1,Boys
Dulaney,2023,4A/3AN,RR1,Boys
Paul Laurence Dunbar,1994,2A,CH,Boys
Paul Laurence Dunbar,1995,3A,CH,Boys
Paul Laurence Dunbar,2004,1AS,CH,Boys
Paul Laurence Dunbar,2006,1AS,CH,Boys
Paul Laurence Dunbar,2007,1AS,CH,Boys
Paul Laurence Dunbar,2008,1AS,CH,Boys
Paul Laurence Dunbar,2010,1AS,CH,Boys
Paul Laurence Dunbar,2011,1AS,CH,Boys
Paul Laurence Dunbar,2012,1AS,CH,Boys
Paul Laurence Dunbar,2017,1AN,CH,Boys
Paul Laurence Dunbar,2021,2A/1AN,CH,Boys
Paul Laurence Dunbar,2022,2A/1AN,CH,Boys
Paul Laurence Dunbar,2023,2A/1AE,CH,Boys
Paul Laurence Dunbar,1997,2A,RU,Boys
Paul Laurence Dunbar,2014,2AN,RU,Boys
Paul Laurence Dunbar,2019,1AN,RU,Boys
Paul Laurence Dunbar,1993,2A,SF,Boys
Paul Laurence Dunbar,1996,3A,SF,Boys
Paul Laurence Dunbar,2003,1AS,SF,Boys
Paul Laurence Dunbar,2005,1AS,SF,Boys
Paul Laurence Dunbar,2009,1AS,SF,Boys
Paul Laurence Dunbar,2015,2AN,SF,Boys
Paul Laurence Dunbar,2016,2AN,SF,Boys
Paul Laurence Dunbar,2018,1AN,SF,Boys
Paul Laurence Dunbar,1999,2A,QF,Boys
Paul Laurence Dunbar,2002,1A,QF,Boys
Paul Laurence Dunbar,2013,2AN,RR,Boys
Dundalk,2015,3AN,RU,Boys
Dundalk,2021,4A/3AN,RU,Boys
Dundalk,2022,4A/3AN,SF,Boys
Dundalk,1990,3A,QF,Boys
Dundalk,2002,3A,QF,Boys
Dundalk,2012,2AN,RR,Boys
Dundalk,2018,3AN,RR,Boys
Dundalk,2003,3AN,RS,Boys
Dundalk,2009,2AN,RS,Boys
Dundalk,2010,2AN,RS,Boys
Dundalk,2011,2AN,RS,Boys
Dundalk,2016,3AN,RS,Boys
Dundalk,2019,3AN,RR2,Boys
Dundalk,2023,4AE,RR2,Boys
DuVal,1988,3A,CH,Boys
DuVal,1989,3A,SF,Boys
DuVal,2014,4AS,SF,Boys
DuVal,2013,4AS,RR,Boys
DuVal,2007,4AS,RS,Boys
DuVal,2012,4AS,RS,Boys
Eastern Technical,2009,2AN,CH,Boys
Eastern Technical,1998,3A,RU,Boys
Eastern Technical,2007,2AN,RU,Boys
Eastern Technical,2008,2AN,RU,Boys
Eastern Technical,2003,2AN,SF,Boys
Eastern Technical,2010,2AN,SF,Boys
Eastern Technical,1997,3A,QF,Boys
Eastern Technical,2000,3A,QF,Boys
Eastern Technical,2001,2A,QF,Boys
Eastern Technical,2004,2AN,RR,Boys
Eastern Technical,2014,2AN,RR,Boys
Eastern Technical,2018,2AN,RR,Boys
Eastern Technical,2005,2AN,RS,Boys
Eastern Technical,2006,2AN,RS,Boys
Eastern Technical,2015,2AN,RS,Boys
Eastern Technical,2019,2AN,RR1,Boys
Eastern Technical,2021,2AN,RR1,Boys
Eastern Technical,2022,2AN,RR1,Boys
Easton,1981,B,SF,Boys
Easton,1986,C,SF,Boys
Easton,1992,1A,SF,Boys
Easton,1993,1A,SF,Boys
Easton,1989,1A,QF,Boys
Easton,1990,1A,QF,Boys
Easton,1991,1A,QF,Boys
Easton,2014,2AE,RR,Boys
Easton,2013,2AE,RS,Boys
Easton,2019,2AE,RR1,Boys
Easton,2021,2AE,RR1,Boys
Easton,2022,2AE,RR1,Boys
Easton,2023,2AE,RR1,Boys
Edgewood,1979,B,SF,Boys
Edgewood,1988,2A,QF,Boys
Edgewood,1989,2A,QF,Boys
Edgewood,1991,2A,QF,Boys
Edgewood,1998,2A,QF,Boys
Edgewood,2017,3AN,RR,Boys
Edgewood,2003,2AE,RS,Boys
Edgewood,2006,3AE,RS,Boys
Edgewood,2018,3AN,RS,Boys
Edgewood,2021,3AN,RR2,Boys
Edgewood,2022,3AN,RR2,Boys
Edgewood,2023,3AN,RR2,Boys
Edgewood,2019,3AN,RR1,Boys
Edmondson-Westside,2006,2AN,CH,Boys
Edmondson-Westside,1999,2A,RU,Boys
Edmondson-Westside,2000,2A,SF,Boys
Edmondson-Westside,2002,2A,SF,Boys
Edmondson-Westside,2011,2AN,SF,Boys
Edmondson-Westside,2012,2AN,SF,Boys
Edmondson-Westside,2016,1AS,SF,Boys
Edmondson-Westside,2021,1AS,SF,Boys
Edmondson-Westside,2019,1AN,QF,Boys
Edmondson-Westside,2007,2AN,RR,Boys
Edmondson-Westside,2008,2AN,RR,Boys
Edmondson-Westside,2013,1AS,RR,Boys
Edmondson-Westside,2014,1AS,RR,Boys
Edmondson-Westside,2015,1AS,RR,Boys
Edmondson-Westside,2004,2AN,RS,Boys
Edmondson-Westside,2017,2AN,RS,Boys
Edmondson-Westside,2018,2AN,RS,Boys
Edmondson-Westside,2022,1AS,RR2,Boys
Albert Einstein,1998,2A,QF,Boys
Albert Einstein,2017,4AW,RS,Boys
Albert Einstein,2019,4AN,RR2,Boys
Albert Einstein,2021,4AN,RR2,Boys
Albert Einstein,2022,4AN,RR2,Boys
Albert Einstein,2023,4A/3AS,RR2,Boys
Elkton,2000,1A,CH,Boys
Elkton,1980,B,RU,Boys
Elkton,2016,2AE,RU,Boys
Elkton,1978,B,SF,Boys
Elkton,1996,1A,SF,Boys
Elkton,1999,1A,SF,Boys
Elkton,2001,1A,SF,Boys
Elkton,2006,1AE,SF,Boys
Elkton,2007,2AE,SF,Boys
Elkton,2012,2AE,SF,Boys
Elkton,2018,2AE,SF,Boys
Elkton,2019,2AE,SF,Boys
Elkton,1992,2A,QF,Boys
Elkton,1994,2A,QF,Boys
Elkton,1997,1A,QF,Boys
Elkton,2002,1A,QF,Boys
Elkton,2021,2A/1AE,QF,Boys
Elkton,2022,2A/1AE,QF,Boys
Elkton,2005,1AE,RR,Boys
Elkton,2015,2AE,RR,Boys
Elkton,2003,1AN,RS,Boys
Elkton,2008,2AE,RS,Boys
Elkton,2017,2AE,RS,Boys
Elkton,2023,2A/1AN,RR2,Boys
Fairmont Heights,1983,A,RU,Boys
Fairmont Heights,1987,B,RU,Boys
Fairmont Heights,1985,A,SF,Boys
Fairmont Heights,1989,2A,QF,Boys
Fairmont Heights,1998,2A,QF,Boys
Fairmont Heights,2019,1AS,QF,Boys
Fairmont Heights,2014,1AN,RS,Boys
Fairmont Heights,2015,1AN,RS,Boys
Fairmont Heights,2016,1AN,RS,Boys
Fairmont Heights,2017,1AS,RS,Boys
Fairmont Heights,2021,2A/1AN,RR2,Boys
Fairmont Heights,2022,2A/1AN,RR2,Boys
Fairmont Heights,2023,2A/1AE,RR1,Boys
Fallston,2023,2A/1AN,QF,Boys
Fallston,2008,3AE,RR,Boys
Fallston,2010,2AE,RR,Boys
Fallston,2013,2AE,RR,Boys
Fallston,2011,2AE,RS,Boys
Fallston,2014,2AE,RS,Boys
Fallston,2019,1AE,RR2,Boys
Fallston,2021,2A/1AE,RR2,Boys
Fallston,2022,2A/1AE,RR1,Boys
Charles H. Flowers,2022,4AS,RU,Boys
Charles H. Flowers,2011,4AS,SF,Boys
Charles H. Flowers,2021,4AS,SF,Boys
Charles H. Flowers,2019,4AS,QF,Boys
Charles H. Flowers,2003,4AS,RR,Boys
Charles H. Flowers,2004,4AS,RR,Boys
Charles H. Flowers,2005,4AS,RR,Boys
Charles H. Flowers,2006,4AS,RR,Boys
Charles H. Flowers,2008,4AS,RR,Boys
Charles H. Flowers,2009,4AS,RR,Boys
Charles H. Flowers,2018,4AS,RR,Boys
Charles H. Flowers,2010,4AS,RS,Boys
Charles H. Flowers,2013,4AS,RS,Boys
Charles H. Flowers,2016,4AS,RS,Boys
Charles H. Flowers,2017,4AS,RS,Boys
Charles H. Flowers,2023,4AS,RR2,Boys
Forest Park,2023,2A/1AE,SF,Boys
Forest Park,1995,2A,QF,Boys
Forest Park,1998,1A,QF,Boys
Forest Park,2000,1A,QF,Boys
Forest Park,2001,1A,QF,Boys
Forest Park,2021,1AS,QF,Boys
Forest Park,2022,1AS,QF,Boys
Forest Park,2019,1AN,RR2,Boys
Forest Park,2009,1AS,RR,Boys
Forest Park,2010,1AS,RR,Boys
Forest Park,2012,1AS,RR,Boys
Forest Park,2004,1AS,RS,Boys
Forest Park,2005,1AS,RS,Boys
Forest Park,2006,1AS,RS,Boys
Forest Park,2015,1AS,RS,Boys
Forest Park,2017,2AN,RS,Boys
x-Forestville,1999,1A,CH,Boys
x-Forestville,1988,2A,RU,Boys
x-Forestville,1998,1A,RU,Boys
x-Forestville,2000,1A,RU,Boys
x-Forestville,1986,2A,SF,Boys
x-Forestville,2015,1AN,SF,Boys
x-Forestville,1987,2A,QF,Boys
x-Forestville,1997,1A,QF,Boys
x-Forestville,2006,1AS,RR,Boys
x-Forestville,2007,1AS,RS,Boys
x-Forestville,2008,1AS,RS,Boys
x-Forestville,2009,1AS,RS,Boys
x-Forestville,2010,1AS,RS,Boys
x-Forestville,2012,1AS,RS,Boys
x-Forestville,2013,1AN,RS,Boys
x-Forestville,2014,1AN,RS,Boys
Fort Hill,1975,A,CH,Boys
Fort Hill,1997,2A,CH,Boys
Fort Hill,2013,1AW,CH,Boys
Fort Hill,2014,1AW,CH,Boys
Fort Hill,2015,,,Boys
Benjamin Franklin,2021,1AS,RR1,Boys
Benjamin Franklin,2022,1AS,RR1,Boys
Benjamin Franklin,2023,1AS,RR1,Boys
Franklin,2013,3AN,CH,Boys
Franklin,2014,3AN,CH,Boys
Franklin,2018,3AN,CH,Boys
Franklin,1978,A,RU,Boys
Franklin,2010,3AN,RU,Boys
Franklin,2016,3AN,RU,Boys
Franklin,2006,3AN,SF,Boys
Franklin,1985,A,QF,Boys
Franklin,1986,A,QF,Boys
Franklin,1987,A,QF,Boys
Franklin,1988,3A,QF,Boys
Franklin,1994,3A,QF,Boys
Franklin,2019,3AN,QF,Boys
Franklin,2021,3AN,QF,Boys
Franklin,2022,3AN,QF,Boys
Franklin,2023,3AN,QF,Boys
Franklin,2009,3AN,RR,Boys
Franklin,2012,3AN,RR,Boys
Franklin,2015,3AN,RR,Boys
Franklin,2007,3AN,RS,Boys
Franklin,2008,3AN,RS,Boys
Franklin,2011,3AN,RS,Boys
Franklin,2017,3AN,RS,Boys
Frederick,1985,A,RU,Boys
Frederick,2021,3AW,SF,Boys
Frederick,1986,A,QF,Boys
Frederick,1987,A,QF,Boys
Frederick,2023,4A/3AW,QF,Boys
Frederick,2004,3AW,RR,Boys
Frederick,2022,3AW,RR2,Boys
Frederick,2019,3AW,RR1,Boys
Friendly,1974,A,CH,Boys
Friendly,1978,A,CH,Boys
Friendly,1983,AA,CH,Boys
Friendly,1998,3A,CH,Boys
Friendly,2006,3AS,CH,Boys
Friendly,1977,A,RU,Boys
Friendly,1981,AA,RU,Boys
Friendly,1980,AA,SF,Boys
Friendly,1988,4A,SF,Boys
Friendly,1997,3A,SF,Boys
Friendly,1987,AA,QF,Boys
Friendly,1989,4A,QF,Boys
Friendly,1992,4A,QF,Boys
Friendly,2004,2AS,RR,Boys
Friendly,2010,3AS,RR,Boys
Friendly,2003,2AS,RS,Boys
Friendly,2005,3AS,RS,Boys
Friendly,2008,3AS,RS,Boys
Friendly,2012,3AS,RS,Boys
Friendly,2019,1AS,RR1,Boys
Friendly,2021,2A/1AS,RR1,Boys
Friendly,2022,2A/1AS,RR1,Boys
Friendly,2023,2A/1AS,RR1,Boys
,,,,Boys
x-Friendship Academy of Engineering & Technology (FAET),2015,1AS,SF,Boys
x-Friendship Academy of Engineering & Technology (FAET),2013,1AN,RS,Boys
x-Friendship Academy of Engineering & Technology (FAET),2014,1AN,RS,Boys
x-Friendship Academy of Engineering & Technology (FAET),2016,1AS,RS,Boys
Gaithersburg,1986,AA,CH,Boys
Gaithersburg,1992,4A,CH,Boys
Gaithersburg,2000,4A,CH,Boys
Gaithersburg,1989,4A,RU,Boys
Gaithersburg,1995,4A,RU,Boys
Gaithersburg,1999,4A,RU,Boys
Gaithersburg,2001,4A,SF,Boys
Gaithersburg,2002,4A,SF,Boys
Gaithersburg,2010,4AW,SF,Boys
Gaithersburg,1997,4A,QF,Boys
Gaithersburg,1998,4A,QF,Boys
Gaithersburg,2003,4AW,RR,Boys
Gaithersburg,2005,4AW,RS,Boys
Gaithersburg,2006,4AW,RS,Boys
Gaithersburg,2011,4AW,RS,Boys
Gaithersburg,2013,4AW,RS,Boys
Gaithersburg,2022,4AW,RR2,Boys
Gaithersburg,2023,4AW,RR2,Boys
Gaithersburg,2019,4AW,RR1,Boys
Gaithersburg,2021,4AW,RR1,Boys
Glen Burnie,2022,4AE,RR2,Boys
Glen Burnie,2023,4AE,RR2,Boys
Glen Burnie,2021,4AE,RR1,Boys
Glenelg,2018,2AS,RU,Boys
Glenelg,1977,B,SF,Boys
Glenelg,2000,1A,SF,Boys
Glenelg,2014,3AE,SF,Boys
Glenelg,2016,3AE,SF,Boys
Glenelg,2017,2AE,SF,Boys
Glenelg,1985,B,QF,Boys
Glenelg,1992,2A,QF,Boys
Glenelg,2001,2A,QF,Boys
Glenelg,2002,2A,QF,Boys
Glenelg,2021,2AW,QF,Boys
Glenelg,2003,2AS,RR,Boys
Glenelg,2011,2AS,RR,Boys
Glenelg,2015,3AE,RR,Boys
Glenelg,2004,2AS,RS,Boys
Glenelg,2005,2AS,RS,Boys
Glenelg,2006,2AS,RS,Boys
Glenelg,2009,2AS,RS,Boys
Glenelg,2013,3AE,RS,Boys
Glenelg,2019,2AW,RR2,Boys
Glenelg,2023,2AW,RR2,Boys
Glenelg,2022,2AW,RR1,Boys
Great Mills,1981,B,RU,Boys
Great Mills,1989,3A,QF,Boys
Great Mills,2023,4A/3AE,RR2,Boys
Great Mills,2021,4A/3AE,RR1,Boys
Great Mills,2022,4A/3AE,RR1,Boys
Green Street Academy,2022,1AE,RR2,Boys
Green Street Academy,2023,1AS,RR2,Boys
Gwynn Park,2005,3AS,CH,Boys
Gwynn Park,2000,2A,RU,Boys
Gwynn Park,2017,2AN,RU,Boys
Gwynn Park,1992,3A,SF,Boys
Gwynn Park,2003,3AE,SF,Boys
Gwynn Park,1996,3A,QF,Boys
Gwynn Park,2001,3A,QF,Boys
Gwynn Park,2002,3A,QF,Boys
Gwynn Park,2021,2A/1AS,QF,Boys
Gwynn Park,2004,3AE,RR,Boys
Gwynn Park,2006,3AS,RR,Boys
Gwynn Park,2009,2AS,RR,Boys
Gwynn Park,2012,2AS,RR,Boys
Gwynn Park,2013,2AS,RR,Boys
Gwynn Park,2015,2AS,RR,Boys
Gwynn Park,2008,2AS,RS,Boys
Gwynn Park,2011,2AS,RS,Boys
Gwynn Park,2016,2AS,RS,Boys
Gwynn Park,2019,1AS,RR2,Boys
Gwynn Park,2023,2AS,RR2,Boys
Gwynn Park,2022,2A/1AS,RR1,Boys
Hammond,1985,B,QF,Boys
Hammond,2010,2AS,RR,Boys
Hammond,2013,2AS,RS,Boys
Hammond,2019,3AE,RR1,Boys
Hammond,2021,2AW,RR1,Boys
Hammond,2022,2AW,RR1,Boys
Hammond,2023,2AW,RR1,Boys
Hancock,1986,C,QF,Boys
Hancock,2003,1AW,RS,Boys
Hancock,2004,1AW,RS,Boys
Hancock,2013,1AW,RS,Boys
Harford Technical,2023,2A/1AN,QF,Boys
Harford Technical,2017,2AE,SF,Boys
Harford Technical,2021,2A/1AE,SF,Boys
Harford Technical,2022,2A/1AE,SF,Boys
Harford Technical,2019,2AE,RR2,Boys
Harford Technical,2018,2AE,RS,Boys
Havre de Grace,1978,C,CH,Boys
Havre de Grace,1981,C,CH,Boys
Havre de Grace,1986,C,CH,Boys
Havre de Grace,1985,C,RU,Boys
Havre de Grace,1987,C,RU,Boys
Havre de Grace,1988,1A,RU,Boys
Havre de Grace,2010,1AE,RU,Boys
Havre de Grace,2015,1AE,RU,Boys
Havre de Grace,2016,1AN,RU,Boys
Havre de Grace,1979,C,SF,Boys
Havre de Grace,1984,C,SF,Boys
Havre de Grace,1995,1A,SF,Boys
Havre de Grace,2006,1AN,SF,Boys
Havre de Grace,2017,1AE,SF,Boys
Havre de Grace,2018,1AE,SF,Boys
Havre de Grace,1992,1A,QF,Boys
Havre de Grace,2002,1A,QF,Boys
Havre de Grace,2023,1AN,QF,Boys
Havre de Grace,2003,1AN,RR,Boys
Havre de Grace,2008,1AE,RR,Boys
Havre de Grace,2009,1AE,RR,Boys
Havre de Grace,2007,1AE,RS,Boys
Havre de Grace,2011,1AE,RS,Boys
Havre de Grace,2014,1AE,RS,Boys
Havre de Grace,2021,1AN,RR2,Boys
Havre de Grace,2019,1AE,RR1,Boys
Havre de Grace,2022,1AN,RR1,Boys
Hereford,1997,1A,CH,Boys
Hereford,2001,2A,CH,Boys
Hereford,2002,2A,CH,Boys
Hereford,2004,2AN,RU,Boys
Hereford,2007,3AN,RU,Boys
Hereford,1996,1A,SF,Boys
Hereford,1998,1A,SF,Boys
Hereford,1999,2A,SF,Boys
Hereford,2000,2A,SF,Boys
Hereford,2008,3AN,SF,Boys
Hereford,2009,3AN,SF,Boys
Hereford,2022,2AN,QF,Boys
Hereford,2003,2AN,RR,Boys
Hereford,2006,2AN,RR,Boys
Hereford,2016,2AN,RR,Boys
Hereford,2017,2AN,RR,Boys
Hereford,2010,3AN,RS,Boys
Hereford,2012,3AN,RS,Boys
Hereford,2014,2AN,RS,Boys
Hereford,2015,2AN,RS,Boys
Hereford,2019,2AN,RR2,Boys
Hereford,2021,2AN,RR2,Boys
Hereford,2023,2AN,RR2,Boys
x-Charles Hickey,1995,1A,QF,Boys
x-Charles Hickey,1996,1A,QF,Boys
x-Charles Hickey,1999,1A,QF,Boys
High Point,1983,AA,RU,Boys
High Point,1991,4A,RU,Boys
High Point,1985,AA,SF,Boys
High Point,1997,4A,SF,Boys
High Point,1986,AA,QF,Boys
High Point,1990,4A,QF,Boys
High Point,1994,4A,QF,Boys
High Point,2021,4AN,RR1,Boys
High Point,2022,4AN,RR1,Boys
High Point,2023,4AN,RR1,Boys
Howard,1974,B,CH,Boys
Howard,1975,B,RU,Boys
Howard,2015,4AN,RU,Boys
Howard,1999,2A,SF,Boys
Howard,2014,4AN,SF,Boys
Howard,2016,4AN,SF,Boys
Howard,2017,4AN,SF,Boys
Howard,1993,3A,QF,Boys
Howard,2007,3AE,RS,Boys
Howard,2008,3AE,RS,Boys
Howard,2011,3AE,RS,Boys
Howard,2013,4AN,RS,Boys
Howard,2018,4AN,RS,Boys
Howard,2021,4A/3AW,RR2,Boys
Howard,2022,4A/3AW,RR2,Boys
Howard,2023,4A/3AE,RR1,Boys
Huntingtown,2009,3AS,RU,Boys
Huntingtown,2012,3AS,RU,Boys
Huntingtown,2023,2AS,RU,Boys
Huntingtown,2010,3AS,SF,Boys
Huntingtown,2011,3AS,SF,Boys
Huntingtown,2013,3AS,SF,Boys
Huntingtown,2018,3AS,SF,Boys
Huntingtown,2019,3AS,SF,Boys
Huntingtown,2021,2AS,SF,Boys
Huntingtown,2022,2AS,QF,Boys
Huntingtown,2007,3AS,RS,Boys
Huntingtown,2008,3AS,RS,Boys
Huntingtown,2014,3AS,RS,Boys
Governor Thomas Johnson,1982,A,CH,Boys
Governor Thomas Johnson,1997,3A,RU,Boys
Governor Thomas Johnson,2011,3AW,RU,Boys
Governor Thomas Johnson,1994,3A,SF,Boys
Governor Thomas Johnson,1996,3A,SF,Boys
Governor Thomas Johnson,2007,4AN,SF,Boys
Governor Thomas Johnson,2009,4AN,SF,Boys
Governor Thomas Johnson,1993,3A,QF,Boys
Governor Thomas Johnson,1995,3A,QF,Boys
Governor Thomas Johnson,2006,4AN,RS,Boys
Governor Thomas Johnson,2008,4AN,RS,Boys
Governor Thomas Johnson,2010,4AN,RS,Boys
Governor Thomas Johnson,2021,4A/3AW,RR1,Boys
Governor Thomas Johnson,2022,4A/3AW,RR1,Boys
Governor Thomas Johnson,2023,4A/3AW,RR1,Boys
Walter Johnson,2023,4AN,QF,Boys
Walter Johnson,2019,4AW,RR2,Boys
Walter Johnson,2021,4AW,RR2,Boys
Walter Johnson,2022,4AW,RR1,Boys
Joppatowne,1975,C,CH,Boys
Joppatowne,2003,1AN,CH,Boys
Joppatowne,1974,C,RU,Boys
Joppatowne,1976,C,RU,Boys
Joppatowne,2001,2A,RU,Boys
Joppatowne,2004,1AN,RU,Boys
Joppatowne,2009,1AE,RU,Boys
Joppatowne,1991,1A,SF,Boys
Joppatowne,1993,1A,SF,Boys
Joppatowne,2005,2AE,SF,Boys
Joppatowne,2007,1AE,SF,Boys
Joppatowne,2008,1AE,SF,Boys
Joppatowne,2022,1AN,SF,Boys
Joppatowne,1989,1A,QF,Boys
Joppatowne,1990,1A,QF,Boys
Joppatowne,1992,1A,QF,Boys
Joppatowne,1994,1A,QF,Boys
Joppatowne,2021,1AN,QF,Boys
Joppatowne,2006,2AE,RS,Boys
Joppatowne,2019,1AE,RR2,Boys
Joppatowne,2023,1AN,RR1,Boys
John F. Kennedy,1977,B,CH,Boys
John F. Kennedy,1984,A,CH,Boys
John F. Kennedy,1992,3A,QF,Boys
John F. Kennedy,2006,3AW,RR,Boys
John F. Kennedy,2007,3AW,RS,Boys
John F. Kennedy,2021,4A/3AS,RR1,Boys
John F. Kennedy,2022,4A/3AS,RR1,Boys
John F. Kennedy,2023,4A/3AS,RR1,Boys
Kent County,1989,1A,CH,Boys
Kent County,1990,1A,CH,Boys
Kent County,1996,1A,RU,Boys
Kent County,1987,C,SF,Boys
Kent County,1995,1A,SF,Boys
Kent County,2016,1AE,SF,Boys
Kent County,1985,C,QF,Boys
Kent County,1986,C,QF,Boys
Kent County,1988,1A,QF,Boys
Kent County,1993,1A,QF,Boys
Kent County,1994,1A,QF,Boys
Kent County,2014,1AE,RR,Boys
Kent County,2013,1AE,RS,Boys
Kent County,2015,1AE,RS,Boys
Kent County,2023,1AE,RR2,Boys
Kent County,2019,1AE,RR1,Boys
Kent County,2021,1AE,RR1,Boys
Kent Island,2022,2AE,RU,Boys
Kent Island,2011,2AE,SF,Boys
Kent Island,2013,2AE,SF,Boys
Kent Island,2014,2AE,SF,Boys
Kent Island,2021,2AE,QF,Boys
Kent Island,2023,2AE,QF,Boys
Kent Island,2008,2AE,RR,Boys
Kent Island,2009,2AE,RR,Boys
Kent Island,2012,2AE,RR,Boys
Kent Island,2017,2AE,RR,Boys
Kent Island,2010,2AE,RS,Boys
Kent Island,2015,2AE,RS,Boys
Kent Island,2016,2AE,RS,Boys
Kent Island,2019,2AE,RR1,Boys
Kenwood,1975,AA,SF,Boys
Kenwood,1992,3A,QF,Boys
Kenwood,2021,4A/3AN,RR2,Boys
Kenwood,2023,4A/3AN,RR2,Boys
Kenwood,2019,3AN,RR1,Boys
Kenwood,2022,4A/3AN,RR1,Boys
Francis Scott Key,1976,B,SF,Boys
Francis Scott Key,2000,2A,QF,Boys
Francis Scott Key,2021,2A/1AW,QF,Boys
Francis Scott Key,2004,2AW,RR,Boys
Francis Scott Key,2005,2AW,RS,Boys
Francis Scott Key,2006,2AW,RS,Boys
Francis Scott Key,2019,1AN,RR1,Boys
Francis Scott Key,2022,2A/1AW,RR1,Boys
Francis Scott Key,2023,2A/1AW,RR1,Boys
La Plata,1993,3A,QF,Boys
La Plata,1994,3A,QF,Boys
La Plata,2021,2AS,RR2,Boys
La Plata,2019,2AS,RR1,Boys
La Plata,2022,2AS,RR1,Boys
La Plata,2023,2AS,RR1,Boys
Henry E. Lackey,1986,B,CH,Boys
Henry E. Lackey,2003,3AS,RU,Boys
Henry E. Lackey,2004,3AS,RU,Boys
Henry E. Lackey,2007,3AS,SF,Boys
Henry E. Lackey,2017,1AS,SF,Boys
Henry E. Lackey,2021,2A/1AS,SF,Boys
Henry E. Lackey,1987,A,QF,Boys
Henry E. Lackey,1989,3A,QF,Boys
Henry E. Lackey,1993,2A,QF,Boys
Henry E. Lackey,2005,3AS,RR,Boys
Henry E. Lackey,2008,3AS,RR,Boys
Henry E. Lackey,2013,3AS,RR,Boys
Henry E. Lackey,2006,3AS,RS,Boys
Henry E. Lackey,2009,3AS,RS,Boys
Henry E. Lackey,2016,2AS,RS,Boys
Henry E. Lackey,2018,1AS,RS,Boys
Henry E. Lackey,2022,2A/1AS,RR2,Boys
Henry E. Lackey,2023,2A/1AS,RR2,Boys
Henry E. Lackey,2019,2AS,RR1,Boys
Lake Clifton,1996,4A,SF,Boys
Lake Clifton,1997,4A,QF,Boys
Lake Clifton,1999,4A,QF,Boys
Lake Clifton,2000,4A,QF,Boys
Lake Clifton,2022,1AS,QF,Boys
Lake Clifton,2023,1AS,QF,Boys
Lake Clifton,2003,4AN,RS,Boys
Lake Clifton,2005,3AN,RS,Boys
Lake Clifton,2009,2AN,RS,Boys
Lake Clifton,2011,2AN,RS,Boys
Lake Clifton,2014,1AS,RS,Boys
Lake Clifton,2018,1AN,RS,Boys
Lake Clifton,2019,1AN,RR2,Boys
Lake Clifton,2021,1AS,RR1,Boys
Lansdowne,2021,2AN,RR1,Boys
Lansdowne,2022,2AN,RR1,Boys
Lansdowne,2023,3AE,RR1,Boys
Largo,1976,A,CH,Boys
Largo,1994,4A,RU,Boys
Largo,1991,4A,SF,Boys
Largo,1992,4A,QF,Boys
Largo,1995,4A,QF,Boys
Largo,2021,2A/1AN,QF,Boys
Largo,2022,2A/1AN,QF,Boys
Largo,2018,1AS,RS,Boys
Largo,2019,1AS,RR1,Boys
Largo,2023,2A/1AS,RR1,Boys
Laurel,1987,A,CH,Boys
Laurel,1990,3A,QF,Boys
Laurel,1992,4A,QF,Boys
Laurel,2021,4AN,RR2,Boys
Laurel,2022,4AN,RR2,Boys
Laurel,2019,4AS,RR1,Boys
Laurel,2023,4AN,RR1,Boys
Leonardtown,2023,4A/3AE,QF,Boys
Leonardtown,2022,4A/3AE,RR2,Boys
Leonardtown,2021,4A/3AE,RR1,Boys
Reginald Lewis,2016,1AS,RR,Boys
Reginald Lewis,2017,1AN,RR,Boys
Reginald Lewis,2018,1AN,RR,Boys
Reginald Lewis,2008,1AS,RS,Boys
Reginald Lewis,2011,1AN,RS,Boys
Reginald Lewis,2012,1AS,RS,Boys
Reginald Lewis,2023,1AS,RR2,Boys
Reginald Lewis,2019,1AN,RR1,Boys
Reginald Lewis,2021,1AS,RR1,Boys
Liberty,2019,2AW,QF,Boys
Liberty,2014,2AW,RR,Boys
Liberty,2007,2AW,RS,Boys
Liberty,2008,2AW,RS,Boys
Liberty,2016,2AW,RS,Boys
Liberty,2017,2AW,RS,Boys
Liberty,2018,2AW,RS,Boys
Liberty,2022,2A/1AW,RR2,Boys
Liberty,2023,2A/1AW,RR2,Boys
Liberty,2021,2A/1AW,RR1,Boys
Linganore,1989,3A,CH,Boys
Linganore,1991,3A,CH,Boys
Linganore,1995,2A,CH,Boys
Linganore,2003,3AW,CH,Boys
Linganore,2009,3AW,CH,Boys
Linganore,2017,3AW,CH,Boys
Linganore,1987,A,RU,Boys
Linganore,1992,3A,RU,Boys
Linganore,2002,3A,RU,Boys
Linganore,2008,4AN,RU,Boys
Linganore,2013,3AW,RU,Boys
Linganore,2018,3AW,RU,Boys
Linganore,2019,3AW,RU,Boys
Linganore,2021,3AW,RU,Boys
Linganore,2023,3AW,RU,Boys
Linganore,1980,C,SF,Boys
Linganore,1986,B,QF,Boys
Linganore,2014,3AW,RR,Boys
Linganore,2005,3AW,RS,Boys
Linganore,2006,3AW,RS,Boys
Linganore,2007,4AN,RS,Boys
Linganore,2010,3AW,RS,Boys
Linganore,2011,3AW,RS,Boys
Linganore,2015,3AW,RS,Boys
Linganore,2016,3AW,RS,Boys
Linganore,2022,3AW,RR2,Boys
Loch Raven,1981,A,RU,Boys
Loch Raven,1974,A,SF,Boys
Loch Raven,1977,A,SF,Boys
Loch Raven,1979,A,SF,Boys
Loch Raven,1984,A,SF,Boys
Loch Raven,2003,1AN,RS,Boys
Loch Raven,2005,2AN,RS,Boys
Loch Raven,2019,1AS,RR2,Boys
Loch Raven,2021,1AN,RR1,Boys
Loch Raven,2023,1AN,RR1,Boys
Long Reach,2017,3AE,SF,Boys
Long Reach,1997,2A,QF,Boys
Long Reach,2022,3AE,QF,Boys
Long Reach,2004,3AE,RS,Boys
Long Reach,2005,3AE,RS,Boys
Long Reach,2016,3AE,RS,Boys
Long Reach,2018,3AE,RS,Boys
Long Reach,2021,3AE,RR2,Boys
Long Reach,2019,3AE,RR1,Boys
Long Reach,2023,4A/3AE,RR1,Boys
Col. Zadok Magruder,1984,B,CH,Boys
Col. Zadok Magruder,1986,A,CH,Boys
Col. Zadok Magruder,1989,3A,RU,Boys
Col. Zadok Magruder,1988,3A,SF,Boys
Col. Zadok Magruder,2007,4AW,RS,Boys
Col. Zadok Magruder,2015,3AS,RS,Boys
Col. Zadok Magruder,202,,,Boys
Manchester Valley,2012,1AN,RR,Boys
Manchester Valley,2015,1AN,RR,Boys
Manchester Valley,2013,1AW,RS,Boys
Manchester Valley,2019,3AE,RR2,Boys
Manchester Valley,2021,3AN,RR2,Boys
Manchester Valley,2023,3AW,RR2,Boys
Manchester Valley,2022,3AN,RR1,Boys
Marriotts Ridge,2014,2AS,RS,Boys
Marriotts Ridge,2015,2AW,RS,Boys
Marriotts Ridge,2019,3AE,RR2,Boys
Marriotts Ridge,2022,3AS,RR2,Boys
Marriotts Ridge,2021,3AS,RR1,Boys
Marriotts Ridge,2023,3AE,RR1,Boys
McDonough,1983,A,CH,Boys
McDonough,1985,A,CH,Boys
McDonough,1990,3A,CH,Boys
McDonough,2010,2AS,CH,Boys
McDonough,1991,3A,RU,Boys
McDonough,2006,2AS,RU,Boys
McDonough,1986,A,SF,Boys
McDonough,1988,3A,QF,Boys
McDonough,2004,3AS,RS,Boys
McDonough,2005,2AS,RS,Boys
McDonough,2007,2AS,RS,Boys
McDonough,2009,2AS,RS,Boys
McDonough,2012,2AS,RS,Boys
McDonough,2016,1AN,RS,Boys
McDonough,2022,2A/1AS,RR2,Boys
McDonough,2021,2A/1AS,RR1,Boys
McDonough,2023,2A/1AS,RR1,Boys
Meade,1977,A,SF,Boys
Meade,1982,AA,SF,Boys
Meade,1986,AA,SF,Boys
Meade,1995,4A,SF,Boys
Meade,2001,4A,SF,Boys
Meade,2012,4AE,SF,Boys
Meade,2013,4AE,SF,Boys
Meade,1987,AA,QF,Boys
Meade,1996,4A,QF,Boys
Meade,2017,4AE,RS,Boys
Meade,2019,4AE,RR2,Boys
Meade,2022,4AE,RR2,Boys
Meade,2021,4AE,RR1,Boys
Meade,2023,4AE,RR1,Boys
Mergenthaler Vocational-Technical,2021,4A/3AN,CH,Boys
Mergenthaler Vocational-Technical,2023,4A/3AN,CH,Boys
Mergenthaler Vocational-Technical,2018,4AN,SF,Boys
Mergenthaler Vocational-Technical,2019,3AN,SF,Boys
Mergenthaler Vocational-Technical,2000,4A,QF,Boys
Mergenthaler Vocational-Technical,2016,4AN,RR,Boys
Mergenthaler Vocational-Technical,2006,3AN,RS,Boys
Mergenthaler Vocational-Technical,2007,3AN,RS,Boys
Mergenthaler Vocational-Technical,2008,3AN,RS,Boys
Mergenthaler Vocational-Technical,2014,4AN,RS,Boys
Mergenthaler Vocational-Technical,2015,4AN,RS,Boys
Mergenthaler Vocational-Technical,2022,4A/3AN,RR2,Boys
Middletown,2011,2AW,CH,Boys
Middletown,2012,2AW,CH,Boys
Middletown,2013,2AW,CH,Boys
Middletown,2019,2AW,CH,Boys
Middletown,1981,C,RU,Boys
Middletown,1991,2A,RU,Boys
Middletown,2002,2A,RU,Boys
Middletown,2010,2AW,RU,Boys
Middletown,1996,2A,SF,Boys
Middletown,1997,2A,SF,Boys
Middletown,1998,2A,SF,Boys
Middletown,2001,2A,SF,Boys
Middletown,2006,2AW,SF,Boys
Middletown,2009,2AW,SF,Boys
Middletown,2022,2AW,SF,Boys
Middletown,1985,B,QF,Boys
Middletown,1986,B,QF,Boys
Middletown,1988,2A,QF,Boys
Middletown,1995,2A,QF,Boys
Middletown,1999,2A,QF,Boys
Middletown,2023,2A/1AW,QF,Boys
Middletown,2005,2AW,RR,Boys
Middletown,2007,2AW,RR,Boys
Middletown,2008,2AW,RR,Boys
Middletown,2016,2AW,RR,Boys
Middletown,2021,2AW,RR2,Boys
Milford Mill Academy,1987,C,CH,Boys
Milford Mill Academy,2022,2AN,CH,Boys
Milford Mill Academy,1983,B,RU,Boys
Milford Mill Academy,2017,3AN,RU,Boys
Milford Mill Academy,2021,2AN,RU,Boys
Milford Mill Academy,1985,B,SF,Boys
Milford Mill Academy,1989,1A,SF,Boys
Milford Mill Academy,1991,1A,SF,Boys
Milford Mill Academy,2005,3AN,SF,Boys
Milford Mill Academy,2012,3AN,SF,Boys
Milford Mill Academy,2023,2AN,SF,Boys
Milford Mill Academy,1988,1A,QF,Boys
Milford Mill Academy,1993,1A,QF,Boys
Milford Mill Academy,1995,2A,QF,Boys
Milford Mill Academy,1997,3A,QF,Boys
Milford Mill Academy,1999,3A,QF,Boys
Milford Mill Academy,2019,2AN,QF,Boys
Milford Mill Academy,2008,3AN,RR,Boys
Milford Mill Academy,2013,3AN,RR,Boys
Milford Mill Academy,2016,3AN,RR,Boys
Milford Mill Academy,2004,3AN,RS,Boys
Milford Mill Academy,2014,3AN,RS,Boys
Milford Mill Academy,2018,3AN,RS,Boys
Richard Montgomery,1981,A,CH,Boys
Richard Montgomery,2001,3A,SF,Boys
Richard Montgomery,1985,A,QF,Boys
Richard Montgomery,2016,4AW,RR,Boys
Richard Montgomery,2004,4AW,RS,Boys
Richard Montgomery,2005,4AW,RS,Boys
Richard Montgomery,2015,4AW,RS,Boys
Richard Montgomery,2017,4AW,RS,Boys
Richard Montgomery,2018,4AW,RS,Boys
Richard Montgomery,2019,4AW,RR2,Boys
Richard Montgomery,2021,4AW,RR1,Boys
Richard Montgomery,2022,4AW,RR1,Boys
Richard Montgomery,2023,4AW,RR1,Boys
Mount Hebron,1982,C,RU,Boys
Mount Hebron,1980,C,SF,Boys
Mount Hebron,2023,3AE,QF,Boys
Mount Hebron,2003,3AE,RS,Boys
Mount Hebron,2012,3AE,RS,Boys
Mount Hebron,2021,4A/3AW,RR2,Boys
Mount Hebron,2022,4A/3AW,RR2,Boys
Mountain Ridge,2021,1AW,RU,Boys
Mountain Ridge,2022,1AW,RU,Boys
Mountain Ridge,2023,1AW,RU,Boys
Mountain Ridge,2010,1AW,RR,Boys
Mountain Ridge,2011,1AW,RS,Boys
National Academy Foundation,2015,1AS,RS,Boys
National Academy Foundation,2016,1AS,RS,Boys
National Academy Foundation,2021,1AS,RR1,Boys
New Era Academy,2021,1AS,RR2,Boys
New Town,2012,1AS,RU,Boys
New Town,2018,2AN,SF,Boys
New Town,2019,2AN,SF,Boys
New Town,2006,1AN,RR,Boys
New Town,2008,1AN,RS,Boys
New Town,2009,1AN,RS,Boys
New Town,2010,1AN,RS,Boys
New Town,2011,1AN,RS,Boys
New Town,2021,2AN,RR2,Boys
New Town,2022,2AN,RR2,Boys
New Town,2023,2AN,RR2,Boys
North Caroline,2015,2AE,SF,Boys
North Caroline,2019,2AE,QF,Boys
North Caroline,2016,2AE,RR,Boys
North Caroline,2018,2AE,RR,Boys
North Caroline,2003,1AE,RS,Boys
North Caroline,2004,1AE,RS,Boys
North Caroline,2005,2AE,RS,Boys
North Caroline,2009,2AE,RS,Boys
North Caroline,2017,2AE,RS,Boys
North Caroline,2021,2AE,RR2,Boys
North Caroline,2022,2AE,RR2,Boys
North Caroline,2023,2AE,RR2,Boys
x-North Carroll,1978,C,SF,Boys
x-North Carroll,2013,1AW,RR,Boys
x-North Carroll,2014,1AW,RR,Boys
x-North Carroll,2007,4AN,RS,Boys
x-North Carroll,2015,1AN,RS,Boys
North County,1994,4A,CH,Boys
North County,1992,4A,SF,Boys
North County,1991,4A,QF,Boys
North County,1993,4A,QF,Boys
North County,1996,4A,QF,Boys
North County,2005,4AE,RS,Boys
North County,2007,4AE,RS,Boys
North County,2008,4AE,RS,Boys
North County,2021,4AE,RR2,Boys
North County,2019,4AE,RR1,Boys
North County,2022,4AE,RR1,Boys
North County,2023,4AE,RR1,Boys
Northeast - AA,1981,A,SF,Boys
Northeast - AA,2018,3AE,RS,Boys
Northeast - AA,2022,2AS,RR2,Boys
Northeast - AA,2023,3AS,RR2,Boys
Northeast - AA,2019,3AS,RR1,Boys
Northeast - AA,2021,2AS,RR1,Boys
North East - Cecil,1986,B,SF,Boys
North East - Cecil,2002,1A,SF,Boys
North East - Cecil,2019,2AE,RR1,Boys
North East - Cecil,2021,2A/1AE,RR1,Boys
North East - Cecil,2022,2A/1AE,RR1,Boys
North East - Cecil,2023,2A/1AN,RR1,Boys
North Hagerstown,1990,3A,QF,Boys
North Hagerstown,2003,2AW,RR,Boys
North Hagerstown,2006,2AW,RR,Boys
North Hagerstown,2004,2AW,RS,Boys
North Hagerstown,2012,3AW,RS,Boys
North Hagerstown,2021,3AW,RR1,Boys
North Hagerstown,2022,3AW,RR1,Boys
North Hagerstown,2023,3AW,RR1,Boys
North Harford,2007,3AE,RR,Boys
North Harford,2010,3AN,RR,Boys
North Harford,2011,3AN,RR,Boys
North Harford,2005,3AE,RS,Boys
North Harford,2006,3AE,RS,Boys
North Harford,2009,3AN,RS,Boys
North Harford,2012,3AN,RS,Boys
North Harford,2016,3AN,RS,Boys
North Harford,2021,2AE,RR1,Boys
North Harford,2022,2AE,RR1,Boys
North Harford,2023,2AN,RR1,Boys
North Point,2022,4A/3AE,CH,Boys
North Point,2018,4AE,RU,Boys
North Point,2023,4A/3AE,RU,Boys
North Point,2017,4AE,SF,Boys
North Point,2019,3AS,QF,Boys
North Point,2021,4A/3AE,QF,Boys
North Point,2011,4AE,RR,Boys
North Point,2008,2AS,RS,Boys
North Point,2009,4AE,RS,Boys
North Point,2010,4AE,RS,Boys
North Point,2014,4AE,RS,Boys
North Point,2015,4AE,RS,Boys
North Point,2016,4AE,RS,Boys
Northern - Calvert,2021,3AE,CH,Boys
Northern - Calvert,1988,3A,SF,Boys
Northern - Calvert,1989,3A,SF,Boys
Northern - Calvert,1990,3A,SF,Boys
Northern - Calvert,2023,3AS,SF,Boys
Northern - Calvert,2017,3AS,RR,Boys
Northern - Calvert,2018,3AS,RR,Boys
Northern - Calvert,2003,3AS,RS,Boys
Northern - Calvert,2022,3AE,RR2,Boys
Northern - Calvert,2019,3AS,RR1,Boys
Northern - Garrett,1982,C,SF,Boys
Northern - Garrett,1992,1A,SF,Boys
Northern - Garrett,2000,1A,SF,Boys
Northern - Garrett,1990,1A,QF,Boys
Northern - Garrett,1991,1A,QF,Boys
Northern - Garrett,1999,1A,QF,Boys
Northern - Garrett,2004,1AW,RS,Boys
Northern - Garrett,2010,1AW,RS,Boys
Northern - Garrett,2014,1AW,RS,Boys
Northern - Garrett,2015,1AW,RS,Boys
Northern - Garrett,2016,1AW,RS,Boys
Northern - Garrett,2021,1AW,RR2,Boys
Northern - Garrett,2022,1AW,RR2,Boys
Northern - Garrett,2023,1AW,RR2,Boys
Northern - Garrett,2019,1AW,RR1,Boys
Northwest,2004,3AW,CH,Boys
Northwest,2013,4AW,CH,Boys
Northwest,2014,4AW,CH,Boys
Northwest,2019,4AW,RU,Boys
Northwest,2002,3A,SF,Boys
Northwest,2006,4AW,SF,Boys
Northwest,2015,4AW,SF,Boys
Northwest,2021,4AW,SF,Boys
Northwest,1999,2A,QF,Boys
Northwest,2000,2A,QF,Boys
Northwest,2023,4AN,QF,Boys
Northwest,2012,4AW,RR,Boys
Northwest,2017,4AW,RR,Boys
Northwest,2018,4AW,RR,Boys
Northwest,2003,3AW,RS,Boys
Northwest,2008,4AW,RS,Boys
Northwest,2016,4AW,RS,Boys
Northwest,2022,4AW,RR2,Boys
Northwestern - PG,1998,4A,SF,Boys
Northwestern - PG,2003,4AS,RS,Boys
Northwestern - PG,2019,4AS,RR1,Boys
Northwestern - PG,2021,4AS,RR1,Boys
Northwestern - PG,2022,4AS,RR1,Boys
Northwestern - PG,2023,4AN,RR1,Boys
Northwood,1974,A,RU,Boys
Northwood,1982,A,RU,Boys
Northwood,1975,A,SF,Boys
Northwood,2022,4A/3AS,RR1,Boys
Northwood,2023,4A/3AS,RR1,Boys
Oakdale,2018,2AW,CH,Boys
Oakdale,2023,3AW,CH,Boys
Oakdale,2022,3AW,RU,Boys
Oakdale,2016,3AW,RR,Boys
Oakdale,2014,2AW,RS,Boys
Oakdale,2015,3AW,RS,Boys
Oakdale,2017,2AW,RS,Boys
Oakdale,2021,3AW,RR2,Boys
Oakdale,2019,2AW,RR1,Boys
Oakland Mills,1998,1A,CH,Boys
Oakland Mills,1982,B,RU,Boys
Oakland Mills,2001,1A,RU,Boys
Oakland Mills,1978,B,SF,Boys
Oakland Mills,1983,B,SF,Boys
Oakland Mills,1984,B,SF,Boys
Oakland Mills,1990,3A,SF,Boys
Oakland Mills,2021,2AW,SF,Boys
Oakland Mills,1991,2A,QF,Boys
Oakland Mills,1994,2A,QF,Boys
Oakland Mills,1995,2A,QF,Boys
Oakland Mills,2000,1A,QF,Boys
Oakland Mills,2002,1A,QF,Boys
Oakland Mills,2023,3AE,QF,Boys
Oakland Mills,2003,1AS,RS,Boys
Oakland Mills,2014,2AS,RS,Boys
Oakland Mills,2015,2AW,RS,Boys
Oakland Mills,2018,2AS,RS,Boys
Oakland Mills,2022,2AW,RR2,Boys
Oakland Mills,2019,2AW,RR1,Boys
Old Mill,2009,4AE,CH,Boys
Old Mill,2011,4AE,CH,Boys
Old Mill,2014,4AE,RU,Boys
Old Mill,2005,4AE,SF,Boys
Old Mill,2019,4AE,SF,Boys
Old Mill,1990,4A,QF,Boys
Old Mill,1991,4A,QF,Boys
Old Mill,1999,4A,QF,Boys
Old Mill,2000,4A,QF,Boys
Old Mill,2001,4A,QF,Boys
Old Mill,2002,4A,QF,Boys
Old Mill,2021,4AE,QF,Boys
Old Mill,2022,4AE,QF,Boys
Old Mill,2023,4AE,QF,Boys
Old Mill,2004,4AE,RR,Boys
Old Mill,2006,4AE,RR,Boys
Old Mill,2012,4AE,RR,Boys
Old Mill,2015,4AE,RR,Boys
Old Mill,2003,4AE,RS,Boys
Old Mill,2007,4AE,RS,Boys
Old Mill,2008,4AE,RS,Boys
Old Mill,2010,4AE,RS,Boys
Old Mill,2013,4AE,RS,Boys
Old Mill,2016,4AE,RS,Boys
Overlea,1988,3A,RU,Boys
Overlea,1983,A,SF,Boys
Overlea,1987,A,SF,Boys
Overlea,1989,2A,SF,Boys
Overlea,1991,2A,SF,Boys
Overlea,1992,2A,SF,Boys
Overlea,2011,1AN,SF,Boys
Overlea,1986,A,QF,Boys
Overlea,1990,2A,QF,Boys
Overlea,1993,2A,QF,Boys
Overlea,2005,2AN,RR,Boys
Overlea,2006,2AN,RS,Boys
Overlea,2012,1AS,RS,Boys
Overlea,2014,2AN,RS,Boys
Overlea,2016,2AN,RS,Boys
Overlea,2017,1AN,RS,Boys
Overlea,2019,2AN,RR1,Boys
Overlea,2021,2AN,RR1,Boys
Overlea,2022,2AN,RR1,Boys
Overlea,2023,3AN,RR1,Boys
Owings Mills,1990,1A,SF,Boys
Owings Mills,1986,C,QF,Boys
Owings Mills,1987,C,QF,Boys
Owings Mills,1997,2A,QF,Boys
Owings Mills,2021,2AN,QF,Boys
Owings Mills,2023,2AN,QF,Boys
Owings Mills,2012,2AN,RS,Boys
Owings Mills,2019,2AN,RR2,Boys
Owings Mills,2022,2AN,RR2,Boys
Oxon Hill,1982,AA,CH,Boys
Oxon Hill,1984,AA,SF,Boys
Oxon Hill,1986,AA,SF,Boys
Oxon Hill,1989,4A,SF,Boys
Oxon Hill,1990,4A,SF,Boys
Oxon Hill,1991,4A,SF,Boys
Oxon Hill,1993,4A,SF,Boys
Oxon Hill,2017,3AS,SF,Boys
Oxon Hill,1985,AA,QF,Boys
Oxon Hill,1987,AA,QF,Boys
Oxon Hill,1988,4A,QF,Boys
Oxon Hill,1996,4A,QF,Boys
Oxon Hill,2016,3AS,RR,Boys
Oxon Hill,2004,4AS,RS,Boys
Oxon Hill,2007,4AS,RS,Boys
Oxon Hill,2019,3AS,RR2,Boys
Oxon Hill,2023,3AE,RR2,Boys
Oxon Hill,2021,3AE,RR1,Boys
Oxon Hill,2022,3AE,RR1,Boys
Paint Branch,1975,B,CH,Boys
Paint Branch,1974,B,RU,Boys
Paint Branch,2013,4AN,SF,Boys
Paint Branch,1989,3A,QF,Boys
Paint Branch,1991,4A,QF,Boys
Paint Branch,1998,4A,QF,Boys
Paint Branch,2000,3A,QF,Boys
Paint Branch,2019,4AN,QF,Boys
Paint Branch,2021,4AN,QF,Boys
Paint Branch,2022,4AN,QF,Boys
Paint Branch,2009,4AW,RR,Boys
Paint Branch,2014,4AN,RR,Boys
Paint Branch,2017,4AN,RR,Boys
Paint Branch,2018,4AN,RR,Boys
Paint Branch,2011,4AN,RS,Boys
Paint Branch,2023,4AN,RR2,Boys
Parkdale,1974,AA,CH,Boys
Parkdale,2002,4A,CH,Boys
Parkdale,1975,AA,RU,Boys
Parkdale,1989,4A,QF,Boys
Parkdale,2000,4A,QF,Boys
Parkdale,2007,4AS,RR,Boys
Parkdale,2019,4AS,RR1,Boys
Parkdale,2021,4AS,RR1,Boys
Parkdale,2022,4AS,RR1,Boys
Parkdale,2023,4AS,RR1,Boys
Parkside,2007,2AE,RR,Boys
Parkside,2008,2AE,RS,Boys
Parkside,2018,2AE,RS,Boys
Parkside,2019,2AE,RR2,Boys
Parkside,2022,2A/1AE,RR2,Boys
Parkside,2021,2A/1AE,RR1,Boys
Parkside,2023,2AE,RR1,Boys
Parkville,2019,4AN,QF,Boys
Parkville,2004,4AN,RS,Boys
Parkville,2005,4AN,RS,Boys
Parkville,2006,4AN,RS,Boys
Parkville,2021,4AE,RR2,Boys
Parkville,2022,4AE,RR1,Boys
Parkville,2023,4AE,RR1,Boys
Patapsco,2003,3AN,RS,Boys
Patapsco,2021,3AN,RR1,Boys
Patapsco,2022,3AN,RR1,Boys
Patapsco,2023,2AN,RR1,Boys
Patterson,1994,4A,SF,Boys
Patterson,1999,4A,SF,Boys
Patterson,2004,4AN,SF,Boys
Patterson,2013,2AN,SF,Boys
Patterson,1993,4A,QF,Boys
Patterson,1995,4A,QF,Boys
Patterson,1996,4A,QF,Boys
Patterson,1998,4A,QF,Boys
Patterson,2001,4A,QF,Boys
Patterson,2003,4AN,RR,Boys
Patterson,2009,4AN,RR,Boys
Patterson,2010,4AN,RR,Boys
Patterson,2015,2AN,RR,Boys
Patterson,2005,4AN,RS,Boys
Patterson,2019,2AN,RR1,Boys
Patterson,2021,2AN,RR1,Boys
Patterson,2022,2AN,RR1,Boys
Patterson,2023,3AN,RR1,Boys
Patterson Mill,2010,1AE,RS,Boys
Patterson Mill,2011,2AE,RS,Boys
Patterson Mill,2022,1AN,RR2,Boys
Patterson Mill,2023,1AN,RR2,Boys
Patterson Mill,2019,1AE,RR1,Boys
Patterson Mill,2021,1AN,RR1,Boys
Patuxent,2015,2AS,CH,Boys
Patuxent,2001,3A,RU,Boys
Patuxent,2013,2AS,RU,Boys
Patuxent,2022,2A/1AS,RU,Boys
Patuxent,2023,2A/1AS,SF,Boys
Patuxent,2006,2AS,RR,Boys
Patuxent,2007,2AS,RR,Boys
Patuxent,2014,2AS,RR,Boys
Patuxent,2016,2AS,RR,Boys
Patuxent,2004,4AE,RS,Boys
Patuxent,2011,2AS,RS,Boys
Patuxent,2012,2AS,RS,Boys
Patuxent,2019,2AS,RR2,Boys
Patuxent,2021,2A/1AS,RR2,Boys
Perry Hall,1974,AA,RU,Boys
Perry Hall,1993,4A,SF,Boys
Perry Hall,2023,4A/3AN,SF,Boys
Perry Hall,1989,4A,QF,Boys
Perry Hall,1992,4A,QF,Boys
Perry Hall,2022,4A/3AN,QF,Boys
Perry Hall,2004,4AN,RR,Boys
Perry Hall,2005,4AN,RR,Boys
Perry Hall,2006,4AN,RR,Boys
Perry Hall,2007,4AN,RR,Boys
Perry Hall,2008,4AN,RR,Boys
Perry Hall,2013,4AN,RR,Boys
Perry Hall,2003,4AN,RS,Boys
Perry Hall,2010,4AN,RS,Boys
Perry Hall,2011,4AN,RS,Boys
Perry Hall,2014,4AN,RS,Boys
Perry Hall,2017,4AN,RS,Boys
Perry Hall,2021,4A/3AN,RR2,Boys
Perryville,2011,1AE,RU,Boys
Perryville,2012,1AE,SF,Boys
Perryville,2021,1AE,SF,Boys
Perryville,2023,1AE,SF,Boys
Perryville,1991,1A,QF,Boys
Perryville,1996,1A,QF,Boys
Perryville,2019,1AE,QF,Boys
Perryville,2022,1AE,QF,Boys
Perryville,2013,1AE,RR,Boys
Perryville,2004,1AN,RS,Boys
Perryville,2016,1AE,RS,Boys
Perryville,2018,1AE,RS,Boys
Pikesville,1999,1A,QF,Boys
Pikesville,2008,1AN,RR,Boys
Pikesville,2009,1AN,RR,Boys
Pikesville,2005,1AN,RS,Boys
Pikesville,2021,1AN,RR2,Boys
Pikesville,2019,1AS,RR1,Boys
Pikesville,2023,1AN,RR1,Boys
y-Pocomoke,1975,C,SF,Boys
Baltimore Polytechnic Institute,1993,3A,RU,Boys
Baltimore Polytechnic Institute,1997,2A,SF,Boys
Baltimore Polytechnic Institute,1994,3A,QF,Boys
Baltimore Polytechnic Institute,1998,2A,QF,Boys
Baltimore Polytechnic Institute,2011,4AN,RR,Boys
Baltimore Polytechnic Institute,2003,2AN,RS,Boys
Baltimore Polytechnic Institute,2004,2AN,RS,Boys
Baltimore Polytechnic Institute,2007,2AN,RS,Boys
Baltimore Polytechnic Institute,2008,2AN,RS,Boys
Baltimore Polytechnic Institute,2009,3AN,RS,Boys
Baltimore Polytechnic Institute,2021,3AS,RR2,Boys
Baltimore Polytechnic Institute,2023,3AN,RR1,Boys
Poolesville,1983,C,RU,Boys
Poolesville,1974,C,SF,Boys
Poolesville,1989,1A,SF,Boys
Poolesville,1985,C,QF,Boys
Poolesville,1988,1A,QF,Boys
Poolesville,1996,1A,QF,Boys
Poolesville,1997,1A,QF,Boys
Poolesville,2003,1AS,RR,Boys
Poolesville,2004,1AS,RR,Boys
Poolesville,2005,1AS,RR,Boys
Poolesville,2012,2AW,RS,Boys
Poolesville,2013,2AW,RS,Boys
Poolesville,2014,2AW,RS,Boys
Poolesville,2022,2AW,RR2,Boys
Poolesville,2021,2AW,RR1,Boys
Poolesville,2023,2AW,RR1,Boys
Potomac,2004,2AS,CH,Boys
Potomac,2005,2AS,CH,Boys
Potomac,1995,2A,RU,Boys
Potomac,2003,2AS,RU,Boys
Potomac,2019,2AS,RU,Boys
Potomac,2015,3AS,SF,Boys
Potomac,2016,3AS,SF,Boys
Potomac,1993,2A,QF,Boys
Potomac,1994,2A,QF,Boys
Potomac,1996,2A,QF,Boys
Potomac,2001,2A,QF,Boys
Potomac,2022,2AS,QF,Boys
Potomac,2023,2AS,QF,Boys
Potomac,2014,3AS,RR,Boys
Potomac,2009,3AS,RS,Boys
Potomac,2011,3AS,RS,Boys
Potomac,2012,3AS,RS,Boys
Potomac,2017,3AS,RS,Boys
Potomac,2018,3AS,RS,Boys
Potomac,2021,2AS,RR2,Boys
Queen Annes,2009,2AE,RU,Boys
Queen Annes,2004,1AE,SF,Boys
Queen Annes,2008,2AE,SF,Boys
Queen Annes,2010,2AE,SF,Boys
Queen Annes,1985,A,QF,Boys
Queen Annes,1999,2A,QF,Boys
Queen Annes,2005,2AE,RS,Boys
Queen Annes,2006,2AE,RS,Boys
Queen Annes,2007,2AE,RS,Boys
Queen Annes,2012,2AE,RS,Boys
Queen Annes,2013,2AE,RS,Boys
Queen Annes,2014,2AE,RS,Boys
Queen Annes,2015,2AE,RS,Boys
Queen Annes,2016,2AE,RS,Boys
Queen Annes,2023,2AE,RR2,Boys
Queen Annes,2021,2AE,RR1,Boys
Queen Annes,2022,2AE,RR1,Boys
Quince Orchard,1991,4A,CH,Boys
Quince Orchard,2007,4AW,CH,Boys
Quince Orchard,2018,4AW,CH,Boys
Quince Orchard,2021,4AW,CH,Boys
Quince Orchard,2022,4AW,CH,Boys
Quince Orchard,2011,4AW,RU,Boys
Quince Orchard,2012,4AW,RU,Boys
Quince Orchard,2016,4AW,RU,Boys
Quince Orchard,2017,4AW,RU,Boys
Quince Orchard,2019,4AW,SF,Boys
Quince Orchard,1993,4A,QF,Boys
Quince Orchard,2005,4AW,RR,Boys
Quince Orchard,2006,4AW,RR,Boys
Quince Orchard,2008,4AW,RR,Boys
Quince Orchard,2009,3AW,RR,Boys
Quince Orchard,2010,3AW,RR,Boys
Quince Orchard,2013,4AW,RR,Boys
Quince Orchard,2014,4AW,RR,Boys
Quince Orchard,2015,4AW,RR,Boys
Quince Orchard,2004,4AW,RS,Boys
Quince Orchard,2023,4AW,RR2,Boys
Randallstown,1984,AA,CH,Boys
Randallstown,1990,4A,CH,Boys
Randallstown,1979,AA,RU,Boys
Randallstown,1980,AA,RU,Boys
Randallstown,1975,A,SF,Boys
Randallstown,1976,A,SF,Boys
Randallstown,1988,4A,SF,Boys
Randallstown,1989,4A,SF,Boys
Randallstown,1998,2A,SF,Boys
Randallstown,1999,3A,SF,Boys
Randallstown,2003,3AN,SF,Boys
Randallstown,1994,3A,QF,Boys
Randallstown,1995,3A,QF,Boys
Randallstown,1997,2A,QF,Boys
Randallstown,2000,3A,QF,Boys
Randallstown,2001,3A,QF,Boys
Randallstown,2019,1AS,QF,Boys
Randallstown,2004,3AN,RR,Boys
Randallstown,2013,2AN,RS,Boys
Randallstown,2016,2AN,RS,Boys
Randallstown,2023,2A/1AE,RR2,Boys
Reservoir,2015,3AE,SF,Boys
Reservoir,2013,3AE,RR,Boys
Reservoir,2012,3AE,RS,Boys
Reservoir,2014,3AE,RS,Boys
Reservoir,2023,4A/3AE,RR2,Boys
Reservoir,2021,4A/3AW,RR1,Boys
Reservoir,2022,4A/3AW,RR1,Boys
Colonel Richardson,2021,1AE,QF,Boys
Colonel Richardson,2004,1AE,RS,Boys
Colonel Richardson,2017,1AE,RS,Boys
Colonel Richardson,2018,1AE,RS,Boys
Colonel Richardson,2022,1AE,RR2,Boys
Colonel Richardson,2019,1AE,RR1,Boys
Colonel Richardson,2023,1AE,RR1,Boys
Rising Sun,1977,C,SF,Boys
Rising Sun,1981,C,SF,Boys
Rising Sun,1990,1A,SF,Boys
Rising Sun,2001,1A,QF,Boys
Rising Sun,2006,1AE,RR,Boys
Rising Sun,2004,2AE,RS,Boys
Rising Sun,2005,1AE,RS,Boys
Rising Sun,2022,2A/1AE,RR2,Boys
Rising Sun,2019,2AE,RR1,Boys
Rising Sun,2021,2A/1AE,RR1,Boys
Rising Sun,2023,2A/1AN,RR1,Boys
River Hill,2007,2AS,CH,Boys
River Hill,2008,2AS,CH,Boys
River Hill,2011,3AE,CH,Boys
River Hill,2012,3AE,CH,Boys
River Hill,2006,3AE,RU,Boys
River Hill,2005,3AE,SF,Boys
River Hill,2009,3AE,SF,Boys
River Hill,2013,3AE,SF,Boys
River Hill,2022,3AS,SF,Boys
River Hill,2010,3AE,RR,Boys
River Hill,2014,3AE,RR,Boys
River Hill,2016,3AE,RR,Boys
River Hill,2018,2AS,RR,Boys
River Hill,2003,3AE,RS,Boys
River Hill,2004,3AE,RS,Boys
River Hill,2017,2AS,RS,Boys
River Hill,2021,3AS,RR2,Boys
River Hill,2019,3AE,RR1,Boys
River Hill,2023,3AE,RR1,Boys
Rockville,1997,2A,QF,Boys
Rockville,2007,2AW,RS,Boys
Rockville,2009,2AW,RS,Boys
Rockville,2010,2AW,RS,Boys
Rockville,2016,3AS,RS,Boys
Rockville,2019,3AW,RR2,Boys
Rockville,2021,3AW,RR1,Boys
Rockville,2022,3AW,RR1,Boys
Rockville,2023,3AW,RR1,Boys
Eleanor Roosevelt,1999,4A,CH,Boys
Eleanor Roosevelt,1996,4A,RU,Boys
Eleanor Roosevelt,2001,4A,RU,Boys
Eleanor Roosevelt,2000,4A,SF,Boys
Eleanor Roosevelt,2003,4AS,SF,Boys
Eleanor Roosevelt,2023,4AS,SF,Boys
Eleanor Roosevelt,1995,4A,QF,Boys
Eleanor Roosevelt,2010,4AS,RR,Boys
Eleanor Roosevelt,2014,4AS,RR,Boys
Eleanor Roosevelt,2015,4AS,RR,Boys
Eleanor Roosevelt,2016,4AS,RR,Boys
Eleanor Roosevelt,2017,4AS,RR,Boys
Eleanor Roosevelt,2004,4AS,RS,Boys
Eleanor Roosevelt,2005,4AS,RS,Boys
Eleanor Roosevelt,2006,4AS,RS,Boys
Eleanor Roosevelt,2008,4AS,RS,Boys
Eleanor Roosevelt,2009,4AS,RS,Boys
Eleanor Roosevelt,2011,4AS,RS,Boys
Eleanor Roosevelt,2012,4AS,RS,Boys
Eleanor Roosevelt,2018,4AS,RS,Boys
Eleanor Roosevelt,2021,4AS,RR2,Boys
Eleanor Roosevelt,2022,4AS,RR2,Boys
Eleanor Roosevelt,2019,4AS,RR1,Boys
Saint Charles,2022,3AE,SF,Boys
Saint Charles,2018,3AS,RS,Boys
Saint Charles,2019,3AS,RR2,Boys
Saint Charles,2021,3AE,RR2,Boys
Saint Charles,2023,3AS,RR1,Boys
SEED School,2023,1AS,QF,Boys
SEED School,2022,1AN,RR2,Boys
Seneca Valley,1976,B,CH,Boys
Seneca Valley,1977,A,CH,Boys
Seneca Valley,1979,A,CH,Boys
Seneca Valley,1980,A,CH,Boys
Seneca Valley,1987,AA,CH,Boys
Seneca Valley,1992,3A,CH,Boys
Seneca Valley,1993,3A,CH,Boys
Seneca Valley,1994,3A,CH,Boys
Seneca Valley,1997,3A,CH,Boys
Seneca Valley,1998,4A,CH,Boys
Seneca Valley,1999,4A,CH,Boys
Seneca Valley,2002,3A,CH,Boys
Seneca Valley,1985,AA,SF,Boys
Seneca Valley,1991,3A,SF,Boys
Seneca Valley,1995,4A,SF,Boys
Seneca Valley,1996,4A,SF,Boys
Seneca Valley,2001,3A,SF,Boys
Seneca Valley,2008,3AW,SF,Boys
Seneca Valley,1986,AA,QF,Boys
Seneca Valley,1990,4A,QF,Boys
Seneca Valley,2021,4A/3AW,QF,Boys
Seneca Valley,2022,4A/3AW,QF,Boys
Seneca Valley,2005,3AW,RR,Boys
Seneca Valley,2007,3AW,RR,Boys
Seneca Valley,2015,3AW,RR,Boys
Seneca Valley,2003,3AW,RS,Boys
Seneca Valley,2004,3AW,RS,Boys
Seneca Valley,2006,3AW,RS,Boys
Seneca Valley,2010,3AW,RS,Boys
Seneca Valley,2011,3AW,RS,Boys
Seneca Valley,2012,3AW,RS,Boys
Seneca Valley,2019,2AW,RR1,Boys
Seneca Valley,2023,4AW,RR1,Boys
Severna Park,1974,AA,SF,Boys
Severna Park,1987,AA,SF,Boys
Severna Park,1999,4A,SF,Boys
Severna Park,1988,4A,QF,Boys
Severna Park,1990,4A,QF,Boys
Severna Park,1994,4A,QF,Boys
Severna Park,2005,3AE,RR,Boys
Severna Park,2006,3AE,RR,Boys
Severna Park,2008,4AE,RR,Boys
Severna Park,2003,3AS,RS,Boys
Severna Park,2004,3AS,RS,Boys
Severna Park,2021,4A/3AE,RR2,Boys
Severna Park,2019,4AE,RR1,Boys
Severna Park,2022,4A/3AE,RR1,Boys
Severna Park,2023,4A/3AE,RR1,Boys
Sherwood,1995,4A,CH,Boys
Sherwood,1996,4A,CH,Boys
Sherwood,2008,4AW,CH,Boys
Sherwood,1979,B,RU,Boys
Sherwood,2000,4A,RU,Boys
Sherwood,2002,4A,RU,Boys
Sherwood,2005,4AN,RU,Boys
Sherwood,2006,4AN,RU,Boys
Sherwood,1980,B,SF,Boys
Sherwood,1997,4A,SF,Boys
Sherwood,1998,4A,SF,Boys
Sherwood,2009,4AW,SF,Boys
Sherwood,2021,4A/3AS,SF,Boys
Sherwood,1986,A,QF,Boys
Sherwood,1994,4A,QF,Boys
Sherwood,2022,4A/3AS,QF,Boys
Sherwood,2007,4AW,RR,Boys
Sherwood,2010,4AW,RR,Boys
Sherwood,2012,4AN,RR,Boys
Sherwood,2013,4AN,RR,Boys
Sherwood,2015,4AN,RR,Boys
Sherwood,2016,4AN,RS,Boys
Sherwood,2017,4AN,RS,Boys
Sherwood,2018,4AN,RS,Boys
Sherwood,2019,4AN,RR2,Boys
Sherwood,2023,3AW,RR2,Boys
Smithsburg,1976,C,CH,Boys
Smithsburg,1979,C,CH,Boys
Smithsburg,1984,C,CH,Boys
Smithsburg,1988,1A,CH,Boys
Smithsburg,1994,1A,CH,Boys
Smithsburg,1975,C,RU,Boys
Smithsburg,1989,1A,RU,Boys
Smithsburg,1990,1A,RU,Boys
Smithsburg,1991,1A,RU,Boys
Smithsburg,1974,B,SF,Boys
Smithsburg,1977,C,SF,Boys
Smithsburg,1978,C,SF,Boys
Smithsburg,1985,C,SF,Boys
Smithsburg,1987,C,SF,Boys
Smithsburg,1992,1A,QF,Boys
Smithsburg,1993,1A,QF,Boys
Smithsburg,2004,1AW,RR,Boys
Smithsburg,2003,1AW,RS,Boys
Smithsburg,2007,1AW,RS,Boys
Smithsburg,2008,1AW,RS,Boys
Smithsburg,2009,1AW,RS,Boys
Smithsburg,2010,1AW,RS,Boys
Smithsburg,2021,1AW,RR1,Boys
Smithsburg,2023,1AW,RR1,Boys
Snow Hill,1980,C,CH,Boys
Snow Hill,1982,C,CH,Boys
Snow Hill,1977,C,RU,Boys
Snow Hill,1978,C,RU,Boys
Snow Hill,2005,1AE,RU,Boys
Snow Hill,1974,C,SF,Boys
Snow Hill,1976,C,SF,Boys
Snow Hill,1979,C,SF,Boys
Snow Hill,1994,1A,SF,Boys
Snow Hill,1987,C,QF,Boys
Snow Hill,1997,1A,QF,Boys
Snow Hill,2001,1A,QF,Boys
Snow Hill,2003,1AE,RR,Boys
Snow Hill,2004,1AE,RR,Boys
Snow Hill,2007,1AE,RR,Boys
Snow Hill,2006,1AE,RS,Boys
Snow Hill,2009,1AE,RS,Boys
Snow Hill,2011,1AE,RS,Boys
Snow Hill,2012,1AE,RS,Boys
Snow Hill,2021,1AE,RR1,Boys
Snow Hill,2023,1AE,RR1,Boys
South Carroll,2005,2AW,RU,Boys
South Carroll,2021,2A/1AW,RU,Boys
South Carroll,1980,A,SF,Boys
South Carroll,1983,A,SF,Boys
South Carroll,2003,2AW,SF,Boys
South Carroll,2007,1AN,SF,Boys
South Carroll,2014,2AW,SF,Boys
South Carroll,1988,3A,QF,Boys
South Carroll,2022,2A/1AW,QF,Boys
South Carroll,2009,2AW,RR,Boys
South Carroll,2010,2AW,RR,Boys
South Carroll,2013,2AW,RR,Boys
South Carroll,2015,2AW,RR,Boys
South Carroll,2011,2AW,RS,Boys
South Carroll,2012,2AW,RS,Boys
South Carroll,2023,2A/1AW,RR1,Boys
South Hagerstown,2002,1A,SF,Boys
South Hagerstown,2013,3AW,RS,Boys
South Hagerstown,2014,3AW,RS,Boys
South Hagerstown,2018,3AW,RS,Boys
South Hagerstown,2019,3AW,RR2,Boys
South Hagerstown,2021,3AW,RR1,Boys
South Hagerstown,2022,3AW,RR1,Boys
South Hagerstown,2023,3AW,RR1,Boys
South River,1984,A,RU,Boys
South River,1982,A,SF,Boys
South River,1986,A,SF,Boys
South River,1985,A,QF,Boys
South River,1991,3A,QF,Boys
South River,2018,4AE,RR,Boys
South River,2006,4AE,RS,Boys
South River,2011,4AE,RS,Boys
South River,2012,4AE,RS,Boys
South River,2019,4AW,RR2,Boys
South River,2021,4A/3AE,RR2,Boys
South River,2022,4A/3AE,RR1,Boys
South River,2023,3AS,RR1,Boys
Southern - AA,1993,2A,RU,Boys
Southern - AA,2006,2AE,SF,Boys
Southern - AA,2002,2A,QF,Boys
Southern - AA,2003,2AS,RS,Boys
Southern - AA,2004,2AS,RS,Boys
Southern - AA,2010,2AS,RS,Boys
Southern - AA,2021,2A/1AS,RR1,Boys
Southern - AA,2022,2A/1AS,RR1,Boys
Southern - AA,2023,2A/1AS,RR1,Boys
Southern - Garrett,1979,C,RU,Boys
Southern - Garrett,1980,C,RU,Boys
Southern - Garrett,1995,1A,RU,Boys
Southern - Garrett,1983,C,SF,Boys
Southern - Garrett,1984,C,SF,Boys
Southern - Garrett,1987,B,SF,Boys
Southern - Garrett,1988,2A,SF,Boys
Southern - Garrett,1994,1A,QF,Boys
Southern - Garrett,2001,1A,QF,Boys
Southern - Garrett,2017,1AW,RS,Boys
Southern - Garrett,2018,1AW,RS,Boys
Southern - Garrett,2019,1AW,RR1,Boys
Southern - Garrett,2021,1AW,RR1,Boys
Southside Academy,2006,1AS,RS,Boys
Southside Academy,2010,1AS,RS,Boys
Southside Academy,2011,1AS,RS,Boys
Sparrows Point,1976,B,SF,Boys
Sparrows Point,1981,B,SF,Boys
Sparrows Point,1987,C,QF,Boys
Sparrows Point,1988,1A,QF,Boys
Sparrows Point,1989,1A,QF,Boys
Sparrows Point,2004,1AN,RR,Boys
Sparrows Point,2013,1AN,RR,Boys
Sparrows Point,2006,1AN,RS,Boys
Sparrows Point,2007,1AN,RS,Boys
Sparrows Point,2009,1AN,RS,Boys
Sparrows Point,2010,1AN,RS,Boys
Sparrows Point,2021,2A/1AN,RR2,Boys
Sparrows Point,2022,2A/1AN,RR2,Boys
Sparrows Point,2023,2A/1AN,RR2,Boys
Springbrook,1979,AA,CH,Boys
Springbrook,1980,AA,CH,Boys
Springbrook,1981,AA,CH,Boys
Springbrook,1985,AA,CH,Boys
Springbrook,1988,4A,CH,Boys
Springbrook,1989,4A,CH,Boys
Springbrook,1986,AA,RU,Boys
Springbrook,1987,AA,RU,Boys
Springbrook,1990,4A,SF,Boys
Springbrook,1994,4A,SF,Boys
Springbrook,2003,4AW,RS,Boys
Springbrook,2009,4AW,RS,Boys
Springbrook,2010,4AW,RS,Boys
Springbrook,2021,4A/3AS,RR2,Boys
Springbrook,2022,4A/3AS,RR2,Boys
Springbrook,2023,4A/3AS,RR1,Boys
Thomas Stone,1980,A,RU,Boys
Thomas Stone,1999,3A,RU,Boys
Thomas Stone,1981,A,SF,Boys
Thomas Stone,1982,A,SF,Boys
Thomas Stone,2014,3AS,SF,Boys
Thomas Stone,1987,A,QF,Boys
Thomas Stone,1992,3A,QF,Boys
Thomas Stone,1996,3A,QF,Boys
Thomas Stone,2003,4AE,RR,Boys
Thomas Stone,2017,2AS,RR,Boys
Thomas Stone,2005,4AE,RS,Boys
Thomas Stone,2015,2AS,RS,Boys
Thomas Stone,2021,2AS,RR1,Boys
Thomas Stone,2022,2AS,RR1,Boys
Thomas Stone,2023,2AS,RR1,Boys
Suitland,2004,4AS,CH,Boys
Suitland,2006,4AS,CH,Boys
Suitland,1997,4A,RU,Boys
Suitland,1998,4A,RU,Boys
Suitland,2013,4AS,RU,Boys
Suitland,2007,4AS,SF,Boys
Suitland,1999,4A,QF,Boys
Suitland,2002,4A,QF,Boys
Suitland,2023,4A/3AS,QF,Boys
Suitland,2011,4AS,RR,Boys
Suitland,2012,4AS,RR,Boys
Suitland,2003,4AS,RS,Boys
Suitland,2005,4AS,RS,Boys
Suitland,2008,4AS,RS,Boys
Suitland,2009,4AS,RS,Boys
Suitland,2010,4AS,RS,Boys
Suitland,2014,4AS,RS,Boys
Suitland,2017,4AS,RS,Boys
Suitland,2018,4AS,RS,Boys
Suitland,2019,4AS,RR2,Boys
Suitland,2021,4AS,RR1,Boys
Suitland,2022,4AS,RR1,Boys
Surrattsville,2013,1AN,SF,Boys
Surrattsville,2014,1AN,SF,Boys
Surrattsville,2007,1AS,RR,Boys
Surrattsville,2011,1AS,RR,Boys
Surrattsville,2016,1AN,RR,Boys
Surrattsville,2017,1AS,RS,Boys
Surrattsville,2021,1AE,RR2,Boys
Surrattsville,2019,1AS,RR1,Boys
Surrattsville,2023,1AS,RR1,Boys
Towson,2006,3AN,RS,Boys
Towson,2019,3AN,RR2,Boys
Towson,2023,4A/3AN,RR2,Boys
Towson,2021,3AN,RR1,Boys
Towson,2022,3AN,RR1,Boys
Tuscarora,2008,3AW,RS,Boys
Tuscarora,2009,3AW,RS,Boys
Tuscarora,2016,3AW,RS,Boys
Tuscarora,2021,4A/3AW,RR1,Boys
Tuscarora,2022,4A/3AW,RR1,Boys
Tuscarora,2023,4A/3AW,RR1,Boys
Urbana,1998,2A,CH,Boys
Urbana,1999,2A,CH,Boys
Urbana,2000,2A,CH,Boys
Urbana,2001,3A,CH,Boys
Urbana,2010,4AN,CH,Boys
Urbana,2006,3AW,SF,Boys
Urbana,2012,3AW,SF,Boys
Urbana,2022,4A/3AW,SF,Boys
Urbana,2021,4A/3AW,QF,Boys
Urbana,2023,4A/3AW,QF,Boys
Urbana,2003,3AW,RR,Boys
Urbana,2008,3AW,RR,Boys
Urbana,2013,3AW,RR,Boys
Urbana,2004,3AW,RS,Boys
Urbana,2005,3AW,RS,Boys
Urbana,2007,3AW,RS,Boys
Urbana,2009,4AN,RS,Boys
Urbana,2014,3AW,RS,Boys
Urbana,2019,4AW,RR1,Boys
Valley,1974,C,CH,Boys
Valley,1977,C,CH,Boys
Walbrook,1997,4A,QF,Boys
Walkersville,1987,B,CH,Boys
Walkersville,2016,2AW,CH,Boys
Walkersville,1986,C,RU,Boys
Walkersville,1992,2A,RU,Boys
Walkersville,2015,2AW,RU,Boys
Walkersville,1988,2A,SF,Boys
Walkersville,2023,2AW,SF,Boys
Walkersville,1990,2A,QF,Boys
Walkersville,1996,2A,QF,Boys
Walkersville,2022,2AW,QF,Boys
Walkersville,2011,2AW,RR,Boys
Walkersville,2012,2AW,RR,Boys
Walkersville,2017,2AW,RR,Boys
Walkersville,2003,2AW,RS,Boys
Walkersville,2004,2AW,RS,Boys
Walkersville,2010,2AW,RS,Boys
Walkersville,2019,2AW,RR2,Boys
Walkersville,2021,2AW,RR2,Boys
Washington,2003,1AE,SF,Boys
Washington,1989,1A,QF,Boys
Washington,2021,1AE,RR1,Boys
Washington,2023,1AE,RR1,Boys
Watkins Mill,1993,4A,CH,Boys
Watkins Mill,1991,3A,QF,Boys
Watkins Mill,1999,4A,QF,Boys
Watkins Mill,2015,3AS,RS,Boys
Watkins Mill,2017,3AW,RS,Boys
Watkins Mill,2019,3AW,RR1,Boys
Watkins Mill,2021,4A/3AW,RR1,Boys
Watkins Mill,2022,4A/3AW,RR1,Boys
Watkins Mill,2023,4A/3AW,RR1,Boys
Western STES,2005,1AS,RR,Boys
Western STES,2010,1AN,RR,Boys
Western STES,2003,2AN,RS,Boys
Western STES,2023,2A/1AE,RR2,Boys
Western STES,2021,2A/1AW,RR1,Boys
Western STES,2022,2A/1AW,RR1,Boys
Westlake,2008,3AS,CH,Boys
Westlake,1996,3A,RU,Boys
Westlake,1995,3A,QF,Boys
Westlake,1998,3A,QF,Boys
Westlake,1999,3A,QF,Boys
Westlake,2001,3A,QF,Boys
Westlake,2003,3AS,RR,Boys
Westlake,2004,3AS,RR,Boys
Westlake,2007,3AS,RR,Boys
Westlake,2009,3AS,RR,Boys
Westlake,2011,3AS,RR,Boys
Westlake,2012,3AS,RR,Boys
Westlake,2005,3AS,RS,Boys
Westlake,2006,3AS,RS,Boys
Westlake,2010,3AS,RS,Boys
Westlake,2013,3AS,RS,Boys
Westlake,2017,2AS,RS,Boys
Westlake,2018,2AS,RS,Boys
Westlake,2023,2AS,RR2,Boys
Westlake,2019,2AS,RR1,Boys
Westlake,2021,2AS,RR1,Boys
Westlake,2022,2AS,RR1,Boys
Westmar,1995,1A,QF,Boys
Westmar,1996,1A,QF,Boys
Westmar,2000,1A,QF,Boys
Westminster,1976,A,RU,Boys
Westminster,2005,3AW,RU,Boys
Westminster,1981,AA,SF,Boys
Westminster,2012,4AN,SF,Boys
Westminster,2019,3AE,QF,Boys
Westminster,2021,3AN,QF,Boys
Westminster,2022,3AN,QF,Boys
Westminster,2017,3AW,RR,Boys
Westminster,2018,3AW,RR,Boys
Westminster,2008,4AN,RS,Boys
Westminster,2013,3AN,RS,Boys
Westminster,2023,3AW,RR1,Boys
Wheaton,1996,2A,CH,Boys
Wheaton,1994,3A,RU,Boys
Wheaton,1979,A,SF,Boys
Wheaton,1980,A,SF,Boys
Wheaton,2015,3AS,RR,Boys
Wheaton,2019,4AN,RR1,Boys
Wheaton,2021,4AN,RR1,Boys
Wheaton,2022,4AW,RR1,Boys
Wheaton,2023,4AN,RR1,Boys
Walt Whitman,1978,AA,RU,Boys
Walt Whitman,1988,4A,QF,Boys
Walt Whitman,2003,4AW,RS,Boys
Walt Whitman,2007,4AW,RS,Boys
Walt Whitman,2009,4AW,RS,Boys
Walt Whitman,2010,4AW,RS,Boys
Walt Whitman,2023,4A/3AS,RR2,Boys
Walt Whitman,2019,4AW,RR1,Boys
Walt Whitman,2022,4A/3AS,RR1,Boys
Wicomico,1991,2A,SF,Boys
Wicomico,2002,2A,SF,Boys
Wicomico,1992,2A,QF,Boys
Wicomico,2001,2A,QF,Boys
Wicomico,2006,2AE,RR,Boys
Wicomico,2011,2AE,RR,Boys
Wicomico,2004,2AE,RS,Boys
Wicomico,2007,2AE,RS,Boys
Wicomico,2009,2AE,RS,Boys
Wicomico,2010,2AE,RS,Boys
Wicomico,2012,2AE,RS,Boys
Wicomico,2021,2AE,RR2,Boys
Wicomico,2022,2AE,RR2,Boys
Wicomico,2023,2AE,RR1,Boys
Wilde Lake,1985,B,CH,Boys
Wilde Lake,1990,2A,CH,Boys
Wilde Lake,1991,1A,CH,Boys
Wilde Lake,1992,1A,CH,Boys
Wilde Lake,1997,3A,CH,Boys
Wilde Lake,2010,3AE,CH,Boys
Wilde Lake,2008,3AE,RU,Boys
Wilde Lake,1989,2A,SF,Boys
Wilde Lake,2007,3AE,SF,Boys
Wilde Lake,1986,B,QF,Boys
Wilde Lake,1988,2A,QF,Boys
Wilde Lake,1993,1A,QF,Boys
Wilde Lake,1996,2A,QF,Boys
Wilde Lake,1998,3A,QF,Boys
Wilde Lake,1999,3A,QF,Boys
Wilde Lake,2002,3A,QF,Boys
Wilde Lake,2019,3AE,QF,Boys
Wilde Lake,2023,2AW,QF,Boys
Wilde Lake,2009,3AE,RS,Boys
Wilde Lake,2016,3AE,RS,Boys
Wilde Lake,2022,3AS,RR2,Boys
Wilde Lake,2021,3AS,RR1,Boys
Williamsport,2022,2A/1AW,QF,Boys
Williamsport,2011,2AW,RS,Boys
Williamsport,2019,1AW,RR2,Boys
Williamsport,2021,2A/1AW,RR2,Boys
Williamsport,2023,2A/1AW,RR2,Boys
Winters Mill,2023,2A/1AW,QF,Boys
Winters Mill,2005,2AW,RS,Boys
Winters Mill,2006,2AW,RS,Boys
Winters Mill,2021,2A/1AW,RR1,Boys
Winters Mill,2022,2A/1AW,RR1,Boys
Dr. Henry A. Wise,Jr.,2012,4AS,Boys
Dr. Henry A. Wise,Jr.,2015,4AS,Boys
Dr. Henry A. Wise,Jr.,2016,4AS,Boys
Dr. Henry A. Wise,Jr.,2017,4AS,Boys
Dr. Henry A. Wise,Jr.,2019,4AS,Boys
Dr. Henry A. Wise,Jr.,2023,4AS,Boys
Dr. Henry A. Wise,Jr.,2009,4AS,Boys
Dr. Henry A. Wise,Jr.,2010,4AS,Boys
Dr. Henry A. Wise,Jr.,2021,4AS,Boys
Dr. Henry A. Wise,Jr.,2008,4AS,Boys
Dr. Henry A. Wise,Jr.,2018,4AS,Boys
Dr. Henry A. Wise,Jr.,2022,4AS,Boys
Dr. Henry A. Wise,Jr.,2011,4AS,Boys
Dr. Henry A. Wise,Jr.,2013,4AS,Boys
Dr. Henry A. Wise,Jr.,2014,4AS,Boys
Woodlawn,1977,AA,RU,Boys
Woodlawn,1976,AA,SF,Boys
Woodlawn,1979,AA,SF,Boys
Woodlawn,1980,AA,SF,Boys
Woodlawn,1981,AA,SF,Boys
Woodlawn,1982,AA,SF,Boys
Woodlawn,1983,AA,SF,Boys
Woodlawn,1997,3A,SF,Boys
Woodlawn,2003,4AN,SF,Boys
Woodlawn,1993,4A,QF,Boys
Woodlawn,1996,3A,QF,Boys
Woodlawn,2002,4A,QF,Boys
Woodlawn,2009,4AN,RS,Boys
Woodlawn,2021,4A/3AN,RR1,Boys
Woodlawn,2022,4A/3AN,RR1,Boys
Woodlawn,2023,4A/3AN,RR1,Boys
Thomas S. Wootton,1990,4A,RU,Boys
Thomas S. Wootton,1976,A,SF,Boys
Thomas S. Wootton,1978,A,SF,Boys
Thomas S. Wootton,1991,4A,QF,Boys
Thomas S. Wootton,2008,4AW,RS,Boys
Thomas S. Wootton,2022,4A/3AS,RR2,Boys
Thomas S. Wootton,2023,4A/3AW,RR2,Boys
Thomas S. Wootton,2021,4A/3AS,RR1,Boys
C. Milton Wright,1990,3A,RU,Boys
C. Milton Wright,1992,3A,SF,Boys
C. Milton Wright,1993,3A,SF,Boys
C. Milton Wright,1994,3A,SF,Boys
C. Milton Wright,1995,3A,SF,Boys
C. Milton Wright,1998,3A,SF,Boys
C. Milton Wright,1988,3A,QF,Boys
C. Milton Wright,1989,3A,QF,Boys
C. Milton Wright,1991,3A,QF,Boys
C. Milton Wright,2015,3AN,RS,Boys
C. Milton Wright,2017,3AN,RS,Boys
C. Milton Wright,2019,3AN,RR1,Boys
C. Milton Wright,2021,2AE,RR1,Boys
C. Milton Wright,2022,2AE,RR1,Boys
C. Milton Wright,2023,2AN,RR1,Boys