team,year,class,status,gender,Sport
Aberdeen,2003,2AE,CH,Boys,Football
Aberdeen,2011,3AN,SF,Boys,Football
Aberdeen,1986,2A,QF,Boys,Football
Aberdeen,1989,2A,QF,Boys,Football
Aberdeen,1991,3A,QF,Boys,Football
Aberdeen,1994,2A,QF,Boys,Football
Aberdeen,1996,2A,QF,Boys,Football
Aberdeen,1997,3A,QF,Boys,Football
Aberdeen,2004,2AE,RR,Boys,Football
Aberdeen,2013,3AN,RS,Boys,Football
Aberdeen,2014,3AN,RS,Boys,Football
Aberdeen,2015,3AN,RS,Boys,Football
Aberdeen,2021,3AN,RR1,Boys,Football
Aberdeen,2022,3AN,RR1,Boys,Football
Aberdeen,2023,3AN,RR1,Boys,Football
Alleghany,1992,2A,RR,Boys,Football
Alleghany,1993,2A,QF,Boys,Football
Alleghany,1998,2A,RR,Boys,Football
Alleghany,2000,2AE,SF,Boys,Football
Alleghany,2002,2AE,SF,Boys,Football
Alleghany,2004,2AE,QF,Boys,Football
Alleghany,2005,2AE,SF,Boys,Football
Alleghany,2012,3AN,RS,Boys,Football
Alleghany,2016,3AN,RS,Boys,Football
Alleghany,2018,3AN,RS,Boys,Football
Alleghany,2019,3AN,RR1,Boys,Football
Alleghany,2020,3AN,RR1,Boys,Football
Alleghany,2021,3AN,RR1,Boys,Football
Andover,1985,2A,QF,Boys,Football
Andover,1986,2A,RR,Boys,Football
Andover,1995,3A,SF,Boys,Football
Andover,1997,3A,CH,Boys,Football
Andover,1998,3A,CH,Boys,Football
Andover,2000,2A,RS,Boys,Football
Andover,2003,2AE,RS,Boys,Football
Andover,2004,2AE,RS,Boys,Football
Andover,2007,2AE,SF,Boys,Football
Andover,2015,3AN,RS,Boys,Football
Andover,2016,3AN,RR1,Boys,Football
Andover,2017,3AN,RR1,Boys,Football
Andover,2021,3AN,RS,Boys,Football
,,,,Boys,Football
Arundel,1975,AA,CH,Boys,Football
Arundel,1979,A,RU,Boys,Football
Arundel,2007,4AE,RU,Boys,Football
Arundel,2022,4A/3AE,RU,Boys,Football
Arundel,1976,AA,SF,Boys,Football
Arundel,1978,A,SF,Boys,Football
Arundel,1983,AA,SF,Boys,Football
Arundel,2008,4AE,SF,Boys,Football
Arundel,2021,4A/3AE,SF,Boys,Football
Arundel,1985,AA,QF,Boys,Football
Arundel,1994,4A,QF,Boys,Football
Arundel,1995,4A,QF,Boys,Football
Arundel,2019,4AE,QF,Boys,Football
Arundel,2005,4AE,RR,Boys,Football
Arundel,2009,4AE,RR,Boys,Football
Arundel,2010,4AE,RR,Boys,Football
Arundel,2013,4AE,RR,Boys,Football
Arundel,2014,4AE,RR,Boys,Football
Arundel,2003,4AE,RS,Boys,Football
Arundel,2004,4AE,RS,Boys,Football
Arundel,2006,4AE,RS,Boys,Football
Arundel,2011,4AE,RS,Boys,Football
Arundel,2012,4AE,RS,Boys,Football
Arundel,2017,4AE,RS,Boys,Football
Arundel,2018,4AE,RS,Boys,Football
Arundel,2023,3AS,RR2,Boys,Football
Atholton,1985,B,QF,Boys,Football
Atholton,2021,3AS,QF,Boys,Football
Atholton,2022,3AS,QF,Boys,Football
Atholton,2005,2AS,RR,Boys,Football
Atholton,2009,3AE,RR,Boys,Football
Atholton,2011,3AE,RR,Boys,Football
Atholton,2012,3AE,RR,Boys,Football
Atholton,2017,3AE,RR,Boys,Football
Atholton,2007,3AE,RS,Boys,Football
Atholton,2010,3AE,RS,Boys,Football
Atholton,2023,3AE,RR2,Boys,Football
Atholton,2019,3AE,RR1,Boys,Football
x-Samuel Banks,2005,1AS,RS,Boys,Football
x-Beall,1993,1A,RU,Boys,Football
x-Beall,1997,1A,RU,Boys,Football
x-Beall,2002,1A,RU,Boys,Football
x-Beall,2003,1AW,RU,Boys,Football
x-Beall,1975,C,SF,Boys,Football
x-Beall,1976,C,SF,Boys,Football
x-Beall,1981,C,SF,Boys,Football
x-Beall,1994,1A,SF,Boys,Football
x-Beall,1985,C,QF,Boys,Football
x-Beall,1990,1A,QF,Boys,Football
x-Beall,1995,1A,QF,Boys,Football
x-Beall,2005,1AW,RR,Boys,Football
x-Beall,2006,1AW,RS,Boys,Football
Bel Air,1982,B,SF,Boys,Football
Bel Air,2004,3AN,SF,Boys,Football
Bel Air,1998,3A,QF,Boys,Football
Bel Air,2003,3AN,RR,Boys,Football
Bel Air,2014,3AN,RR,Boys,Football
Bel Air,2015,4AN,RS,Boys,Football
Bel Air,2016,4AN,RS,Boys,Football
Bel Air,2021,3AN,RR1,Boys,Football
Bel Air,2022,3AN,RR2,Boys,Football
Bel Air,2023,3AN,RR2,Boys,Football
James M. Bennett,1982,B,CH,Boys,Football
James M. Bennett,1983,C,CH,Boys,Football
James M. Bennett,1985,C,CH,Boys,Football
James M. Bennett,1984,C,RU,Boys,Football
James M. Bennett,1987,B,SF,Boys,Football
James M. Bennett,1990,2A,SF,Boys,Football
James M. Bennett,1986,C,QF,Boys,Football
James M. Bennett,1988,2A,QF,Boys,Football
James M. Bennett,1989,2A,QF,Boys,Football
James M. Bennett,2018,3AE,RR,Boys,Football
James M. Bennett,2003,2AE,RS,Boys,Football
James M. Bennett,2009,3AE,RS,Boys,Football
James M. Bennett,2015,3AE,RS,Boys,Football
James M. Bennett,2017,3AE,RS,Boys,Football
James M. Bennett,2019,3AS,RR1,Boys,Football
James M. Bennett,2021,3AE,RR1,Boys,Football
James M. Bennett,2022,3AE,RR1,Boys,Football
James M. Bennett,2023,2AE,RR1,Boys,Football
Bethesda-Chevy Chase,1995,2A,SF,Boys,Football
Bethesda-Chevy Chase,2023,4AN,QF,Boys,Football
Bethesda-Chevy Chase,2011,4AW,RS,Boys,Football
Bethesda-Chevy Chase,2012,4AW,RS,Boys,Football
Bethesda-Chevy Chase,2021,4AW,RR1,Boys,Football
Bethesda-Chevy Chase,2022,4AW,RR1,Boys,Football
Bladensburg,1990,3A,QF,Boys,Football
Bladensburg,2021,4AN,RR1,Boys,Football
Bladensburg,2022,4AN,RR1,Boys,Football
Bladensburg,2023,4AS,RR1,Boys,Football
Montgomery Blair,2021,4AN,QF,Boys,Football
Montgomery Blair,2022,4AN,QF,Boys,Football
Montgomery Blair,2014,4AW,RR,Boys,Football
Montgomery Blair,2015,4AW,RS,Boys,Football
Montgomery Blair,2016,4AW,RS,Boys,Football
Montgomery Blair,2023,4AN,RR2,Boys,Football
Montgomery Blair,2019,4AN,RR1,Boys,Football
James Hubert Blake,2023,4A/3AS,SF,Boys,Football
James Hubert Blake,2021,4A/3AS,QF,Boys,Football
James Hubert Blake,2022,4A/3AS,QF,Boys,Football
James Hubert Blake,2012,4AN,RR,Boys,Football
James Hubert Blake,2016,3AS,RS,Boys,Football
James Hubert Blake,2017,3AW,RS,Boys,Football
James Hubert Blake,2018,3AW,RS,Boys,Football
James Hubert Blake,2019,3AW,RR1,Boys,Football
Bohemia Manor,2002,1A,CH,Boys,Football
Bohemia Manor,1985,C,SF,Boys,Football
Bohemia Manor,1988,1A,SF,Boys,Football
Bohemia Manor,1994,1A,QF,Boys,Football
Bohemia Manor,1998,1A,QF,Boys,Football
Bohemia Manor,1999,1A,QF,Boys,Football
Bohemia Manor,2022,1AE,QF,Boys,Football
Bohemia Manor,2010,1AE,RR,Boys,Football
Bohemia Manor,2017,1AE,RR,Boys,Football
Bohemia Manor,2006,1AE,RS,Boys,Football
Bohemia Manor,2008,1AE,RS,Boys,Football
Bohemia Manor,2009,1AE,RS,Boys,Football
Bohemia Manor,2012,1AE,RS,Boys,Football
Bohemia Manor,2013,1AE,RS,Boys,Football
Bohemia Manor,2014,1AE,RS,Boys,Football
Bohemia Manor,2015,1AN,RS,Boys,Football
Bohemia Manor,2016,1AE,RS,Boys,Football
Bohemia Manor,2021,1AE,RR2,Boys,Football
Bohemia Manor,2023,1AE,RR2,Boys,Football
Boonsboro,1993,1A,CH,Boys,Football
Boonsboro,1994,1A,RU,Boys,Football
Boonsboro,1975,B,SF,Boys,Football
Boonsboro,2001,1A,SF,Boys,Football
Boonsboro,2021,2A/1AW,QF,Boys,Football
Boonsboro,2011,1AW,RR,Boys,Football
Boonsboro,2005,1AW,RS,Boys,Football
Boonsboro,2006,1AW,RS,Boys,Football
Boonsboro,2007,1AW,RS,Boys,Football
Boonsboro,2008,1AW,RS,Boys,Football
Boonsboro,2009,1AW,RS,Boys,Football
Boonsboro,2012,1AW,RS,Boys,Football
Boonsboro,2015,1AW,RS,Boys,Football
Boonsboro,2016,1AW,RS,Boys,Football
Boonsboro,2017,1AW,RS,Boys,Football
Boonsboro,2018,1AW,RS,Boys,Football
Boonsboro,2019,1AW,RR2,Boys,Football
Boonsboro,2022,2A/1AW,RR2,Boys,Football
Boonsboro,2023,1AN,RR2,Boys,Football
Bowie,2001,4A,CH,Boys,Football
Bowie,1976,AA,RU,Boys,Football
Bowie,1979,AA,SF,Boys,Football
Bowie,1987,AA,SF,Boys,Football
Bowie,1985,AA,QF,Boys,Football
Bowie,1986,AA,QF,Boys,Football
Bowie,2006,4AS,RS,Boys,Football
Bowie,2015,4AS,RS,Boys,Football
Bowie,2019,4AS,RR2,Boys,Football
Bowie,2021,4AS,RR2,Boys,Football
Bowie,2023,4AS,RR2,Boys,Football
Bowie,2022,4AS,RR1,Boys,Football
Broadneck,2003,4AE,RU,Boys,Football
Broadneck,2023,4AE,RU,Boys,Football
Broadneck,1998,3A,SF,Boys,Football
Broadneck,2000,4A,SF,Boys,Football
Broadneck,2004,4AE,SF,Boys,Football
Broadneck,2006,4AE,SF,Boys,Football
Broadneck,2010,4AE,SF,Boys,Football
Broadneck,2015,4AE,SF,Boys,Football
Broadneck,2022,4AE,SF,Boys,Football
Broadneck,1997,3A,QF,Boys,Football
Broadneck,2001,4A,QF,Boys,Football
Broadneck,2002,4A,QF,Boys,Football
Broadneck,2021,4AE,QF,Boys,Football
Broadneck,2007,4AE,RR,Boys,Football
Broadneck,2016,4AE,RR,Boys,Football
Broadneck,2017,4AE,RR,Boys,Football
Broadneck,2013,4AE,RS,Boys,Football
Broadneck,2014,4AE,RS,Boys,Football
Broadneck,2018,4AE,RS,Boys,Football
Broadneck,2019,4AE,RR1,Boys,Football
x-Brooklyn Park,1983,C,SF,Boys,Football
Brunswick,1999,1A,RU,Boys,Football
Brunswick,2005,1AN,SF,Boys,Football
Brunswick,2010,1AN,SF,Boys,Football
Brunswick,2012,1AW,SF,Boys,Football
Brunswick,2022,1AN,SF,Boys,Football
Brunswick,1985,C,QF,Boys,Football
Brunswick,1987,C,QF,Boys,Football
Brunswick,1992,1A,QF,Boys,Football
Brunswick,1995,1A,QF,Boys,Football
Brunswick,1998,1A,QF,Boys,Football
Brunswick,2021,1AN,QF,Boys,Football
Brunswick,2011,1AW,RS,Boys,Football
Brunswick,2019,1AW,RR1,Boys,Football
Brunswick,2023,1AN,RR1,Boys,Football
Calvert,2000,3A,CH,Boys,Football
Calvert,2023,2A/1AS,RU,Boys,Football
Calvert,2002,3A,SF,Boys,Football
Calvert,2016,2AS,SF,Boys,Football
Calvert,2022,2A/1AS,SF,Boys,Football
Calvert,2015,2AS,RS,Boys,Football
Calvert,2019,2A,RR2,Boys,Football
Calvert,2021,2A/1AS,RR2,Boys,Football
Cambridge-South Dorchester,1979,B,CH,Boys,Football
Cambridge-South Dorchester,1995,1A,CH,Boys,Football
Cambridge-South Dorchester,1996,1A,CH,Boys,Football
Cambridge-South Dorchester,1976,B,RU,Boys,Football
Cambridge-South Dorchester,1977,B,RU,Boys,Football
Cambridge-South Dorchester,1978,B,RU,Boys,Football
Cambridge-South Dorchester,1984,B,RU,Boys,Football
Cambridge-South Dorchester,1992,1A,RU,Boys,Football
Cambridge-South Dorchester,1974,B,SF,Boys,Football
Cambridge-South Dorchester,1975,B,SF,Boys,Football
Cambridge-South Dorchester,1983,B,SF,Boys,Football
Cambridge-South Dorchester,1985,B,SF,Boys,Football
Cambridge-South Dorchester,1993,2A,SF,Boys,Football
Cambridge-South Dorchester,1994,2A,SF,Boys,Football
Cambridge-South Dorchester,1997,1A,SF,Boys,Football
Cambridge-South Dorchester,1998,1A,SF,Boys,Football
Cambridge-South Dorchester,1999,1A,SF,Boys,Football
Cambridge-South Dorchester,2013,1AE,SF,Boys,Football
Cambridge-South Dorchester,2014,1AE,SF,Boys,Football
Cambridge-South Dorchester,2019,1AE,SF,Boys,Football
Cambridge-South Dorchester,2023,1AE,SF,Boys,Football
Cambridge-South Dorchester,1987,B,QF,Boys,Football
Cambridge-South Dorchester,1991,1A,QF,Boys,Football
Cambridge-South Dorchester,2000,1A,QF,Boys,Football
Cambridge-South Dorchester,2011,1AE,RR,Boys,Football
Cambridge-South Dorchester,2012,1AE,RR,Boys,Football
Cambridge-South Dorchester,2015,1AE,RR,Boys,Football
Cambridge-South Dorchester,2016,1AE,RR,Boys,Football
Cambridge-South Dorchester,2003,1AE,RS,Boys,Football
Cambridge-South Dorchester,2005,1AE,RS,Boys,Football
Cambridge-South Dorchester,2007,1AE,RS,Boys,Football
Cambridge-South Dorchester,2008,1AE,RS,Boys,Football
Cambridge-South Dorchester,2010,1AE,RS,Boys,Football
Cambridge-South Dorchester,2017,1AE,RS,Boys,Football
Cambridge-South Dorchester,2018,1AE,RS,Boys,Football
Cambridge-South Dorchester,2021,2A/1AE,RR2,Boys,Football
Cambridge-South Dorchester,2022,2A/1AE,RR1,Boys,Football
Carver Vocational-Technical,2005,3AN,RS,Boys,Football
Carver Vocational-Technical,2009,1AS,RS,Boys,Football
Carver Vocational-Technical,2013,2AN,RS,Boys,Football
Carver Vocational-Technical,2019,1AN,RR1,Boys,Football
Carver Vocational-Technical,2021,2A/1AN,RR1,Boys,Football
Carver Vocational-Technical,2022,2A/1AN,RR1,Boys,Football
Carver Vocational-Technical,2023,2A/1AE,RR1,Boys,Football
Catoctin,2009,1AN,CH,Boys,Football
Catoctin,2019,1AW,CH,Boys,Football
Catoctin,1982,C,SF,Boys,Football
Catoctin,1986,C,SF,Boys,Football
Catoctin,2008,1AN,SF,Boys,Football
Catoctin,2023,1AN,QF,Boys,Football
Catoctin,2003,1AW,RR,Boys,Football
Catoctin,2007,1AN,RR,Boys,Football
Catoctin,2018,1AW,RR,Boys,Football
Catoctin,2005,1AN,RS,Boys,Football
Catoctin,2006,1AN,RS,Boys,Football
Catoctin,2013,2AW,RS,Boys,Football
Catoctin,2021,1AN,RR1,Boys,Football
Catoctin,2022,1AN,RR1,Boys,Football
Catonsville,2011,4AN,SF,Boys,Football
Catonsville,2005,3AN,RR,Boys,Football
Catonsville,2007,3AN,RR,Boys,Football
Catonsville,2004,3AN,RS,Boys,Football
Catonsville,2010,3AN,RS,Boys,Football
Catonsville,2012,4AN,RS,Boys,Football
Catonsville,2019,4AN,RR1,Boys,Football
Catonsville,2021,4A/3AN,RR1,Boys,Football
Catonsville,2022,4A/3AN,RR1,Boys,Football
Catonsville,2023,4A/3AN,RR1,Boys,Football
Centennial,1980,B,SF,Boys,Football
Centennial,2021,3AS,RR1,Boys,Football
Centennial,2022,3AS,RR1,Boys,Football
Centennial,2023,2AW,RR1,Boys,Football
Central,2021,2A/1AN,RR1,Boys,Football
Central,2022,2A/1AN,RR1,Boys,Football
Central,2023,2A/1AE,RR1,Boys,Football
Century,2008,2AW,SF,Boys,Football
Century,2009,2AW,RS,Boys,Football
Century,2016,2AW,RS,Boys,Football
Century,2018,2AW,RS,Boys,Football
Century,2019,2AW,RR1,Boys,Football
Century,2021,2AW,RR1,Boys,Football
Century,2022,2AW,RR1,Boys,Football
Century,2023,2A/1AW,RR1,Boys,Football
Chesapeake - AA,2018,3AE,SF,Boys,Football
Chesapeake - AA,2023,3AS,QF,Boys,Football
Chesapeake - AA,2015,3AE,RS,Boys,Football
Chesapeake - AA,2017,3AE,RS,Boys,Football
Chesapeake - AA,2022,3AE,RR2,Boys,Football
Chesapeake - AA,2019,3AS,RR1,Boys,Football
Chesapeake - BC,1984,B,SF,Boys,Football
Chesapeake - BC,2021,3AE,SF,Boys,Football
Chesapeake - BC,1990,2A,QF,Boys,Football
Chesapeake - BC,1991,2A,QF,Boys,Football
Chesapeake - BC,1992,2A,QF,Boys,Football
Chesapeake - BC,2009,2AN,RR,Boys,Football
Chesapeake - BC,2011,2AN,RR,Boys,Football
Chesapeake - BC,2004,1AN,RS,Boys,Football
Chesapeake - BC,2007,1AN,RS,Boys,Football
Chesapeake - BC,2008,1AN,RS,Boys,Football
Chesapeake - BC,2017,1AN,RS,Boys,Football
Chesapeake - BC,2021,2A/1AN,RR1,Boys,Football
Chesapeake - BC,2022,2A/1AN,RR1,Boys,Football
Chesapeake - BC,2023,2A/1AN,RR1,Boys,Football
Chopticon,2000,3A,SF,Boys,Football
Chopticon,1991,2A,QF,Boys,Football
Chopticon,2007,3AS,RS,Boys,Football
Chopticon,2010,3AS,RS,Boys,Football
Chopticon,2011,3AS,RS,Boys,Football
Chopticon,2014,3AS,RS,Boys,Football
Chopticon,2017,3AS,RS,Boys,Football
Chopticon,2022,4A/3AE,RR2,Boys,Football
Winston Churchill,1976,AA,CH,Boys,Football
Winston Churchill,1977,AA,CH,Boys,Football
Winston Churchill,1982,AA,RU,Boys,Football
Winston Churchill,1985,AA,RU,Boys,Football
Winston Churchill,1988,4A,RU,Boys,Football
Winston Churchill,1993,4A,RU,Boys,Football
Winston Churchill,1995,3A,RU,Boys,Football
Winston Churchill,1974,AA,SF,Boys,Football
Winston Churchill,1975,AA,SF,Boys,Football
Winston Churchill,1984,AA,SF,Boys,Football
Winston Churchill,2023,4AW,SF,Boys,Football
Winston Churchill,2022,4AW,QF,Boys,Football
Winston Churchill,2004,4AW,RR,Boys,Football
Winston Churchill,2011,4AW,RR,Boys,Football
Winston Churchill,2012,4AW,RS,Boys,Football
Winston Churchill,2018,4AW,RS,Boys,Football
Winston Churchill,2021,4AW,RR2,Boys,Football
Baltimore City College,1996,2A,SF,Boys,Football
Baltimore City College,2001,2A,SF,Boys,Football
Baltimore City College,2005,3AN,SF,Boys,Football
Baltimore City College,2023,3AN,SF,Boys,Football
Baltimore City College,1993,3A,QF,Boys,Football
Baltimore City College,2002,2A,QF,Boys,Football
Baltimore City College,2021,3AS,QF,Boys,Football
Baltimore City College,2006,3AN,RR,Boys,Football
Baltimore City College,2010,2AN,RR,Boys,Football
Baltimore City College,2007,2AN,RS,Boys,Football
Baltimore City College,2013,3AE,RS,Boys,Football
Baltimore City College,2014,3AE,RS,Boys,Football
Baltimore City College,2019,3AN,RR1,Boys,Football
Clarksburg,2007,2AW,SF,Boys,Football
Clarksburg,2008,2AW,RS,Boys,Football
Clarksburg,2013,4AW,RS,Boys,Football
Clarksburg,2014,4AW,RS,Boys,Football
Clarksburg,2019,4AW,RR1,Boys,Football
Clarksburg,2021,4AW,RR1,Boys,Football
Clarksburg,2022,4AW,RR1,Boys,Football
Clarksburg,2023,4AW,RR1,Boys,Football
Clear Spring,2019,1AW,RR1,Boys,Football
Clear Spring,2022,1AW,RR1,Boys,Football
Clear Spring,2023,1AW,RR1,Boys,Football
Crofton,2021,3AE,RR1,Boys,Football
Crofton,2022,3AE,RR1,Boys,Football
Crofton,2023,4A/3AE,RR1,Boys,Football
Crossland,1992,4A,RU,Boys,Football
Crossland,1977,AA,SF,Boys,Football
Crossland,1978,AA,SF,Boys,Football
Crossland,1995,3A,SF,Boys,Football
Crossland,2018,2AN,RS,Boys,Football
Crossland,2019,2AS,RR1,Boys,Football
Crossland,2021,2A/1AS,RR1,Boys,Football
Crossland,2022,2A/1AS,RR1,Boys,Football
Crossland,2023,2AS,RR1,Boys,Football
Damascus,1981,B,CH,Boys,Football
Damascus,1992,2A,CH,Boys,Football
Damascus,1993,2A,CH,Boys,Football
Damascus,1996,3A,CH,Boys,Football
Damascus,2003,4AW,CH,Boys,Football
Damascus,2005,4AW,CH,Boys,Football
Damascus,2007,3AW,CH,Boys,Football
Damascus,2015,3AW,CH,Boys,Football
Damascus,2016,3AW,CH,Boys,Football
Damascus,2017,2AW,CH,Boys,Football
Damascus,2019,3AW,CH,Boys,Football
Damascus,2022,3AW,CH,Boys,Football
Damascus,1989,2A,RU,Boys,Football
Damascus,1990,2A,RU,Boys,Football
Damascus,2004,4AW,RU,Boys,Football
Damascus,2014,3AW,RU,Boys,Football
Damascus,1999,3A,SF,Boys,Football
Damascus,2002,4A,SF,Boys,Football
Damascus,2010,3AW,SF,Boys,Football
Damascus,1987,B,QF,Boys,Football
Damascus,1998,3A,QF,Boys,Football
Damascus,2000,3A,QF,Boys,Football
Damascus,2001,4A,QF,Boys,Football
Damascus,2011,3AW,RR,Boys,Football
Damascus,2018,2AW,RR,Boys,Football
Damascus,2006,4AW,RS,Boys,Football
Damascus,2008,3AW,RS,Boys,Football
Damascus,2009,3AW,RS,Boys,Football
Damascus,2012,3AW,RS,Boys,Football
Damascus,2013,3AW,RS,Boys,Football
Damascus,2021,3AW,RR2,Boys,Football
Damascus,2023,2AW,RR2,Boys,Football
Stephen Decatur,2023,2AE,CH,Boys,Football
Stephen Decatur,1988,1A,SF,Boys,Football
Stephen Decatur,2004,2AE,SF,Boys,Football
Stephen Decatur,2022,2AE,SF,Boys,Football
Stephen Decatur,2000,2A,QF,Boys,Football
Stephen Decatur,2002,2A,QF,Boys,Football
Stephen Decatur,2021,2AE,QF,Boys,Football
Stephen Decatur,2003,2AE,RR,Boys,Football
Stephen Decatur,2005,2AE,RR,Boys,Football
Stephen Decatur,2008,3AE,RS,Boys,Football
Stephen Decatur,2010,3AE,RS,Boys,Football
Stephen Decatur,2011,3AE,RS,Boys,Football
Stephen Decatur,2013,3AS,RS,Boys,Football
Digital Harbor,2007,1AS,RS,Boys,Football
Digital Harbor,2011,3AN,RS,Boys,Football
Digital Harbor,2019,2AN,RR1,Boys,Football
Digital Harbor,2021,3AS,RR1,Boys,Football
Digital Harbor,2022,3AS,RR1,Boys,Football
Digital Harbor,2023,4A/3AN,RR1,Boys,Football
Frederick Douglass - B,2013,1AS,RU,Boys,Football
Frederick Douglass - B,2014,1AS,RU,Boys,Football
Frederick Douglass - B,2010,2AN,RS,Boys,Football
Frederick Douglass - B,2012,2AN,RS,Boys,Football
Frederick Douglass - B,2018,1AN,RS,Boys,Football
Frederick Douglass - B,2021,1AS,RR2,Boys,Football
Frederick Douglass - B,2022,1AS,RR2,Boys,Football
Frederick Douglass - B,2019,1AN,RR1,Boys,Football
Frederick Douglass - B,2023,1AS,RR1,Boys,Football
Frederick Douglass - PG,2014,2AS,CH,Boys,Football
Frederick Douglass - PG,2021,2AS,CH,Boys,Football
Frederick Douglass - PG,1975,A,RU,Boys,Football
Frederick Douglass - PG,2011,2AS,RU,Boys,Football
Frederick Douglass - PG,2012,2AS,RU,Boys,Football
Frederick Douglass - PG,2018,1AS,RU,Boys,Football
Frederick Douglass - PG,1990,2A,SF,Boys,Football
Frederick Douglass - PG,1991,3A,SF,Boys,Football
Frederick Douglass - PG,1993,3A,SF,Boys,Football
Frederick Douglass - PG,2000,3A,SF,Boys,Football
Frederick Douglass - PG,2004,3AE,SF,Boys,Football
Frederick Douglass - PG,2005,4AS,SF,Boys,Football
Frederick Douglass - PG,2009,2AS,SF,Boys,Football
Frederick Douglass - PG,1992,3A,QF,Boys,Football
Frederick Douglass - PG,1995,3A,QF,Boys,Football
Frederick Douglass - PG,1996,3A,QF,Boys,Football
Frederick Douglass - PG,2019,2AS,QF,Boys,Football
Frederick Douglass - PG,2003,3AE,RR,Boys,Football
Frederick Douglass - PG,2008,2AS,RR,Boys,Football
Frederick Douglass - PG,2017,1AS,RR,Boys,Football
Frederick Douglass - PG,2006,2AS,RS,Boys,Football
Frederick Douglass - PG,2007,2AS,RS,Boys,Football
Frederick Douglass - PG,2010,2AS,RS,Boys,Football
Frederick Douglass - PG,2013,2AS,RS,Boys,Football
Frederick Douglass - PG,2022,2AS,RR2,Boys,Football
Frederick Douglass - PG,2023,2A/1AS,RR2,Boys,Football
x-WEB DuBois,2008,1AS,RR,Boys,Football
x-WEB DuBois,2003,1AS,RS,Boys,Football
x-WEB DuBois,2004,1AS,RS,Boys,Football
x-WEB DuBois,2011,1AS,RS,Boys,Football
x-WEB DuBois,2012,1AS,RS,Boys,Football
x-WEB DuBois,2013,1AS,RS,Boys,Football
Dulaney,1978,AA,SF,Boys,Football
Dulaney,2004,4AN,RS,Boys,Football
Dulaney,2022,4A/3AN,RR2,Boys,Football
Dulaney,2019,4AN,RR1,Boys,Football
Dulaney,2023,4A/3AN,RR1,Boys,Football
Paul Laurence Dunbar,1994,2A,CH,Boys,Football
Paul Laurence Dunbar,1995,3A,CH,Boys,Football
Paul Laurence Dunbar,2004,1AS,CH,Boys,Football
Paul Laurence Dunbar,2006,1AS,CH,Boys,Football
Paul Laurence Dunbar,2007,1AS,CH,Boys,Football
Paul Laurence Dunbar,2008,1AS,CH,Boys,Football
Paul Laurence Dunbar,2010,1AS,CH,Boys,Football
Paul Laurence Dunbar,2011,1AS,CH,Boys,Football
Paul Laurence Dunbar,2012,1AS,CH,Boys,Football
Paul Laurence Dunbar,2017,1AN,CH,Boys,Football
Paul Laurence Dunbar,2021,2A/1AN,CH,Boys,Football
Paul Laurence Dunbar,2022,2A/1AN,CH,Boys,Football
Paul Laurence Dunbar,2023,2A/1AE,CH,Boys,Football
Paul Laurence Dunbar,1997,2A,RU,Boys,Football
Paul Laurence Dunbar,2014,2AN,RU,Boys,Football
Paul Laurence Dunbar,2019,1AN,RU,Boys,Football
Paul Laurence Dunbar,1993,2A,SF,Boys,Football
Paul Laurence Dunbar,1996,3A,SF,Boys,Football
Paul Laurence Dunbar,2003,1AS,SF,Boys,Football
Paul Laurence Dunbar,2005,1AS,SF,Boys,Football
Paul Laurence Dunbar,2009,1AS,SF,Boys,Football
Paul Laurence Dunbar,2015,2AN,SF,Boys,Football
Paul Laurence Dunbar,2016,2AN,SF,Boys,Football
Paul Laurence Dunbar,2018,1AN,SF,Boys,Football
Paul Laurence Dunbar,1999,2A,QF,Boys,Football
Paul Laurence Dunbar,2002,1A,QF,Boys,Football
Paul Laurence Dunbar,2013,2AN,RR,Boys,Football
Dundalk,2015,3AN,RU,Boys,Football
Dundalk,2021,4A/3AN,RU,Boys,Football
Dundalk,2022,4A/3AN,SF,Boys,Football
Dundalk,1990,3A,QF,Boys,Football
Dundalk,2002,3A,QF,Boys,Football
Dundalk,2012,2AN,RR,Boys,Football
Dundalk,2018,3AN,RR,Boys,Football
Dundalk,2003,3AN,RS,Boys,Football
Dundalk,2009,2AN,RS,Boys,Football
Dundalk,2010,2AN,RS,Boys,Football
Dundalk,2011,2AN,RS,Boys,Football
Dundalk,2016,3AN,RS,Boys,Football
Dundalk,2019,3AN,RR2,Boys,Football
Dundalk,2023,4AE,RR2,Boys,Football
DuVal,1988,3A,CH,Boys,Football
DuVal,1989,3A,SF,Boys,Football
DuVal,2014,4AS,SF,Boys,Football
DuVal,2013,4AS,RR,Boys,Football
DuVal,2007,4AS,RS,Boys,Football
DuVal,2012,4AS,RS,Boys,Football
Eastern Technical,2009,2AN,CH,Boys,Football
Eastern Technical,1998,3A,RU,Boys,Football
Eastern Technical,2007,2AN,RU,Boys,Football
Eastern Technical,2008,2AN,RU,Boys,Football
Eastern Technical,2003,2AN,SF,Boys,Football
Eastern Technical,2010,2AN,SF,Boys,Football
Eastern Technical,1997,3A,QF,Boys,Football
Eastern Technical,2000,3A,QF,Boys,Football
Eastern Technical,2001,2A,QF,Boys,Football
Eastern Technical,2004,2AN,RR,Boys,Football
Eastern Technical,2014,2AN,RR,Boys,Football
Eastern Technical,2018,2AN,RR,Boys,Football
Eastern Technical,2005,2AN,RS,Boys,Football
Eastern Technical,2006,2AN,RS,Boys,Football
Eastern Technical,2015,2AN,RS,Boys,Football
Eastern Technical,2019,2AN,RR1,Boys,Football
Eastern Technical,2021,2AN,RR1,Boys,Football
Eastern Technical,2022,2AN,RR1,Boys,Football
Easton,1981,B,SF,Boys,Football
Easton,1986,C,SF,Boys,Football
Easton,1992,1A,SF,Boys,Football
Easton,1993,1A,SF,Boys,Football
Easton,1989,1A,QF,Boys,Football
Easton,1990,1A,QF,Boys,Football
Easton,1991,1A,QF,Boys,Football
Easton,2014,2AE,RR,Boys,Football
Easton,2013,2AE,RS,Boys,Football
Easton,2019,2AE,RR1,Boys,Football
Easton,2021,2AE,RR1,Boys,Football
Easton,2022,2AE,RR1,Boys,Football
Easton,2023,2AE,RR1,Boys,Football
Edgewood,1979,B,SF,Boys,Football
Edgewood,1988,2A,QF,Boys,Football
Edgewood,1989,2A,QF,Boys,Football
Edgewood,1991,2A,QF,Boys,Football
Edgewood,1998,2A,QF,Boys,Football
Edgewood,2017,3AN,RR,Boys,Football
Edgewood,2003,2AE,RS,Boys,Football
Edgewood,2006,3AE,RS,Boys,Football
Edgewood,2018,3AN,RS,Boys,Football
Edgewood,2021,3AN,RR2,Boys,Football
Edgewood,2022,3AN,RR2,Boys,Football
Edgewood,2023,3AN,RR2,Boys,Football
Edgewood,2019,3AN,RR1,Boys,Football
Edmondson-Westside,2006,2AN,CH,Boys,Football
Edmondson-Westside,1999,2A,RU,Boys,Football
Edmondson-Westside,2000,2A,SF,Boys,Football
Edmondson-Westside,2002,2A,SF,Boys,Football
Edmondson-Westside,2011,2AN,SF,Boys,Football
Edmondson-Westside,2012,2AN,SF,Boys,Football
Edmondson-Westside,2016,1AS,SF,Boys,Football
Edmondson-Westside,2021,1AS,SF,Boys,Football
Edmondson-Westside,2019,1AN,QF,Boys,Football
Edmondson-Westside,2007,2AN,RR,Boys,Football
Edmondson-Westside,2008,2AN,RR,Boys,Football
Edmondson-Westside,2013,1AS,RR,Boys,Football
Edmondson-Westside,2014,1AS,RR,Boys,Football
Edmondson-Westside,2015,1AS,RR,Boys,Football
Edmondson-Westside,2004,2AN,RS,Boys,Football
Edmondson-Westside,2017,2AN,RS,Boys,Football
Edmondson-Westside,2018,2AN,RS,Boys,Football
Edmondson-Westside,2022,1AS,RR2,Boys,Football
Albert Einstein,1998,2A,QF,Boys,Football
Albert Einstein,2017,4AW,RS,Boys,Football
Albert Einstein,2019,4AN,RR2,Boys,Football
Albert Einstein,2021,4AN,RR2,Boys,Football
Albert Einstein,2022,4AN,RR2,Boys,Football
Albert Einstein,2023,4A/3AS,RR2,Boys,Football
Elkton,2000,1A,CH,Boys,Football
Elkton,1980,B,RU,Boys,Football
Elkton,2016,2AE,RU,Boys,Football
Elkton,1978,B,SF,Boys,Football
Elkton,1996,1A,SF,Boys,Football
Elkton,1999,1A,SF,Boys,Football
Elkton,2001,1A,SF,Boys,Football
Elkton,2006,1AE,SF,Boys,Football
Elkton,2007,2AE,SF,Boys,Football
Elkton,2012,2AE,SF,Boys,Football
Elkton,2018,2AE,SF,Boys,Football
Elkton,2019,2AE,SF,Boys,Football
Elkton,1992,2A,QF,Boys,Football
Elkton,1994,2A,QF,Boys,Football
Elkton,1997,1A,QF,Boys,Football
Elkton,2002,1A,QF,Boys,Football
Elkton,2021,2A/1AE,QF,Boys,Football
Elkton,2022,2A/1AE,QF,Boys,Football
Elkton,2005,1AE,RR,Boys,Football
Elkton,2015,2AE,RR,Boys,Football
Elkton,2003,1AN,RS,Boys,Football
Elkton,2008,2AE,RS,Boys,Football
Elkton,2017,2AE,RS,Boys,Football
Elkton,2023,2A/1AN,RR2,Boys,Football
Fairmont Heights,1983,A,RU,Boys,Football
Fairmont Heights,1987,B,RU,Boys,Football
Fairmont Heights,1985,A,SF,Boys,Football
Fairmont Heights,1989,2A,QF,Boys,Football
Fairmont Heights,1998,2A,QF,Boys,Football
Fairmont Heights,2019,1AS,QF,Boys,Football
Fairmont Heights,2014,1AN,RS,Boys,Football
Fairmont Heights,2015,1AN,RS,Boys,Football
Fairmont Heights,2016,1AN,RS,Boys,Football
Fairmont Heights,2017,1AS,RS,Boys,Football
Fairmont Heights,2021,2A/1AN,RR2,Boys,Football
Fairmont Heights,2022,2A/1AN,RR2,Boys,Football
Fairmont Heights,2023,2A/1AE,RR1,Boys,Football
Fallston,2023,2A/1AN,QF,Boys,Football
Fallston,2008,3AE,RR,Boys,Football
Fallston,2010,2AE,RR,Boys,Football
Fallston,2013,2AE,RR,Boys,Football
Fallston,2011,2AE,RS,Boys,Football
Fallston,2014,2AE,RS,Boys,Football
Fallston,2019,1AE,RR2,Boys,Football
Fallston,2021,2A/1AE,RR2,Boys,Football
Fallston,2022,2A/1AE,RR1,Boys,Football
Charles H. Flowers,2022,4AS,RU,Boys,Football
Charles H. Flowers,2011,4AS,SF,Boys,Football
Charles H. Flowers,2021,4AS,SF,Boys,Football
Charles H. Flowers,2019,4AS,QF,Boys,Football
Charles H. Flowers,2003,4AS,RR,Boys,Football
Charles H. Flowers,2004,4AS,RR,Boys,Football
Charles H. Flowers,2005,4AS,RR,Boys,Football
Charles H. Flowers,2006,4AS,RR,Boys,Football
Charles H. Flowers,2008,4AS,RR,Boys,Football
Charles H. Flowers,2009,4AS,RR,Boys,Football
Charles H. Flowers,2018,4AS,RR,Boys,Football
Charles H. Flowers,2010,4AS,RS,Boys,Football
Charles H. Flowers,2013,4AS,RS,Boys,Football
Charles H. Flowers,2016,4AS,RS,Boys,Football
Charles H. Flowers,2017,4AS,RS,Boys,Football
Charles H. Flowers,2023,4AS,RR2,Boys,Football
Forest Park,2023,2A/1AE,SF,Boys,Football
Forest Park,1995,2A,QF,Boys,Football
Forest Park,1998,1A,QF,Boys,Football
Forest Park,2000,1A,QF,Boys,Football
Forest Park,2001,1A,QF,Boys,Football
Forest Park,2021,1AS,QF,Boys,Football
Forest Park,2022,1AS,QF,Boys,Football
Forest Park,2019,1AN,RR2,Boys,Football
Forest Park,2009,1AS,RR,Boys,Football
Forest Park,2010,1AS,RR,Boys,Football
Forest Park,2012,1AS,RR,Boys,Football
Forest Park,2004,1AS,RS,Boys,Football
Forest Park,2005,1AS,RS,Boys,Football
Forest Park,2006,1AS,RS,Boys,Football
Forest Park,2015,1AS,RS,Boys,Football
Forest Park,2017,2AN,RS,Boys,Football
x-Forestville,1999,1A,CH,Boys,Football
x-Forestville,1988,2A,RU,Boys,Football
x-Forestville,1998,1A,RU,Boys,Football
x-Forestville,2000,1A,RU,Boys,Football
x-Forestville,1986,2A,SF,Boys,Football
x-Forestville,2015,1AN,SF,Boys,Football
x-Forestville,1987,2A,QF,Boys,Football
x-Forestville,1997,1A,QF,Boys,Football
x-Forestville,2006,1AS,RR,Boys,Football
x-Forestville,2007,1AS,RS,Boys,Football
x-Forestville,2008,1AS,RS,Boys,Football
x-Forestville,2009,1AS,RS,Boys,Football
x-Forestville,2010,1AS,RS,Boys,Football
x-Forestville,2012,1AS,RS,Boys,Football
x-Forestville,2013,1AN,RS,Boys,Football
x-Forestville,2014,1AN,RS,Boys,Football
Fort Hill,1975,A,CH,Boys,Football
Fort Hill,1997,2A,CH,Boys,Football
Fort Hill,2013,1AW,CH,Boys,Football
Fort Hill,2014,1AW,CH,Boys,Football
Fort Hill,2015,,,Boys,Football
Benjamin Franklin,2021,1AS,RR1,Boys,Football
Benjamin Franklin,2022,1AS,RR1,Boys,Football
Benjamin Franklin,2023,1AS,RR1,Boys,Football
Franklin,2013,3AN,CH,Boys,Football
Franklin,2014,3AN,CH,Boys,Football
Franklin,2018,3AN,CH,Boys,Football
Franklin,1978,A,RU,Boys,Football
Franklin,2010,3AN,RU,Boys,Football
Franklin,2016,3AN,RU,Boys,Football
Franklin,2006,3AN,SF,Boys,Football
Franklin,1985,A,QF,Boys,Football
Franklin,1986,A,QF,Boys,Football
Franklin,1987,A,QF,Boys,Football
Franklin,1988,3A,QF,Boys,Football
Franklin,1994,3A,QF,Boys,Football
Franklin,2019,3AN,QF,Boys,Football
Franklin,2021,3AN,QF,Boys,Football
Franklin,2022,3AN,QF,Boys,Football
Franklin,2023,3AN,QF,Boys,Football
Franklin,2009,3AN,RR,Boys,Football
Franklin,2012,3AN,RR,Boys,Football
Franklin,2015,3AN,RR,Boys,Football
Franklin,2007,3AN,RS,Boys,Football
Franklin,2008,3AN,RS,Boys,Football
Franklin,2011,3AN,RS,Boys,Football
Franklin,2017,3AN,RS,Boys,Football
Frederick,1985,A,RU,Boys,Football
Frederick,2021,3AW,SF,Boys,Football
Frederick,1986,A,QF,Boys,Football
Frederick,1987,A,QF,Boys,Football
Frederick,2023,4A/3AW,QF,Boys,Football
Frederick,2004,3AW,RR,Boys,Football
Frederick,2022,3AW,RR2,Boys,Football
Frederick,2019,3AW,RR1,Boys,Football
Friendly,1974,A,CH,Boys,Football
Friendly,1978,A,CH,Boys,Football
Friendly,1983,AA,CH,Boys,Football
Friendly,1998,3A,CH,Boys,Football
Friendly,2006,3AS,CH,Boys,Football
Friendly,1977,A,RU,Boys,Football
Friendly,1981,AA,RU,Boys,Football
Friendly,1980,AA,SF,Boys,Football
Friendly,1988,4A,SF,Boys,Football
Friendly,1997,3A,SF,Boys,Football
Friendly,1987,AA,QF,Boys,Football
Friendly,1989,4A,QF,Boys,Football
Friendly,1992,4A,QF,Boys,Football
Friendly,2004,2AS,RR,Boys,Football
Friendly,2010,3AS,RR,Boys,Football
Friendly,2003,2AS,RS,Boys,Football
Friendly,2005,3AS,RS,Boys,Football
Friendly,2008,3AS,RS,Boys,Football
Friendly,2012,3AS,RS,Boys,Football
Friendly,2019,1AS,RR1,Boys,Football
Friendly,2021,2A/1AS,RR1,Boys,Football
Friendly,2022,2A/1AS,RR1,Boys,Football
Friendly,2023,2A/1AS,RR1,Boys,Football
,,,,Boys,Football
x-Friendship Academy of Engineering & Technology (FAET),2015,1AS,SF,Boys,Football
x-Friendship Academy of Engineering & Technology (FAET),2013,1AN,RS,Boys,Football
x-Friendship Academy of Engineering & Technology (FAET),2014,1AN,RS,Boys,Football
x-Friendship Academy of Engineering & Technology (FAET),2016,1AS,RS,Boys,Football
Gaithersburg,1986,AA,CH,Boys,Football
Gaithersburg,1992,4A,CH,Boys,Football
Gaithersburg,2000,4A,CH,Boys,Football
Gaithersburg,1989,4A,RU,Boys,Football
Gaithersburg,1995,4A,RU,Boys,Football
Gaithersburg,1999,4A,RU,Boys,Football
Gaithersburg,2001,4A,SF,Boys,Football
Gaithersburg,2002,4A,SF,Boys,Football
Gaithersburg,2010,4AW,SF,Boys,Football
Gaithersburg,1997,4A,QF,Boys,Football
Gaithersburg,1998,4A,QF,Boys,Football
Gaithersburg,2003,4AW,RR,Boys,Football
Gaithersburg,2005,4AW,RS,Boys,Football
Gaithersburg,2006,4AW,RS,Boys,Football
Gaithersburg,2011,4AW,RS,Boys,Football
Gaithersburg,2013,4AW,RS,Boys,Football
Gaithersburg,2022,4AW,RR2,Boys,Football
Gaithersburg,2023,4AW,RR2,Boys,Football
Gaithersburg,2019,4AW,RR1,Boys,Football
Gaithersburg,2021,4AW,RR1,Boys,Football
Glen Burnie,2022,4AE,RR2,Boys,Football
Glen Burnie,2023,4AE,RR2,Boys,Football
Glen Burnie,2021,4AE,RR1,Boys,Football
Glenelg,2018,2AS,RU,Boys,Football
Glenelg,1977,B,SF,Boys,Football
Glenelg,2000,1A,SF,Boys,Football
Glenelg,2014,3AE,SF,Boys,Football
Glenelg,2016,3AE,SF,Boys,Football
Glenelg,2017,2AE,SF,Boys,Football
Glenelg,1985,B,QF,Boys,Football
Glenelg,1992,2A,QF,Boys,Football
Glenelg,2001,2A,QF,Boys,Football
Glenelg,2002,2A,QF,Boys,Football
Glenelg,2021,2AW,QF,Boys,Football
Glenelg,2003,2AS,RR,Boys,Football
Glenelg,2011,2AS,RR,Boys,Football
Glenelg,2015,3AE,RR,Boys,Football
Glenelg,2004,2AS,RS,Boys,Football
Glenelg,2005,2AS,RS,Boys,Football
Glenelg,2006,2AS,RS,Boys,Football
Glenelg,2009,2AS,RS,Boys,Football
Glenelg,2013,3AE,RS,Boys,Football
Glenelg,2019,2AW,RR2,Boys,Football
Glenelg,2023,2AW,RR2,Boys,Football
Glenelg,2022,2AW,RR1,Boys,Football
Great Mills,1981,B,RU,Boys,Football
Great Mills,1989,3A,QF,Boys,Football
Great Mills,2023,4A/3AE,RR2,Boys,Football
Great Mills,2021,4A/3AE,RR1,Boys,Football
Great Mills,2022,4A/3AE,RR1,Boys,Football
Green Street Academy,2022,1AE,RR2,Boys,Football
Green Street Academy,2023,1AS,RR2,Boys,Football
Gwynn Park,2005,3AS,CH,Boys,Football
Gwynn Park,2000,2A,RU,Boys,Football
Gwynn Park,2017,2AN,RU,Boys,Football
Gwynn Park,1992,3A,SF,Boys,Football
Gwynn Park,2003,3AE,SF,Boys,Football
Gwynn Park,1996,3A,QF,Boys,Football
Gwynn Park,2001,3A,QF,Boys,Football
Gwynn Park,2002,3A,QF,Boys,Football
Gwynn Park,2021,2A/1AS,QF,Boys,Football
Gwynn Park,2004,3AE,RR,Boys,Football
Gwynn Park,2006,3AS,RR,Boys,Football
Gwynn Park,2009,2AS,RR,Boys,Football
Gwynn Park,2012,2AS,RR,Boys,Football
Gwynn Park,2013,2AS,RR,Boys,Football
Gwynn Park,2015,2AS,RR,Boys,Football
Gwynn Park,2008,2AS,RS,Boys,Football
Gwynn Park,2011,2AS,RS,Boys,Football
Gwynn Park,2016,2AS,RS,Boys,Football
Gwynn Park,2019,1AS,RR2,Boys,Football
Gwynn Park,2023,2AS,RR2,Boys,Football
Gwynn Park,2022,2A/1AS,RR1,Boys,Football
Hammond,1985,B,QF,Boys,Football
Hammond,2010,2AS,RR,Boys,Football
Hammond,2013,2AS,RS,Boys,Football
Hammond,2019,3AE,RR1,Boys,Football
Hammond,2021,2AW,RR1,Boys,Football
Hammond,2022,2AW,RR1,Boys,Football
Hammond,2023,2AW,RR1,Boys,Football
Hancock,1986,C,QF,Boys,Football
Hancock,2003,1AW,RS,Boys,Football
Hancock,2004,1AW,RS,Boys,Football
Hancock,2013,1AW,RS,Boys,Football
Harford Technical,2023,2A/1AN,QF,Boys,Football
Harford Technical,2017,2AE,SF,Boys,Football
Harford Technical,2021,2A/1AE,SF,Boys,Football
Harford Technical,2022,2A/1AE,SF,Boys,Football
Harford Technical,2019,2AE,RR2,Boys,Football
Harford Technical,2018,2AE,RS,Boys,Football
Havre de Grace,1978,C,CH,Boys,Football
Havre de Grace,1981,C,CH,Boys,Football
Havre de Grace,1986,C,CH,Boys,Football
Havre de Grace,1985,C,RU,Boys,Football
Havre de Grace,1987,C,RU,Boys,Football
Havre de Grace,1988,1A,RU,Boys,Football
Havre de Grace,2010,1AE,RU,Boys,Football
Havre de Grace,2015,1AE,RU,Boys,Football
Havre de Grace,2016,1AN,RU,Boys,Football
Havre de Grace,1979,C,SF,Boys,Football
Havre de Grace,1984,C,SF,Boys,Football
Havre de Grace,1995,1A,SF,Boys,Football
Havre de Grace,2006,1AN,SF,Boys,Football
Havre de Grace,2017,1AE,SF,Boys,Football
Havre de Grace,2018,1AE,SF,Boys,Football
Havre de Grace,1992,1A,QF,Boys,Football
Havre de Grace,2002,1A,QF,Boys,Football
Havre de Grace,2023,1AN,QF,Boys,Football
Havre de Grace,2003,1AN,RR,Boys,Football
Havre de Grace,2008,1AE,RR,Boys,Football
Havre de Grace,2009,1AE,RR,Boys,Football
Havre de Grace,2007,1AE,RS,Boys,Football
Havre de Grace,2011,1AE,RS,Boys,Football
Havre de Grace,2014,1AE,RS,Boys,Football
Havre de Grace,2021,1AN,RR2,Boys,Football
Havre de Grace,2019,1AE,RR1,Boys,Football
Havre de Grace,2022,1AN,RR1,Boys,Football
Hereford,1997,1A,CH,Boys,Football
Hereford,2001,2A,CH,Boys,Football
Hereford,2002,2A,CH,Boys,Football
Hereford,2004,2AN,RU,Boys,Football
Hereford,2007,3AN,RU,Boys,Football
Hereford,1996,1A,SF,Boys,Football
Hereford,1998,1A,SF,Boys,Football
Hereford,1999,2A,SF,Boys,Football
Hereford,2000,2A,SF,Boys,Football
Hereford,2008,3AN,SF,Boys,Football
Hereford,2009,3AN,SF,Boys,Football
Hereford,2022,2AN,QF,Boys,Football
Hereford,2003,2AN,RR,Boys,Football
Hereford,2006,2AN,RR,Boys,Football
Hereford,2016,2AN,RR,Boys,Football
Hereford,2017,2AN,RR,Boys,Football
Hereford,2010,3AN,RS,Boys,Football
Hereford,2012,3AN,RS,Boys,Football
Hereford,2014,2AN,RS,Boys,Football
Hereford,2015,2AN,RS,Boys,Football
Hereford,2019,2AN,RR2,Boys,Football
Hereford,2021,2AN,RR2,Boys,Football
Hereford,2023,2AN,RR2,Boys,Football
x-Charles Hickey,1995,1A,QF,Boys,Football
x-Charles Hickey,1996,1A,QF,Boys,Football
x-Charles Hickey,1999,1A,QF,Boys,Football
High Point,1983,AA,RU,Boys,Football
High Point,1991,4A,RU,Boys,Football
High Point,1985,AA,SF,Boys,Football
High Point,1997,4A,SF,Boys,Football
High Point,1986,AA,QF,Boys,Football
High Point,1990,4A,QF,Boys,Football
High Point,1994,4A,QF,Boys,Football
High Point,2021,4AN,RR1,Boys,Football
High Point,2022,4AN,RR1,Boys,Football
High Point,2023,4AN,RR1,Boys,Football
Howard,1974,B,CH,Boys,Football
Howard,1975,B,RU,Boys,Football
Howard,2015,4AN,RU,Boys,Football
Howard,1999,2A,SF,Boys,Football
Howard,2014,4AN,SF,Boys,Football
Howard,2016,4AN,SF,Boys,Football
Howard,2017,4AN,SF,Boys,Football
Howard,1993,3A,QF,Boys,Football
Howard,2007,3AE,RS,Boys,Football
Howard,2008,3AE,RS,Boys,Football
Howard,2011,3AE,RS,Boys,Football
Howard,2013,4AN,RS,Boys,Football
Howard,2018,4AN,RS,Boys,Football
Howard,2021,4A/3AW,RR2,Boys,Football
Howard,2022,4A/3AW,RR2,Boys,Football
Howard,2023,4A/3AE,RR1,Boys,Football
Huntingtown,2009,3AS,RU,Boys,Football
Huntingtown,2012,3AS,RU,Boys,Football
Huntingtown,2023,2AS,RU,Boys,Football
Huntingtown,2010,3AS,SF,Boys,Football
Huntingtown,2011,3AS,SF,Boys,Football
Huntingtown,2013,3AS,SF,Boys,Football
Huntingtown,2018,3AS,SF,Boys,Football
Huntingtown,2019,3AS,SF,Boys,Football
Huntingtown,2021,2AS,SF,Boys,Football
Huntingtown,2022,2AS,QF,Boys,Football
Huntingtown,2007,3AS,RS,Boys,Football
Huntingtown,2008,3AS,RS,Boys,Football
Huntingtown,2014,3AS,RS,Boys,Football
Governor Thomas Johnson,1982,A,CH,Boys,Football
Governor Thomas Johnson,1997,3A,RU,Boys,Football
Governor Thomas Johnson,2011,3AW,RU,Boys,Football
Governor Thomas Johnson,1994,3A,SF,Boys,Football
Governor Thomas Johnson,1996,3A,SF,Boys,Football
Governor Thomas Johnson,2007,4AN,SF,Boys,Football
Governor Thomas Johnson,2009,4AN,SF,Boys,Football
Governor Thomas Johnson,1993,3A,QF,Boys,Football
Governor Thomas Johnson,1995,3A,QF,Boys,Football
Governor Thomas Johnson,2006,4AN,RS,Boys,Football
Governor Thomas Johnson,2008,4AN,RS,Boys,Football
Governor Thomas Johnson,2010,4AN,RS,Boys,Football
Governor Thomas Johnson,2021,4A/3AW,RR1,Boys,Football
Governor Thomas Johnson,2022,4A/3AW,RR1,Boys,Football
Governor Thomas Johnson,2023,4A/3AW,RR1,Boys,Football
Walter Johnson,2023,4AN,QF,Boys,Football
Walter Johnson,2019,4AW,RR2,Boys,Football
Walter Johnson,2021,4AW,RR2,Boys,Football
Walter Johnson,2022,4AW,RR1,Boys,Football
Joppatowne,1975,C,CH,Boys,Football
Joppatowne,2003,1AN,CH,Boys,Football
Joppatowne,1974,C,RU,Boys,Football
Joppatowne,1976,C,RU,Boys,Football
Joppatowne,2001,2A,RU,Boys,Football
Joppatowne,2004,1AN,RU,Boys,Football
Joppatowne,2009,1AE,RU,Boys,Football
Joppatowne,1991,1A,SF,Boys,Football
Joppatowne,1993,1A,SF,Boys,Football
Joppatowne,2005,2AE,SF,Boys,Football
Joppatowne,2007,1AE,SF,Boys,Football
Joppatowne,2008,1AE,SF,Boys,Football
Joppatowne,2022,1AN,SF,Boys,Football
Joppatowne,1989,1A,QF,Boys,Football
Joppatowne,1990,1A,QF,Boys,Football
Joppatowne,1992,1A,QF,Boys,Football
Joppatowne,1994,1A,QF,Boys,Football
Joppatowne,2021,1AN,QF,Boys,Football
Joppatowne,2006,2AE,RS,Boys,Football
Joppatowne,2019,1AE,RR2,Boys,Football
Joppatowne,2023,1AN,RR1,Boys,Football
John F. Kennedy,1977,B,CH,Boys,Football
John F. Kennedy,1984,A,CH,Boys,Football
John F. Kennedy,1992,3A,QF,Boys,Football
John F. Kennedy,2006,3AW,RR,Boys,Football
John F. Kennedy,2007,3AW,RS,Boys,Football
John F. Kennedy,2021,4A/3AS,RR1,Boys,Football
John F. Kennedy,2022,4A/3AS,RR1,Boys,Football
John F. Kennedy,2023,4A/3AS,RR1,Boys,Football
Kent County,1989,1A,CH,Boys,Football
Kent County,1990,1A,CH,Boys,Football
Kent County,1996,1A,RU,Boys,Football
Kent County,1987,C,SF,Boys,Football
Kent County,1995,1A,SF,Boys,Football
Kent County,2016,1AE,SF,Boys,Football
Kent County,1985,C,QF,Boys,Football
Kent County,1986,C,QF,Boys,Football
Kent County,1988,1A,QF,Boys,Football
Kent County,1993,1A,QF,Boys,Football
Kent County,1994,1A,QF,Boys,Football
Kent County,2014,1AE,RR,Boys,Football
Kent County,2013,1AE,RS,Boys,Football
Kent County,2015,1AE,RS,Boys,Football
Kent County,2023,1AE,RR2,Boys,Football
Kent County,2019,1AE,RR1,Boys,Football
Kent County,2021,1AE,RR1,Boys,Football
Kent Island,2022,2AE,RU,Boys,Football
Kent Island,2011,2AE,SF,Boys,Football
Kent Island,2013,2AE,SF,Boys,Football
Kent Island,2014,2AE,SF,Boys,Football
Kent Island,2021,2AE,QF,Boys,Football
Kent Island,2023,2AE,QF,Boys,Football
Kent Island,2008,2AE,RR,Boys,Football
Kent Island,2009,2AE,RR,Boys,Football
Kent Island,2012,2AE,RR,Boys,Football
Kent Island,2017,2AE,RR,Boys,Football
Kent Island,2010,2AE,RS,Boys,Football
Kent Island,2015,2AE,RS,Boys,Football
Kent Island,2016,2AE,RS,Boys,Football
Kent Island,2019,2AE,RR1,Boys,Football
Kenwood,1975,AA,SF,Boys,Football
Kenwood,1992,3A,QF,Boys,Football
Kenwood,2021,4A/3AN,RR2,Boys,Football
Kenwood,2023,4A/3AN,RR2,Boys,Football
Kenwood,2019,3AN,RR1,Boys,Football
Kenwood,2022,4A/3AN,RR1,Boys,Football
Francis Scott Key,1976,B,SF,Boys,Football
Francis Scott Key,2000,2A,QF,Boys,Football
Francis Scott Key,2021,2A/1AW,QF,Boys,Football
Francis Scott Key,2004,2AW,RR,Boys,Football
Francis Scott Key,2005,2AW,RS,Boys,Football
Francis Scott Key,2006,2AW,RS,Boys,Football
Francis Scott Key,2019,1AN,RR1,Boys,Football
Francis Scott Key,2022,2A/1AW,RR1,Boys,Football
Francis Scott Key,2023,2A/1AW,RR1,Boys,Football
La Plata,1993,3A,QF,Boys,Football
La Plata,1994,3A,QF,Boys,Football
La Plata,2021,2AS,RR2,Boys,Football
La Plata,2019,2AS,RR1,Boys,Football
La Plata,2022,2AS,RR1,Boys,Football
La Plata,2023,2AS,RR1,Boys,Football
Henry E. Lackey,1986,B,CH,Boys,Football
Henry E. Lackey,2003,3AS,RU,Boys,Football
Henry E. Lackey,2004,3AS,RU,Boys,Football
Henry E. Lackey,2007,3AS,SF,Boys,Football
Henry E. Lackey,2017,1AS,SF,Boys,Football
Henry E. Lackey,2021,2A/1AS,SF,Boys,Football
Henry E. Lackey,1987,A,QF,Boys,Football
Henry E. Lackey,1989,3A,QF,Boys,Football
Henry E. Lackey,1993,2A,QF,Boys,Football
Henry E. Lackey,2005,3AS,RR,Boys,Football
Henry E. Lackey,2008,3AS,RR,Boys,Football
Henry E. Lackey,2013,3AS,RR,Boys,Football
Henry E. Lackey,2006,3AS,RS,Boys,Football
Henry E. Lackey,2009,3AS,RS,Boys,Football
Henry E. Lackey,2016,2AS,RS,Boys,Football
Henry E. Lackey,2018,1AS,RS,Boys,Football
Henry E. Lackey,2022,2A/1AS,RR2,Boys,Football
Henry E. Lackey,2023,2A/1AS,RR2,Boys,Football
Henry E. Lackey,2019,2AS,RR1,Boys,Football
Lake Clifton,1996,4A,SF,Boys,Football
Lake Clifton,1997,4A,QF,Boys,Football
Lake Clifton,1999,4A,QF,Boys,Football
Lake Clifton,2000,4A,QF,Boys,Football
Lake Clifton,2022,1AS,QF,Boys,Football
Lake Clifton,2023,1AS,QF,Boys,Football
Lake Clifton,2003,4AN,RS,Boys,Football
Lake Clifton,2005,3AN,RS,Boys,Football
Lake Clifton,2009,2AN,RS,Boys,Football
Lake Clifton,2011,2AN,RS,Boys,Football
Lake Clifton,2014,1AS,RS,Boys,Football
Lake Clifton,2018,1AN,RS,Boys,Football
Lake Clifton,2019,1AN,RR2,Boys,Football
Lake Clifton,2021,1AS,RR1,Boys,Football
Lansdowne,2021,2AN,RR1,Boys,Football
Lansdowne,2022,2AN,RR1,Boys,Football
Lansdowne,2023,3AE,RR1,Boys,Football
Largo,1976,A,CH,Boys,Football
Largo,1994,4A,RU,Boys,Football
Largo,1991,4A,SF,Boys,Football
Largo,1992,4A,QF,Boys,Football
Largo,1995,4A,QF,Boys,Football
Largo,2021,2A/1AN,QF,Boys,Football
Largo,2022,2A/1AN,QF,Boys,Football
Largo,2018,1AS,RS,Boys,Football
Largo,2019,1AS,RR1,Boys,Football
Largo,2023,2A/1AS,RR1,Boys,Football
Laurel,1987,A,CH,Boys,Football
Laurel,1990,3A,QF,Boys,Football
Laurel,1992,4A,QF,Boys,Football
Laurel,2021,4AN,RR2,Boys,Football
Laurel,2022,4AN,RR2,Boys,Football
Laurel,2019,4AS,RR1,Boys,Football
Laurel,2023,4AN,RR1,Boys,Football
Leonardtown,2023,4A/3AE,QF,Boys,Football
Leonardtown,2022,4A/3AE,RR2,Boys,Football
Leonardtown,2021,4A/3AE,RR1,Boys,Football
Reginald Lewis,2016,1AS,RR,Boys,Football
Reginald Lewis,2017,1AN,RR,Boys,Football
Reginald Lewis,2018,1AN,RR,Boys,Football
Reginald Lewis,2008,1AS,RS,Boys,Football
Reginald Lewis,2011,1AN,RS,Boys,Football
Reginald Lewis,2012,1AS,RS,Boys,Football
Reginald Lewis,2023,1AS,RR2,Boys,Football
Reginald Lewis,2019,1AN,RR1,Boys,Football
Reginald Lewis,2021,1AS,RR1,Boys,Football
Liberty,2019,2AW,QF,Boys,Football
Liberty,2014,2AW,RR,Boys,Football
Liberty,2007,2AW,RS,Boys,Football
Liberty,2008,2AW,RS,Boys,Football
Liberty,2016,2AW,RS,Boys,Football
Liberty,2017,2AW,RS,Boys,Football
Liberty,2018,2AW,RS,Boys,Football
Liberty,2022,2A/1AW,RR2,Boys,Football
Liberty,2023,2A/1AW,RR2,Boys,Football
Liberty,2021,2A/1AW,RR1,Boys,Football
Linganore,1989,3A,CH,Boys,Football
Linganore,1991,3A,CH,Boys,Football
Linganore,1995,2A,CH,Boys,Football
Linganore,2003,3AW,CH,Boys,Football
Linganore,2009,3AW,CH,Boys,Football
Linganore,2017,3AW,CH,Boys,Football
Linganore,1987,A,RU,Boys,Football
Linganore,1992,3A,RU,Boys,Football
Linganore,2002,3A,RU,Boys,Football
Linganore,2008,4AN,RU,Boys,Football
Linganore,2013,3AW,RU,Boys,Football
Linganore,2018,3AW,RU,Boys,Football
Linganore,2019,3AW,RU,Boys,Football
Linganore,2021,3AW,RU,Boys,Football
Linganore,2023,3AW,RU,Boys,Football
Linganore,1980,C,SF,Boys,Football
Linganore,1986,B,QF,Boys,Football
Linganore,2014,3AW,RR,Boys,Football
Linganore,2005,3AW,RS,Boys,Football
Linganore,2006,3AW,RS,Boys,Football
Linganore,2007,4AN,RS,Boys,Football
Linganore,2010,3AW,RS,Boys,Football
Linganore,2011,3AW,RS,Boys,Football
Linganore,2015,3AW,RS,Boys,Football
Linganore,2016,3AW,RS,Boys,Football
Linganore,2022,3AW,RR2,Boys,Football
Loch Raven,1981,A,RU,Boys,Football
Loch Raven,1974,A,SF,Boys,Football
Loch Raven,1977,A,SF,Boys,Football
Loch Raven,1979,A,SF,Boys,Football
Loch Raven,1984,A,SF,Boys,Football
Loch Raven,2003,1AN,RS,Boys,Football
Loch Raven,2005,2AN,RS,Boys,Football
Loch Raven,2019,1AS,RR2,Boys,Football
Loch Raven,2021,1AN,RR1,Boys,Football
Loch Raven,2023,1AN,RR1,Boys,Football
Long Reach,2017,3AE,SF,Boys,Football
Long Reach,1997,2A,QF,Boys,Football
Long Reach,2022,3AE,QF,Boys,Football
Long Reach,2004,3AE,RS,Boys,Football
Long Reach,2005,3AE,RS,Boys,Football
Long Reach,2016,3AE,RS,Boys,Football
Long Reach,2018,3AE,RS,Boys,Football
Long Reach,2021,3AE,RR2,Boys,Football
Long Reach,2019,3AE,RR1,Boys,Football
Long Reach,2023,4A/3AE,RR1,Boys,Football
Col. Zadok Magruder,1984,B,CH,Boys,Football
Col. Zadok Magruder,1986,A,CH,Boys,Football
Col. Zadok Magruder,1989,3A,RU,Boys,Football
Col. Zadok Magruder,1988,3A,SF,Boys,Football
Col. Zadok Magruder,2007,4AW,RS,Boys,Football
Col. Zadok Magruder,2015,3AS,RS,Boys,Football
Col. Zadok Magruder,202,,,Boys,Football
Manchester Valley,2012,1AN,RR,Boys,Football
Manchester Valley,2015,1AN,RR,Boys,Football
Manchester Valley,2013,1AW,RS,Boys,Football
Manchester Valley,2019,3AE,RR2,Boys,Football
Manchester Valley,2021,3AN,RR2,Boys,Football
Manchester Valley,2023,3AW,RR2,Boys,Football
Manchester Valley,2022,3AN,RR1,Boys,Football
Marriotts Ridge,2014,2AS,RS,Boys,Football
Marriotts Ridge,2015,2AW,RS,Boys,Football
Marriotts Ridge,2019,3AE,RR2,Boys,Football
Marriotts Ridge,2022,3AS,RR2,Boys,Football
Marriotts Ridge,2021,3AS,RR1,Boys,Football
Marriotts Ridge,2023,3AE,RR1,Boys,Football
McDonough,1983,A,CH,Boys,Football
McDonough,1985,A,CH,Boys,Football
McDonough,1990,3A,CH,Boys,Football
McDonough,2010,2AS,CH,Boys,Football
McDonough,1991,3A,RU,Boys,Football
McDonough,2006,2AS,RU,Boys,Football
McDonough,1986,A,SF,Boys,Football
McDonough,1988,3A,QF,Boys,Football
McDonough,2004,3AS,RS,Boys,Football
McDonough,2005,2AS,RS,Boys,Football
McDonough,2007,2AS,RS,Boys,Football
McDonough,2009,2AS,RS,Boys,Football
McDonough,2012,2AS,RS,Boys,Football
McDonough,2016,1AN,RS,Boys,Football
McDonough,2022,2A/1AS,RR2,Boys,Football
McDonough,2021,2A/1AS,RR1,Boys,Football
McDonough,2023,2A/1AS,RR1,Boys,Football
Meade,1977,A,SF,Boys,Football
Meade,1982,AA,SF,Boys,Football
Meade,1986,AA,SF,Boys,Football
Meade,1995,4A,SF,Boys,Football
Meade,2001,4A,SF,Boys,Football
Meade,2012,4AE,SF,Boys,Football
Meade,2013,4AE,SF,Boys,Football
Meade,1987,AA,QF,Boys,Football
Meade,1996,4A,QF,Boys,Football
Meade,2017,4AE,RS,Boys,Football
Meade,2019,4AE,RR2,Boys,Football
Meade,2022,4AE,RR2,Boys,Football
Meade,2021,4AE,RR1,Boys,Football
Meade,2023,4AE,RR1,Boys,Football
Mergenthaler Vocational-Technical,2021,4A/3AN,CH,Boys,Football
Mergenthaler Vocational-Technical,2023,4A/3AN,CH,Boys,Football
Mergenthaler Vocational-Technical,2018,4AN,SF,Boys,Football
Mergenthaler Vocational-Technical,2019,3AN,SF,Boys,Football
Mergenthaler Vocational-Technical,2000,4A,QF,Boys,Football
Mergenthaler Vocational-Technical,2016,4AN,RR,Boys,Football
Mergenthaler Vocational-Technical,2006,3AN,RS,Boys,Football
Mergenthaler Vocational-Technical,2007,3AN,RS,Boys,Football
Mergenthaler Vocational-Technical,2008,3AN,RS,Boys,Football
Mergenthaler Vocational-Technical,2014,4AN,RS,Boys,Football
Mergenthaler Vocational-Technical,2015,4AN,RS,Boys,Football
Mergenthaler Vocational-Technical,2022,4A/3AN,RR2,Boys,Football
Middletown,2011,2AW,CH,Boys,Football
Middletown,2012,2AW,CH,Boys,Football
Middletown,2013,2AW,CH,Boys,Football
Middletown,2019,2AW,CH,Boys,Football
Middletown,1981,C,RU,Boys,Football
Middletown,1991,2A,RU,Boys,Football
Middletown,2002,2A,RU,Boys,Football
Middletown,2010,2AW,RU,Boys,Football
Middletown,1996,2A,SF,Boys,Football
Middletown,1997,2A,SF,Boys,Football
Middletown,1998,2A,SF,Boys,Football
Middletown,2001,2A,SF,Boys,Football
Middletown,2006,2AW,SF,Boys,Football
Middletown,2009,2AW,SF,Boys,Football
Middletown,2022,2AW,SF,Boys,Football
Middletown,1985,B,QF,Boys,Football
Middletown,1986,B,QF,Boys,Football
Middletown,1988,2A,QF,Boys,Football
Middletown,1995,2A,QF,Boys,Football
Middletown,1999,2A,QF,Boys,Football
Middletown,2023,2A/1AW,QF,Boys,Football
Middletown,2005,2AW,RR,Boys,Football
Middletown,2007,2AW,RR,Boys,Football
Middletown,2008,2AW,RR,Boys,Football
Middletown,2016,2AW,RR,Boys,Football
Middletown,2021,2AW,RR2,Boys,Football
Milford Mill Academy,1987,C,CH,Boys,Football
Milford Mill Academy,2022,2AN,CH,Boys,Football
Milford Mill Academy,1983,B,RU,Boys,Football
Milford Mill Academy,2017,3AN,RU,Boys,Football
Milford Mill Academy,2021,2AN,RU,Boys,Football
Milford Mill Academy,1985,B,SF,Boys,Football
Milford Mill Academy,1989,1A,SF,Boys,Football
Milford Mill Academy,1991,1A,SF,Boys,Football
Milford Mill Academy,2005,3AN,SF,Boys,Football
Milford Mill Academy,2012,3AN,SF,Boys,Football
Milford Mill Academy,2023,2AN,SF,Boys,Football
Milford Mill Academy,1988,1A,QF,Boys,Football
Milford Mill Academy,1993,1A,QF,Boys,Football
Milford Mill Academy,1995,2A,QF,Boys,Football
Milford Mill Academy,1997,3A,QF,Boys,Football
Milford Mill Academy,1999,3A,QF,Boys,Football
Milford Mill Academy,2019,2AN,QF,Boys,Football
Milford Mill Academy,2008,3AN,RR,Boys,Football
Milford Mill Academy,2013,3AN,RR,Boys,Football
Milford Mill Academy,2016,3AN,RR,Boys,Football
Milford Mill Academy,2004,3AN,RS,Boys,Football
Milford Mill Academy,2014,3AN,RS,Boys,Football
Milford Mill Academy,2018,3AN,RS,Boys,Football
Richard Montgomery,1981,A,CH,Boys,Football
Richard Montgomery,2001,3A,SF,Boys,Football
Richard Montgomery,1985,A,QF,Boys,Football
Richard Montgomery,2016,4AW,RR,Boys,Football
Richard Montgomery,2004,4AW,RS,Boys,Football
Richard Montgomery,2005,4AW,RS,Boys,Football
Richard Montgomery,2015,4AW,RS,Boys,Football
Richard Montgomery,2017,4AW,RS,Boys,Football
Richard Montgomery,2018,4AW,RS,Boys,Football
Richard Montgomery,2019,4AW,RR2,Boys,Football
Richard Montgomery,2021,4AW,RR1,Boys,Football
Richard Montgomery,2022,4AW,RR1,Boys,Football
Richard Montgomery,2023,4AW,RR1,Boys,Football
Mount Hebron,1982,C,RU,Boys,Football
Mount Hebron,1980,C,SF,Boys,Football
Mount Hebron,2023,3AE,QF,Boys,Football
Mount Hebron,2003,3AE,RS,Boys,Football
Mount Hebron,2012,3AE,RS,Boys,Football
Mount Hebron,2021,4A/3AW,RR2,Boys,Football
Mount Hebron,2022,4A/3AW,RR2,Boys,Football
Mountain Ridge,2021,1AW,RU,Boys,Football
Mountain Ridge,2022,1AW,RU,Boys,Football
Mountain Ridge,2023,1AW,RU,Boys,Football
Mountain Ridge,2010,1AW,RR,Boys,Football
Mountain Ridge,2011,1AW,RS,Boys,Football
National Academy Foundation,2015,1AS,RS,Boys,Football
National Academy Foundation,2016,1AS,RS,Boys,Football
National Academy Foundation,2021,1AS,RR1,Boys,Football
New Era Academy,2021,1AS,RR2,Boys,Football
New Town,2012,1AS,RU,Boys,Football
New Town,2018,2AN,SF,Boys,Football
New Town,2019,2AN,SF,Boys,Football
New Town,2006,1AN,RR,Boys,Football
New Town,2008,1AN,RS,Boys,Football
New Town,2009,1AN,RS,Boys,Football
New Town,2010,1AN,RS,Boys,Football
New Town,2011,1AN,RS,Boys,Football
New Town,2021,2AN,RR2,Boys,Football
New Town,2022,2AN,RR2,Boys,Football
New Town,2023,2AN,RR2,Boys,Football
North Caroline,2015,2AE,SF,Boys,Football
North Caroline,2019,2AE,QF,Boys,Football
North Caroline,2016,2AE,RR,Boys,Football
North Caroline,2018,2AE,RR,Boys,Football
North Caroline,2003,1AE,RS,Boys,Football
North Caroline,2004,1AE,RS,Boys,Football
North Caroline,2005,2AE,RS,Boys,Football
North Caroline,2009,2AE,RS,Boys,Football
North Caroline,2017,2AE,RS,Boys,Football
North Caroline,2021,2AE,RR2,Boys,Football
North Caroline,2022,2AE,RR2,Boys,Football
North Caroline,2023,2AE,RR2,Boys,Football
x-North Carroll,1978,C,SF,Boys,Football
x-North Carroll,2013,1AW,RR,Boys,Football
x-North Carroll,2014,1AW,RR,Boys,Football
x-North Carroll,2007,4AN,RS,Boys,Football
x-North Carroll,2015,1AN,RS,Boys,Football
North County,1994,4A,CH,Boys,Football
North County,1992,4A,SF,Boys,Football
North County,1991,4A,QF,Boys,Football
North County,1993,4A,QF,Boys,Football
North County,1996,4A,QF,Boys,Football
North County,2005,4AE,RS,Boys,Football
North County,2007,4AE,RS,Boys,Football
North County,2008,4AE,RS,Boys,Football
North County,2021,4AE,RR2,Boys,Football
North County,2019,4AE,RR1,Boys,Football
North County,2022,4AE,RR1,Boys,Football
North County,2023,4AE,RR1,Boys,Football
Northeast - AA,1981,A,SF,Boys,Football
Northeast - AA,2018,3AE,RS,Boys,Football
Northeast - AA,2022,2AS,RR2,Boys,Football
Northeast - AA,2023,3AS,RR2,Boys,Football
Northeast - AA,2019,3AS,RR1,Boys,Football
Northeast - AA,2021,2AS,RR1,Boys,Football
North East - Cecil,1986,B,SF,Boys,Football
North East - Cecil,2002,1A,SF,Boys,Football
North East - Cecil,2019,2AE,RR1,Boys,Football
North East - Cecil,2021,2A/1AE,RR1,Boys,Football
North East - Cecil,2022,2A/1AE,RR1,Boys,Football
North East - Cecil,2023,2A/1AN,RR1,Boys,Football
North Hagerstown,1990,3A,QF,Boys,Football
North Hagerstown,2003,2AW,RR,Boys,Football
North Hagerstown,2006,2AW,RR,Boys,Football
North Hagerstown,2004,2AW,RS,Boys,Football
North Hagerstown,2012,3AW,RS,Boys,Football
North Hagerstown,2021,3AW,RR1,Boys,Football
North Hagerstown,2022,3AW,RR1,Boys,Football
North Hagerstown,2023,3AW,RR1,Boys,Football
North Harford,2007,3AE,RR,Boys,Football
North Harford,2010,3AN,RR,Boys,Football
North Harford,2011,3AN,RR,Boys,Football
North Harford,2005,3AE,RS,Boys,Football
North Harford,2006,3AE,RS,Boys,Football
North Harford,2009,3AN,RS,Boys,Football
North Harford,2012,3AN,RS,Boys,Football
North Harford,2016,3AN,RS,Boys,Football
North Harford,2021,2AE,RR1,Boys,Football
North Harford,2022,2AE,RR1,Boys,Football
North Harford,2023,2AN,RR1,Boys,Football
North Point,2022,4A/3AE,CH,Boys,Football
North Point,2018,4AE,RU,Boys,Football
North Point,2023,4A/3AE,RU,Boys,Football
North Point,2017,4AE,SF,Boys,Football
North Point,2019,3AS,QF,Boys,Football
North Point,2021,4A/3AE,QF,Boys,Football
North Point,2011,4AE,RR,Boys,Football
North Point,2008,2AS,RS,Boys,Football
North Point,2009,4AE,RS,Boys,Football
North Point,2010,4AE,RS,Boys,Football
North Point,2014,4AE,RS,Boys,Football
North Point,2015,4AE,RS,Boys,Football
North Point,2016,4AE,RS,Boys,Football
Northern - Calvert,2021,3AE,CH,Boys,Football
Northern - Calvert,1988,3A,SF,Boys,Football
Northern - Calvert,1989,3A,SF,Boys,Football
Northern - Calvert,1990,3A,SF,Boys,Football
Northern - Calvert,2023,3AS,SF,Boys,Football
Northern - Calvert,2017,3AS,RR,Boys,Football
Northern - Calvert,2018,3AS,RR,Boys,Football
Northern - Calvert,2003,3AS,RS,Boys,Football
Northern - Calvert,2022,3AE,RR2,Boys,Football
Northern - Calvert,2019,3AS,RR1,Boys,Football
Northern - Garrett,1982,C,SF,Boys,Football
Northern - Garrett,1992,1A,SF,Boys,Football
Northern - Garrett,2000,1A,SF,Boys,Football
Northern - Garrett,1990,1A,QF,Boys,Football
Northern - Garrett,1991,1A,QF,Boys,Football
Northern - Garrett,1999,1A,QF,Boys,Football
Northern - Garrett,2004,1AW,RS,Boys,Football
Northern - Garrett,2010,1AW,RS,Boys,Football
Northern - Garrett,2014,1AW,RS,Boys,Football
Northern - Garrett,2015,1AW,RS,Boys,Football
Northern - Garrett,2016,1AW,RS,Boys,Football
Northern - Garrett,2021,1AW,RR2,Boys,Football
Northern - Garrett,2022,1AW,RR2,Boys,Football
Northern - Garrett,2023,1AW,RR2,Boys,Football
Northern - Garrett,2019,1AW,RR1,Boys,Football
Northwest,2004,3AW,CH,Boys,Football
Northwest,2013,4AW,CH,Boys,Football
Northwest,2014,4AW,CH,Boys,Football
Northwest,2019,4AW,RU,Boys,Football
Northwest,2002,3A,SF,Boys,Football
Northwest,2006,4AW,SF,Boys,Football
Northwest,2015,4AW,SF,Boys,Football
Northwest,2021,4AW,SF,Boys,Football
Northwest,1999,2A,QF,Boys,Football
Northwest,2000,2A,QF,Boys,Football
Northwest,2023,4AN,QF,Boys,Football
Northwest,2012,4AW,RR,Boys,Football
Northwest,2017,4AW,RR,Boys,Football
Northwest,2018,4AW,RR,Boys,Football
Northwest,2003,3AW,RS,Boys,Football
Northwest,2008,4AW,RS,Boys,Football
Northwest,2016,4AW,RS,Boys,Football
Northwest,2022,4AW,RR2,Boys,Football
Northwestern - PG,1998,4A,SF,Boys,Football
Northwestern - PG,2003,4AS,RS,Boys,Football
Northwestern - PG,2019,4AS,RR1,Boys,Football
Northwestern - PG,2021,4AS,RR1,Boys,Football
Northwestern - PG,2022,4AS,RR1,Boys,Football
Northwestern - PG,2023,4AN,RR1,Boys,Football
Northwood,1974,A,RU,Boys,Football
Northwood,1982,A,RU,Boys,Football
Northwood,1975,A,SF,Boys,Football
Northwood,2022,4A/3AS,RR1,Boys,Football
Northwood,2023,4A/3AS,RR1,Boys,Football
Oakdale,2018,2AW,CH,Boys,Football
Oakdale,2023,3AW,CH,Boys,Football
Oakdale,2022,3AW,RU,Boys,Football
Oakdale,2016,3AW,RR,Boys,Football
Oakdale,2014,2AW,RS,Boys,Football
Oakdale,2015,3AW,RS,Boys,Football
Oakdale,2017,2AW,RS,Boys,Football
Oakdale,2021,3AW,RR2,Boys,Football
Oakdale,2019,2AW,RR1,Boys,Football
Oakland Mills,1998,1A,CH,Boys,Football
Oakland Mills,1982,B,RU,Boys,Football
Oakland Mills,2001,1A,RU,Boys,Football
Oakland Mills,1978,B,SF,Boys,Football
Oakland Mills,1983,B,SF,Boys,Football
Oakland Mills,1984,B,SF,Boys,Football
Oakland Mills,1990,3A,SF,Boys,Football
Oakland Mills,2021,2AW,SF,Boys,Football
Oakland Mills,1991,2A,QF,Boys,Football
Oakland Mills,1994,2A,QF,Boys,Football
Oakland Mills,1995,2A,QF,Boys,Football
Oakland Mills,2000,1A,QF,Boys,Football
Oakland Mills,2002,1A,QF,Boys,Football
Oakland Mills,2023,3AE,QF,Boys,Football
Oakland Mills,2003,1AS,RS,Boys,Football
Oakland Mills,2014,2AS,RS,Boys,Football
Oakland Mills,2015,2AW,RS,Boys,Football
Oakland Mills,2018,2AS,RS,Boys,Football
Oakland Mills,2022,2AW,RR2,Boys,Football
Oakland Mills,2019,2AW,RR1,Boys,Football
Old Mill,2009,4AE,CH,Boys,Football
Old Mill,2011,4AE,CH,Boys,Football
Old Mill,2014,4AE,RU,Boys,Football
Old Mill,2005,4AE,SF,Boys,Football
Old Mill,2019,4AE,SF,Boys,Football
Old Mill,1990,4A,QF,Boys,Football
Old Mill,1991,4A,QF,Boys,Football
Old Mill,1999,4A,QF,Boys,Football
Old Mill,2000,4A,QF,Boys,Football
Old Mill,2001,4A,QF,Boys,Football
Old Mill,2002,4A,QF,Boys,Football
Old Mill,2021,4AE,QF,Boys,Football
Old Mill,2022,4AE,QF,Boys,Football
Old Mill,2023,4AE,QF,Boys,Football
Old Mill,2004,4AE,RR,Boys,Football
Old Mill,2006,4AE,RR,Boys,Football
Old Mill,2012,4AE,RR,Boys,Football
Old Mill,2015,4AE,RR,Boys,Football
Old Mill,2003,4AE,RS,Boys,Football
Old Mill,2007,4AE,RS,Boys,Football
Old Mill,2008,4AE,RS,Boys,Football
Old Mill,2010,4AE,RS,Boys,Football
Old Mill,2013,4AE,RS,Boys,Football
Old Mill,2016,4AE,RS,Boys,Football
Overlea,1988,3A,RU,Boys,Football
Overlea,1983,A,SF,Boys,Football
Overlea,1987,A,SF,Boys,Football
Overlea,1989,2A,SF,Boys,Football
Overlea,1991,2A,SF,Boys,Football
Overlea,1992,2A,SF,Boys,Football
Overlea,2011,1AN,SF,Boys,Football
Overlea,1986,A,QF,Boys,Football
Overlea,1990,2A,QF,Boys,Football
Overlea,1993,2A,QF,Boys,Football
Overlea,2005,2AN,RR,Boys,Football
Overlea,2006,2AN,RS,Boys,Football
Overlea,2012,1AS,RS,Boys,Football
Overlea,2014,2AN,RS,Boys,Football
Overlea,2016,2AN,RS,Boys,Football
Overlea,2017,1AN,RS,Boys,Football
Overlea,2019,2AN,RR1,Boys,Football
Overlea,2021,2AN,RR1,Boys,Football
Overlea,2022,2AN,RR1,Boys,Football
Overlea,2023,3AN,RR1,Boys,Football
Owings Mills,1990,1A,SF,Boys,Football
Owings Mills,1986,C,QF,Boys,Football
Owings Mills,1987,C,QF,Boys,Football
Owings Mills,1997,2A,QF,Boys,Football
Owings Mills,2021,2AN,QF,Boys,Football
Owings Mills,2023,2AN,QF,Boys,Football
Owings Mills,2012,2AN,RS,Boys,Football
Owings Mills,2019,2AN,RR2,Boys,Football
Owings Mills,2022,2AN,RR2,Boys,Football
Oxon Hill,1982,AA,CH,Boys,Football
Oxon Hill,1984,AA,SF,Boys,Football
Oxon Hill,1986,AA,SF,Boys,Football
Oxon Hill,1989,4A,SF,Boys,Football
Oxon Hill,1990,4A,SF,Boys,Football
Oxon Hill,1991,4A,SF,Boys,Football
Oxon Hill,1993,4A,SF,Boys,Football
Oxon Hill,2017,3AS,SF,Boys,Football
Oxon Hill,1985,AA,QF,Boys,Football
Oxon Hill,1987,AA,QF,Boys,Football
Oxon Hill,1988,4A,QF,Boys,Football
Oxon Hill,1996,4A,QF,Boys,Football
Oxon Hill,2016,3AS,RR,Boys,Football
Oxon Hill,2004,4AS,RS,Boys,Football
Oxon Hill,2007,4AS,RS,Boys,Football
Oxon Hill,2019,3AS,RR2,Boys,Football
Oxon Hill,2023,3AE,RR2,Boys,Football
Oxon Hill,2021,3AE,RR1,Boys,Football
Oxon Hill,2022,3AE,RR1,Boys,Football
Paint Branch,1975,B,CH,Boys,Football
Paint Branch,1974,B,RU,Boys,Football
Paint Branch,2013,4AN,SF,Boys,Football
Paint Branch,1989,3A,QF,Boys,Football
Paint Branch,1991,4A,QF,Boys,Football
Paint Branch,1998,4A,QF,Boys,Football
Paint Branch,2000,3A,QF,Boys,Football
Paint Branch,2019,4AN,QF,Boys,Football
Paint Branch,2021,4AN,QF,Boys,Football
Paint Branch,2022,4AN,QF,Boys,Football
Paint Branch,2009,4AW,RR,Boys,Football
Paint Branch,2014,4AN,RR,Boys,Football
Paint Branch,2017,4AN,RR,Boys,Football
Paint Branch,2018,4AN,RR,Boys,Football
Paint Branch,2011,4AN,RS,Boys,Football
Paint Branch,2023,4AN,RR2,Boys,Football
Parkdale,1974,AA,CH,Boys,Football
Parkdale,2002,4A,CH,Boys,Football
Parkdale,1975,AA,RU,Boys,Football
Parkdale,1989,4A,QF,Boys,Football
Parkdale,2000,4A,QF,Boys,Football
Parkdale,2007,4AS,RR,Boys,Football
Parkdale,2019,4AS,RR1,Boys,Football
Parkdale,2021,4AS,RR1,Boys,Football
Parkdale,2022,4AS,RR1,Boys,Football
Parkdale,2023,4AS,RR1,Boys,Football
Parkside,2007,2AE,RR,Boys,Football
Parkside,2008,2AE,RS,Boys,Football
Parkside,2018,2AE,RS,Boys,Football
Parkside,2019,2AE,RR2,Boys,Football
Parkside,2022,2A/1AE,RR2,Boys,Football
Parkside,2021,2A/1AE,RR1,Boys,Football
Parkside,2023,2AE,RR1,Boys,Football
Parkville,2019,4AN,QF,Boys,Football
Parkville,2004,4AN,RS,Boys,Football
Parkville,2005,4AN,RS,Boys,Football
Parkville,2006,4AN,RS,Boys,Football
Parkville,2021,4AE,RR2,Boys,Football
Parkville,2022,4AE,RR1,Boys,Football
Parkville,2023,4AE,RR1,Boys,Football
Patapsco,2003,3AN,RS,Boys,Football
Patapsco,2021,3AN,RR1,Boys,Football
Patapsco,2022,3AN,RR1,Boys,Football
Patapsco,2023,2AN,RR1,Boys,Football
Patterson,1994,4A,SF,Boys,Football
Patterson,1999,4A,SF,Boys,Football
Patterson,2004,4AN,SF,Boys,Football
Patterson,2013,2AN,SF,Boys,Football
Patterson,1993,4A,QF,Boys,Football
Patterson,1995,4A,QF,Boys,Football
Patterson,1996,4A,QF,Boys,Football
Patterson,1998,4A,QF,Boys,Football
Patterson,2001,4A,QF,Boys,Football
Patterson,2003,4AN,RR,Boys,Football
Patterson,2009,4AN,RR,Boys,Football
Patterson,2010,4AN,RR,Boys,Football
Patterson,2015,2AN,RR,Boys,Football
Patterson,2005,4AN,RS,Boys,Football
Patterson,2019,2AN,RR1,Boys,Football
Patterson,2021,2AN,RR1,Boys,Football
Patterson,2022,2AN,RR1,Boys,Football
Patterson,2023,3AN,RR1,Boys,Football
Patterson Mill,2010,1AE,RS,Boys,Football
Patterson Mill,2011,2AE,RS,Boys,Football
Patterson Mill,2022,1AN,RR2,Boys,Football
Patterson Mill,2023,1AN,RR2,Boys,Football
Patterson Mill,2019,1AE,RR1,Boys,Football
Patterson Mill,2021,1AN,RR1,Boys,Football
Patuxent,2015,2AS,CH,Boys,Football
Patuxent,2001,3A,RU,Boys,Football
Patuxent,2013,2AS,RU,Boys,Football
Patuxent,2022,2A/1AS,RU,Boys,Football
Patuxent,2023,2A/1AS,SF,Boys,Football
Patuxent,2006,2AS,RR,Boys,Football
Patuxent,2007,2AS,RR,Boys,Football
Patuxent,2014,2AS,RR,Boys,Football
Patuxent,2016,2AS,RR,Boys,Football
Patuxent,2004,4AE,RS,Boys,Football
Patuxent,2011,2AS,RS,Boys,Football
Patuxent,2012,2AS,RS,Boys,Football
Patuxent,2019,2AS,RR2,Boys,Football
Patuxent,2021,2A/1AS,RR2,Boys,Football
Perry Hall,1974,AA,RU,Boys,Football
Perry Hall,1993,4A,SF,Boys,Football
Perry Hall,2023,4A/3AN,SF,Boys,Football
Perry Hall,1989,4A,QF,Boys,Football
Perry Hall,1992,4A,QF,Boys,Football
Perry Hall,2022,4A/3AN,QF,Boys,Football
Perry Hall,2004,4AN,RR,Boys,Football
Perry Hall,2005,4AN,RR,Boys,Football
Perry Hall,2006,4AN,RR,Boys,Football
Perry Hall,2007,4AN,RR,Boys,Football
Perry Hall,2008,4AN,RR,Boys,Football
Perry Hall,2013,4AN,RR,Boys,Football
Perry Hall,2003,4AN,RS,Boys,Football
Perry Hall,2010,4AN,RS,Boys,Football
Perry Hall,2011,4AN,RS,Boys,Football
Perry Hall,2014,4AN,RS,Boys,Football
Perry Hall,2017,4AN,RS,Boys,Football
Perry Hall,2021,4A/3AN,RR2,Boys,Football
Perryville,2011,1AE,RU,Boys,Football
Perryville,2012,1AE,SF,Boys,Football
Perryville,2021,1AE,SF,Boys,Football
Perryville,2023,1AE,SF,Boys,Football
Perryville,1991,1A,QF,Boys,Football
Perryville,1996,1A,QF,Boys,Football
Perryville,2019,1AE,QF,Boys,Football
Perryville,2022,1AE,QF,Boys,Football
Perryville,2013,1AE,RR,Boys,Football
Perryville,2004,1AN,RS,Boys,Football
Perryville,2016,1AE,RS,Boys,Football
Perryville,2018,1AE,RS,Boys,Football
Pikesville,1999,1A,QF,Boys,Football
Pikesville,2008,1AN,RR,Boys,Football
Pikesville,2009,1AN,RR,Boys,Football
Pikesville,2005,1AN,RS,Boys,Football
Pikesville,2021,1AN,RR2,Boys,Football
Pikesville,2019,1AS,RR1,Boys,Football
Pikesville,2023,1AN,RR1,Boys,Football
y-Pocomoke,1975,C,SF,Boys,Football
Baltimore Polytechnic Institute,1993,3A,RU,Boys,Football
Baltimore Polytechnic Institute,1997,2A,SF,Boys,Football
Baltimore Polytechnic Institute,1994,3A,QF,Boys,Football
Baltimore Polytechnic Institute,1998,2A,QF,Boys,Football
Baltimore Polytechnic Institute,2011,4AN,RR,Boys,Football
Baltimore Polytechnic Institute,2003,2AN,RS,Boys,Football
Baltimore Polytechnic Institute,2004,2AN,RS,Boys,Football
Baltimore Polytechnic Institute,2007,2AN,RS,Boys,Football
Baltimore Polytechnic Institute,2008,2AN,RS,Boys,Football
Baltimore Polytechnic Institute,2009,3AN,RS,Boys,Football
Baltimore Polytechnic Institute,2021,3AS,RR2,Boys,Football
Baltimore Polytechnic Institute,2023,3AN,RR1,Boys,Football
Poolesville,1983,C,RU,Boys,Football
Poolesville,1974,C,SF,Boys,Football
Poolesville,1989,1A,SF,Boys,Football
Poolesville,1985,C,QF,Boys,Football
Poolesville,1988,1A,QF,Boys,Football
Poolesville,1996,1A,QF,Boys,Football
Poolesville,1997,1A,QF,Boys,Football
Poolesville,2003,1AS,RR,Boys,Football
Poolesville,2004,1AS,RR,Boys,Football
Poolesville,2005,1AS,RR,Boys,Football
Poolesville,2012,2AW,RS,Boys,Football
Poolesville,2013,2AW,RS,Boys,Football
Poolesville,2014,2AW,RS,Boys,Football
Poolesville,2022,2AW,RR2,Boys,Football
Poolesville,2021,2AW,RR1,Boys,Football
Poolesville,2023,2AW,RR1,Boys,Football
Potomac,2004,2AS,CH,Boys,Football
Potomac,2005,2AS,CH,Boys,Football
Potomac,1995,2A,RU,Boys,Football
Potomac,2003,2AS,RU,Boys,Football
Potomac,2019,2AS,RU,Boys,Football
Potomac,2015,3AS,SF,Boys,Football
Potomac,2016,3AS,SF,Boys,Football
Potomac,1993,2A,QF,Boys,Football
Potomac,1994,2A,QF,Boys,Football
Potomac,1996,2A,QF,Boys,Football
Potomac,2001,2A,QF,Boys,Football
Potomac,2022,2AS,QF,Boys,Football
Potomac,2023,2AS,QF,Boys,Football
Potomac,2014,3AS,RR,Boys,Football
Potomac,2009,3AS,RS,Boys,Football
Potomac,2011,3AS,RS,Boys,Football
Potomac,2012,3AS,RS,Boys,Football
Potomac,2017,3AS,RS,Boys,Football
Potomac,2018,3AS,RS,Boys,Football
Potomac,2021,2AS,RR2,Boys,Football
Queen Annes,2009,2AE,RU,Boys,Football
Queen Annes,2004,1AE,SF,Boys,Football
Queen Annes,2008,2AE,SF,Boys,Football
Queen Annes,2010,2AE,SF,Boys,Football
Queen Annes,1985,A,QF,Boys,Football
Queen Annes,1999,2A,QF,Boys,Football
Queen Annes,2005,2AE,RS,Boys,Football
Queen Annes,2006,2AE,RS,Boys,Football
Queen Annes,2007,2AE,RS,Boys,Football
Queen Annes,2012,2AE,RS,Boys,Football
Queen Annes,2013,2AE,RS,Boys,Football
Queen Annes,2014,2AE,RS,Boys,Football
Queen Annes,2015,2AE,RS,Boys,Football
Queen Annes,2016,2AE,RS,Boys,Football
Queen Annes,2023,2AE,RR2,Boys,Football
Queen Annes,2021,2AE,RR1,Boys,Football
Queen Annes,2022,2AE,RR1,Boys,Football
Quince Orchard,1991,4A,CH,Boys,Football
Quince Orchard,2007,4AW,CH,Boys,Football
Quince Orchard,2018,4AW,CH,Boys,Football
Quince Orchard,2021,4AW,CH,Boys,Football
Quince Orchard,2022,4AW,CH,Boys,Football
Quince Orchard,2011,4AW,RU,Boys,Football
Quince Orchard,2012,4AW,RU,Boys,Football
Quince Orchard,2016,4AW,RU,Boys,Football
Quince Orchard,2017,4AW,RU,Boys,Football
Quince Orchard,2019,4AW,SF,Boys,Football
Quince Orchard,1993,4A,QF,Boys,Football
Quince Orchard,2005,4AW,RR,Boys,Football
Quince Orchard,2006,4AW,RR,Boys,Football
Quince Orchard,2008,4AW,RR,Boys,Football
Quince Orchard,2009,3AW,RR,Boys,Football
Quince Orchard,2010,3AW,RR,Boys,Football
Quince Orchard,2013,4AW,RR,Boys,Football
Quince Orchard,2014,4AW,RR,Boys,Football
Quince Orchard,2015,4AW,RR,Boys,Football
Quince Orchard,2004,4AW,RS,Boys,Football
Quince Orchard,2023,4AW,RR2,Boys,Football
Randallstown,1984,AA,CH,Boys,Football
Randallstown,1990,4A,CH,Boys,Football
Randallstown,1979,AA,RU,Boys,Football
Randallstown,1980,AA,RU,Boys,Football
Randallstown,1975,A,SF,Boys,Football
Randallstown,1976,A,SF,Boys,Football
Randallstown,1988,4A,SF,Boys,Football
Randallstown,1989,4A,SF,Boys,Football
Randallstown,1998,2A,SF,Boys,Football
Randallstown,1999,3A,SF,Boys,Football
Randallstown,2003,3AN,SF,Boys,Football
Randallstown,1994,3A,QF,Boys,Football
Randallstown,1995,3A,QF,Boys,Football
Randallstown,1997,2A,QF,Boys,Football
Randallstown,2000,3A,QF,Boys,Football
Randallstown,2001,3A,QF,Boys,Football
Randallstown,2019,1AS,QF,Boys,Football
Randallstown,2004,3AN,RR,Boys,Football
Randallstown,2013,2AN,RS,Boys,Football
Randallstown,2016,2AN,RS,Boys,Football
Randallstown,2023,2A/1AE,RR2,Boys,Football
Reservoir,2015,3AE,SF,Boys,Football
Reservoir,2013,3AE,RR,Boys,Football
Reservoir,2012,3AE,RS,Boys,Football
Reservoir,2014,3AE,RS,Boys,Football
Reservoir,2023,4A/3AE,RR2,Boys,Football
Reservoir,2021,4A/3AW,RR1,Boys,Football
Reservoir,2022,4A/3AW,RR1,Boys,Football
Colonel Richardson,2021,1AE,QF,Boys,Football
Colonel Richardson,2004,1AE,RS,Boys,Football
Colonel Richardson,2017,1AE,RS,Boys,Football
Colonel Richardson,2018,1AE,RS,Boys,Football
Colonel Richardson,2022,1AE,RR2,Boys,Football
Colonel Richardson,2019,1AE,RR1,Boys,Football
Colonel Richardson,2023,1AE,RR1,Boys,Football
Rising Sun,1977,C,SF,Boys,Football
Rising Sun,1981,C,SF,Boys,Football
Rising Sun,1990,1A,SF,Boys,Football
Rising Sun,2001,1A,QF,Boys,Football
Rising Sun,2006,1AE,RR,Boys,Football
Rising Sun,2004,2AE,RS,Boys,Football
Rising Sun,2005,1AE,RS,Boys,Football
Rising Sun,2022,2A/1AE,RR2,Boys,Football
Rising Sun,2019,2AE,RR1,Boys,Football
Rising Sun,2021,2A/1AE,RR1,Boys,Football
Rising Sun,2023,2A/1AN,RR1,Boys,Football
River Hill,2007,2AS,CH,Boys,Football
River Hill,2008,2AS,CH,Boys,Football
River Hill,2011,3AE,CH,Boys,Football
River Hill,2012,3AE,CH,Boys,Football
River Hill,2006,3AE,RU,Boys,Football
River Hill,2005,3AE,SF,Boys,Football
River Hill,2009,3AE,SF,Boys,Football
River Hill,2013,3AE,SF,Boys,Football
River Hill,2022,3AS,SF,Boys,Football
River Hill,2010,3AE,RR,Boys,Football
River Hill,2014,3AE,RR,Boys,Football
River Hill,2016,3AE,RR,Boys,Football
River Hill,2018,2AS,RR,Boys,Football
River Hill,2003,3AE,RS,Boys,Football
River Hill,2004,3AE,RS,Boys,Football
River Hill,2017,2AS,RS,Boys,Football
River Hill,2021,3AS,RR2,Boys,Football
River Hill,2019,3AE,RR1,Boys,Football
River Hill,2023,3AE,RR1,Boys,Football
Rockville,1997,2A,QF,Boys,Football
Rockville,2007,2AW,RS,Boys,Football
Rockville,2009,2AW,RS,Boys,Football
Rockville,2010,2AW,RS,Boys,Football
Rockville,2016,3AS,RS,Boys,Football
Rockville,2019,3AW,RR2,Boys,Football
Rockville,2021,3AW,RR1,Boys,Football
Rockville,2022,3AW,RR1,Boys,Football
Rockville,2023,3AW,RR1,Boys,Football
Eleanor Roosevelt,1999,4A,CH,Boys,Football
Eleanor Roosevelt,1996,4A,RU,Boys,Football
Eleanor Roosevelt,2001,4A,RU,Boys,Football
Eleanor Roosevelt,2000,4A,SF,Boys,Football
Eleanor Roosevelt,2003,4AS,SF,Boys,Football
Eleanor Roosevelt,2023,4AS,SF,Boys,Football
Eleanor Roosevelt,1995,4A,QF,Boys,Football
Eleanor Roosevelt,2010,4AS,RR,Boys,Football
Eleanor Roosevelt,2014,4AS,RR,Boys,Football
Eleanor Roosevelt,2015,4AS,RR,Boys,Football
Eleanor Roosevelt,2016,4AS,RR,Boys,Football
Eleanor Roosevelt,2017,4AS,RR,Boys,Football
Eleanor Roosevelt,2004,4AS,RS,Boys,Football
Eleanor Roosevelt,2005,4AS,RS,Boys,Football
Eleanor Roosevelt,2006,4AS,RS,Boys,Football
Eleanor Roosevelt,2008,4AS,RS,Boys,Football
Eleanor Roosevelt,2009,4AS,RS,Boys,Football
Eleanor Roosevelt,2011,4AS,RS,Boys,Football
Eleanor Roosevelt,2012,4AS,RS,Boys,Football
Eleanor Roosevelt,2018,4AS,RS,Boys,Football
Eleanor Roosevelt,2021,4AS,RR2,Boys,Football
Eleanor Roosevelt,2022,4AS,RR2,Boys,Football
Eleanor Roosevelt,2019,4AS,RR1,Boys,Football
Saint Charles,2022,3AE,SF,Boys,Football
Saint Charles,2018,3AS,RS,Boys,Football
Saint Charles,2019,3AS,RR2,Boys,Football
Saint Charles,2021,3AE,RR2,Boys,Football
Saint Charles,2023,3AS,RR1,Boys,Football
SEED School,2023,1AS,QF,Boys,Football
SEED School,2022,1AN,RR2,Boys,Football
Seneca Valley,1976,B,CH,Boys,Football
Seneca Valley,1977,A,CH,Boys,Football
Seneca Valley,1979,A,CH,Boys,Football
Seneca Valley,1980,A,CH,Boys,Football
Seneca Valley,1987,AA,CH,Boys,Football
Seneca Valley,1992,3A,CH,Boys,Football
Seneca Valley,1993,3A,CH,Boys,Football
Seneca Valley,1994,3A,CH,Boys,Football
Seneca Valley,1997,3A,CH,Boys,Football
Seneca Valley,1998,4A,CH,Boys,Football
Seneca Valley,1999,4A,CH,Boys,Football
Seneca Valley,2002,3A,CH,Boys,Football
Seneca Valley,1985,AA,SF,Boys,Football
Seneca Valley,1991,3A,SF,Boys,Football
Seneca Valley,1995,4A,SF,Boys,Football
Seneca Valley,1996,4A,SF,Boys,Football
Seneca Valley,2001,3A,SF,Boys,Football
Seneca Valley,2008,3AW,SF,Boys,Football
Seneca Valley,1986,AA,QF,Boys,Football
Seneca Valley,1990,4A,QF,Boys,Football
Seneca Valley,2021,4A/3AW,QF,Boys,Football
Seneca Valley,2022,4A/3AW,QF,Boys,Football
Seneca Valley,2005,3AW,RR,Boys,Football
Seneca Valley,2007,3AW,RR,Boys,Football
Seneca Valley,2015,3AW,RR,Boys,Football
Seneca Valley,2003,3AW,RS,Boys,Football
Seneca Valley,2004,3AW,RS,Boys,Football
Seneca Valley,2006,3AW,RS,Boys,Football
Seneca Valley,2010,3AW,RS,Boys,Football
Seneca Valley,2011,3AW,RS,Boys,Football
Seneca Valley,2012,3AW,RS,Boys,Football
Seneca Valley,2019,2AW,RR1,Boys,Football
Seneca Valley,2023,4AW,RR1,Boys,Football
Severna Park,1974,AA,SF,Boys,Football
Severna Park,1987,AA,SF,Boys,Football
Severna Park,1999,4A,SF,Boys,Football
Severna Park,1988,4A,QF,Boys,Football
Severna Park,1990,4A,QF,Boys,Football
Severna Park,1994,4A,QF,Boys,Football
Severna Park,2005,3AE,RR,Boys,Football
Severna Park,2006,3AE,RR,Boys,Football
Severna Park,2008,4AE,RR,Boys,Football
Severna Park,2003,3AS,RS,Boys,Football
Severna Park,2004,3AS,RS,Boys,Football
Severna Park,2021,4A/3AE,RR2,Boys,Football
Severna Park,2019,4AE,RR1,Boys,Football
Severna Park,2022,4A/3AE,RR1,Boys,Football
Severna Park,2023,4A/3AE,RR1,Boys,Football
Sherwood,1995,4A,CH,Boys,Football
Sherwood,1996,4A,CH,Boys,Football
Sherwood,2008,4AW,CH,Boys,Football
Sherwood,1979,B,RU,Boys,Football
Sherwood,2000,4A,RU,Boys,Football
Sherwood,2002,4A,RU,Boys,Football
Sherwood,2005,4AN,RU,Boys,Football
Sherwood,2006,4AN,RU,Boys,Football
Sherwood,1980,B,SF,Boys,Football
Sherwood,1997,4A,SF,Boys,Football
Sherwood,1998,4A,SF,Boys,Football
Sherwood,2009,4AW,SF,Boys,Football
Sherwood,2021,4A/3AS,SF,Boys,Football
Sherwood,1986,A,QF,Boys,Football
Sherwood,1994,4A,QF,Boys,Football
Sherwood,2022,4A/3AS,QF,Boys,Football
Sherwood,2007,4AW,RR,Boys,Football
Sherwood,2010,4AW,RR,Boys,Football
Sherwood,2012,4AN,RR,Boys,Football
Sherwood,2013,4AN,RR,Boys,Football
Sherwood,2015,4AN,RR,Boys,Football
Sherwood,2016,4AN,RS,Boys,Football
Sherwood,2017,4AN,RS,Boys,Football
Sherwood,2018,4AN,RS,Boys,Football
Sherwood,2019,4AN,RR2,Boys,Football
Sherwood,2023,3AW,RR2,Boys,Football
Smithsburg,1976,C,CH,Boys,Football
Smithsburg,1979,C,CH,Boys,Football
Smithsburg,1984,C,CH,Boys,Football
Smithsburg,1988,1A,CH,Boys,Football
Smithsburg,1994,1A,CH,Boys,Football
Smithsburg,1975,C,RU,Boys,Football
Smithsburg,1989,1A,RU,Boys,Football
Smithsburg,1990,1A,RU,Boys,Football
Smithsburg,1991,1A,RU,Boys,Football
Smithsburg,1974,B,SF,Boys,Football
Smithsburg,1977,C,SF,Boys,Football
Smithsburg,1978,C,SF,Boys,Football
Smithsburg,1985,C,SF,Boys,Football
Smithsburg,1987,C,SF,Boys,Football
Smithsburg,1992,1A,QF,Boys,Football
Smithsburg,1993,1A,QF,Boys,Football
Smithsburg,2004,1AW,RR,Boys,Football
Smithsburg,2003,1AW,RS,Boys,Football
Smithsburg,2007,1AW,RS,Boys,Football
Smithsburg,2008,1AW,RS,Boys,Football
Smithsburg,2009,1AW,RS,Boys,Football
Smithsburg,2010,1AW,RS,Boys,Football
Smithsburg,2021,1AW,RR1,Boys,Football
Smithsburg,2023,1AW,RR1,Boys,Football
Snow Hill,1980,C,CH,Boys,Football
Snow Hill,1982,C,CH,Boys,Football
Snow Hill,1977,C,RU,Boys,Football
Snow Hill,1978,C,RU,Boys,Football
Snow Hill,2005,1AE,RU,Boys,Football
Snow Hill,1974,C,SF,Boys,Football
Snow Hill,1976,C,SF,Boys,Football
Snow Hill,1979,C,SF,Boys,Football
Snow Hill,1994,1A,SF,Boys,Football
Snow Hill,1987,C,QF,Boys,Football
Snow Hill,1997,1A,QF,Boys,Football
Snow Hill,2001,1A,QF,Boys,Football
Snow Hill,2003,1AE,RR,Boys,Football
Snow Hill,2004,1AE,RR,Boys,Football
Snow Hill,2007,1AE,RR,Boys,Football
Snow Hill,2006,1AE,RS,Boys,Football
Snow Hill,2009,1AE,RS,Boys,Football
Snow Hill,2011,1AE,RS,Boys,Football
Snow Hill,2012,1AE,RS,Boys,Football
Snow Hill,2021,1AE,RR1,Boys,Football
Snow Hill,2023,1AE,RR1,Boys,Football
South Carroll,2005,2AW,RU,Boys,Football
South Carroll,2021,2A/1AW,RU,Boys,Football
South Carroll,1980,A,SF,Boys,Football
South Carroll,1983,A,SF,Boys,Football
South Carroll,2003,2AW,SF,Boys,Football
South Carroll,2007,1AN,SF,Boys,Football
South Carroll,2014,2AW,SF,Boys,Football
South Carroll,1988,3A,QF,Boys,Football
South Carroll,2022,2A/1AW,QF,Boys,Football
South Carroll,2009,2AW,RR,Boys,Football
South Carroll,2010,2AW,RR,Boys,Football
South Carroll,2013,2AW,RR,Boys,Football
South Carroll,2015,2AW,RR,Boys,Football
South Carroll,2011,2AW,RS,Boys,Football
South Carroll,2012,2AW,RS,Boys,Football
South Carroll,2023,2A/1AW,RR1,Boys,Football
South Hagerstown,2002,1A,SF,Boys,Football
South Hagerstown,2013,3AW,RS,Boys,Football
South Hagerstown,2014,3AW,RS,Boys,Football
South Hagerstown,2018,3AW,RS,Boys,Football
South Hagerstown,2019,3AW,RR2,Boys,Football
South Hagerstown,2021,3AW,RR1,Boys,Football
South Hagerstown,2022,3AW,RR1,Boys,Football
South Hagerstown,2023,3AW,RR1,Boys,Football
South River,1984,A,RU,Boys,Football
South River,1982,A,SF,Boys,Football
South River,1986,A,SF,Boys,Football
South River,1985,A,QF,Boys,Football
South River,1991,3A,QF,Boys,Football
South River,2018,4AE,RR,Boys,Football
South River,2006,4AE,RS,Boys,Football
South River,2011,4AE,RS,Boys,Football
South River,2012,4AE,RS,Boys,Football
South River,2019,4AW,RR2,Boys,Football
South River,2021,4A/3AE,RR2,Boys,Football
South River,2022,4A/3AE,RR1,Boys,Football
South River,2023,3AS,RR1,Boys,Football
Southern - AA,1993,2A,RU,Boys,Football
Southern - AA,2006,2AE,SF,Boys,Football
Southern - AA,2002,2A,QF,Boys,Football
Southern - AA,2003,2AS,RS,Boys,Football
Southern - AA,2004,2AS,RS,Boys,Football
Southern - AA,2010,2AS,RS,Boys,Football
Southern - AA,2021,2A/1AS,RR1,Boys,Football
Southern - AA,2022,2A/1AS,RR1,Boys,Football
Southern - AA,2023,2A/1AS,RR1,Boys,Football
Southern - Garrett,1979,C,RU,Boys,Football
Southern - Garrett,1980,C,RU,Boys,Football
Southern - Garrett,1995,1A,RU,Boys,Football
Southern - Garrett,1983,C,SF,Boys,Football
Southern - Garrett,1984,C,SF,Boys,Football
Southern - Garrett,1987,B,SF,Boys,Football
Southern - Garrett,1988,2A,SF,Boys,Football
Southern - Garrett,1994,1A,QF,Boys,Football
Southern - Garrett,2001,1A,QF,Boys,Football
Southern - Garrett,2017,1AW,RS,Boys,Football
Southern - Garrett,2018,1AW,RS,Boys,Football
Southern - Garrett,2019,1AW,RR1,Boys,Football
Southern - Garrett,2021,1AW,RR1,Boys,Football
Southside Academy,2006,1AS,RS,Boys,Football
Southside Academy,2010,1AS,RS,Boys,Football
Southside Academy,2011,1AS,RS,Boys,Football
Sparrows Point,1976,B,SF,Boys,Football
Sparrows Point,1981,B,SF,Boys,Football
Sparrows Point,1987,C,QF,Boys,Football
Sparrows Point,1988,1A,QF,Boys,Football
Sparrows Point,1989,1A,QF,Boys,Football
Sparrows Point,2004,1AN,RR,Boys,Football
Sparrows Point,2013,1AN,RR,Boys,Football
Sparrows Point,2006,1AN,RS,Boys,Football
Sparrows Point,2007,1AN,RS,Boys,Football
Sparrows Point,2009,1AN,RS,Boys,Football
Sparrows Point,2010,1AN,RS,Boys,Football
Sparrows Point,2021,2A/1AN,RR2,Boys,Football
Sparrows Point,2022,2A/1AN,RR2,Boys,Football
Sparrows Point,2023,2A/1AN,RR2,Boys,Football
Springbrook,1979,AA,CH,Boys,Football
Springbrook,1980,AA,CH,Boys,Football
Springbrook,1981,AA,CH,Boys,Football
Springbrook,1985,AA,CH,Boys,Football
Springbrook,1988,4A,CH,Boys,Football
Springbrook,1989,4A,CH,Boys,Football
Springbrook,1986,AA,RU,Boys,Football
Springbrook,1987,AA,RU,Boys,Football
Springbrook,1990,4A,SF,Boys,Football
Springbrook,1994,4A,SF,Boys,Football
Springbrook,2003,4AW,RS,Boys,Football
Springbrook,2009,4AW,RS,Boys,Football
Springbrook,2010,4AW,RS,Boys,Football
Springbrook,2021,4A/3AS,RR2,Boys,Football
Springbrook,2022,4A/3AS,RR2,Boys,Football
Springbrook,2023,4A/3AS,RR1,Boys,Football
Thomas Stone,1980,A,RU,Boys,Football
Thomas Stone,1999,3A,RU,Boys,Football
Thomas Stone,1981,A,SF,Boys,Football
Thomas Stone,1982,A,SF,Boys,Football
Thomas Stone,2014,3AS,SF,Boys,Football
Thomas Stone,1987,A,QF,Boys,Football
Thomas Stone,1992,3A,QF,Boys,Football
Thomas Stone,1996,3A,QF,Boys,Football
Thomas Stone,2003,4AE,RR,Boys,Football
Thomas Stone,2017,2AS,RR,Boys,Football
Thomas Stone,2005,4AE,RS,Boys,Football
Thomas Stone,2015,2AS,RS,Boys,Football
Thomas Stone,2021,2AS,RR1,Boys,Football
Thomas Stone,2022,2AS,RR1,Boys,Football
Thomas Stone,2023,2AS,RR1,Boys,Football
Suitland,2004,4AS,CH,Boys,Football
Suitland,2006,4AS,CH,Boys,Football
Suitland,1997,4A,RU,Boys,Football
Suitland,1998,4A,RU,Boys,Football
Suitland,2013,4AS,RU,Boys,Football
Suitland,2007,4AS,SF,Boys,Football
Suitland,1999,4A,QF,Boys,Football
Suitland,2002,4A,QF,Boys,Football
Suitland,2023,4A/3AS,QF,Boys,Football
Suitland,2011,4AS,RR,Boys,Football
Suitland,2012,4AS,RR,Boys,Football
Suitland,2003,4AS,RS,Boys,Football
Suitland,2005,4AS,RS,Boys,Football
Suitland,2008,4AS,RS,Boys,Football
Suitland,2009,4AS,RS,Boys,Football
Suitland,2010,4AS,RS,Boys,Football
Suitland,2014,4AS,RS,Boys,Football
Suitland,2017,4AS,RS,Boys,Football
Suitland,2018,4AS,RS,Boys,Football
Suitland,2019,4AS,RR2,Boys,Football
Suitland,2021,4AS,RR1,Boys,Football
Suitland,2022,4AS,RR1,Boys,Football
Surrattsville,2013,1AN,SF,Boys,Football
Surrattsville,2014,1AN,SF,Boys,Football
Surrattsville,2007,1AS,RR,Boys,Football
Surrattsville,2011,1AS,RR,Boys,Football
Surrattsville,2016,1AN,RR,Boys,Football
Surrattsville,2017,1AS,RS,Boys,Football
Surrattsville,2021,1AE,RR2,Boys,Football
Surrattsville,2019,1AS,RR1,Boys,Football
Surrattsville,2023,1AS,RR1,Boys,Football
Towson,2006,3AN,RS,Boys,Football
Towson,2019,3AN,RR2,Boys,Football
Towson,2023,4A/3AN,RR2,Boys,Football
Towson,2021,3AN,RR1,Boys,Football
Towson,2022,3AN,RR1,Boys,Football
Tuscarora,2008,3AW,RS,Boys,Football
Tuscarora,2009,3AW,RS,Boys,Football
Tuscarora,2016,3AW,RS,Boys,Football
Tuscarora,2021,4A/3AW,RR1,Boys,Football
Tuscarora,2022,4A/3AW,RR1,Boys,Football
Tuscarora,2023,4A/3AW,RR1,Boys,Football
Urbana,1998,2A,CH,Boys,Football
Urbana,1999,2A,CH,Boys,Football
Urbana,2000,2A,CH,Boys,Football
Urbana,2001,3A,CH,Boys,Football
Urbana,2010,4AN,CH,Boys,Football
Urbana,2006,3AW,SF,Boys,Football
Urbana,2012,3AW,SF,Boys,Football
Urbana,2022,4A/3AW,SF,Boys,Football
Urbana,2021,4A/3AW,QF,Boys,Football
Urbana,2023,4A/3AW,QF,Boys,Football
Urbana,2003,3AW,RR,Boys,Football
Urbana,2008,3AW,RR,Boys,Football
Urbana,2013,3AW,RR,Boys,Football
Urbana,2004,3AW,RS,Boys,Football
Urbana,2005,3AW,RS,Boys,Football
Urbana,2007,3AW,RS,Boys,Football
Urbana,2009,4AN,RS,Boys,Football
Urbana,2014,3AW,RS,Boys,Football
Urbana,2019,4AW,RR1,Boys,Football
Valley,1974,C,CH,Boys,Football
Valley,1977,C,CH,Boys,Football
Walbrook,1997,4A,QF,Boys,Football
Walkersville,1987,B,CH,Boys,Football
Walkersville,2016,2AW,CH,Boys,Football
Walkersville,1986,C,RU,Boys,Football
Walkersville,1992,2A,RU,Boys,Football
Walkersville,2015,2AW,RU,Boys,Football
Walkersville,1988,2A,SF,Boys,Football
Walkersville,2023,2AW,SF,Boys,Football
Walkersville,1990,2A,QF,Boys,Football
Walkersville,1996,2A,QF,Boys,Football
Walkersville,2022,2AW,QF,Boys,Football
Walkersville,2011,2AW,RR,Boys,Football
Walkersville,2012,2AW,RR,Boys,Football
Walkersville,2017,2AW,RR,Boys,Football
Walkersville,2003,2AW,RS,Boys,Football
Walkersville,2004,2AW,RS,Boys,Football
Walkersville,2010,2AW,RS,Boys,Football
Walkersville,2019,2AW,RR2,Boys,Football
Walkersville,2021,2AW,RR2,Boys,Football
Washington,2003,1AE,SF,Boys,Football
Washington,1989,1A,QF,Boys,Football
Washington,2021,1AE,RR1,Boys,Football
Washington,2023,1AE,RR1,Boys,Football
Watkins Mill,1993,4A,CH,Boys,Football
Watkins Mill,1991,3A,QF,Boys,Football
Watkins Mill,1999,4A,QF,Boys,Football
Watkins Mill,2015,3AS,RS,Boys,Football
Watkins Mill,2017,3AW,RS,Boys,Football
Watkins Mill,2019,3AW,RR1,Boys,Football
Watkins Mill,2021,4A/3AW,RR1,Boys,Football
Watkins Mill,2022,4A/3AW,RR1,Boys,Football
Watkins Mill,2023,4A/3AW,RR1,Boys,Football
Western STES,2005,1AS,RR,Boys,Football
Western STES,2010,1AN,RR,Boys,Football
Western STES,2003,2AN,RS,Boys,Football
Western STES,2023,2A/1AE,RR2,Boys,Football
Western STES,2021,2A/1AW,RR1,Boys,Football
Western STES,2022,2A/1AW,RR1,Boys,Football
Westlake,2008,3AS,CH,Boys,Football
Westlake,1996,3A,RU,Boys,Football
Westlake,1995,3A,QF,Boys,Football
Westlake,1998,3A,QF,Boys,Football
Westlake,1999,3A,QF,Boys,Football
Westlake,2001,3A,QF,Boys,Football
Westlake,2003,3AS,RR,Boys,Football
Westlake,2004,3AS,RR,Boys,Football
Westlake,2007,3AS,RR,Boys,Football
Westlake,2009,3AS,RR,Boys,Football
Westlake,2011,3AS,RR,Boys,Football
Westlake,2012,3AS,RR,Boys,Football
Westlake,2005,3AS,RS,Boys,Football
Westlake,2006,3AS,RS,Boys,Football
Westlake,2010,3AS,RS,Boys,Football
Westlake,2013,3AS,RS,Boys,Football
Westlake,2017,2AS,RS,Boys,Football
Westlake,2018,2AS,RS,Boys,Football
Westlake,2023,2AS,RR2,Boys,Football
Westlake,2019,2AS,RR1,Boys,Football
Westlake,2021,2AS,RR1,Boys,Football
Westlake,2022,2AS,RR1,Boys,Football
Westmar,1995,1A,QF,Boys,Football
Westmar,1996,1A,QF,Boys,Football
Westmar,2000,1A,QF,Boys,Football
Westminster,1976,A,RU,Boys,Football
Westminster,2005,3AW,RU,Boys,Football
Westminster,1981,AA,SF,Boys,Football
Westminster,2012,4AN,SF,Boys,Football
Westminster,2019,3AE,QF,Boys,Football
Westminster,2021,3AN,QF,Boys,Football
Westminster,2022,3AN,QF,Boys,Football
Westminster,2017,3AW,RR,Boys,Football
Westminster,2018,3AW,RR,Boys,Football
Westminster,2008,4AN,RS,Boys,Football
Westminster,2013,3AN,RS,Boys,Football
Westminster,2023,3AW,RR1,Boys,Football
Wheaton,1996,2A,CH,Boys,Football
Wheaton,1994,3A,RU,Boys,Football
Wheaton,1979,A,SF,Boys,Football
Wheaton,1980,A,SF,Boys,Football
Wheaton,2015,3AS,RR,Boys,Football
Wheaton,2019,4AN,RR1,Boys,Football
Wheaton,2021,4AN,RR1,Boys,Football
Wheaton,2022,4AW,RR1,Boys,Football
Wheaton,2023,4AN,RR1,Boys,Football
Walt Whitman,1978,AA,RU,Boys,Football
Walt Whitman,1988,4A,QF,Boys,Football
Walt Whitman,2003,4AW,RS,Boys,Football
Walt Whitman,2007,4AW,RS,Boys,Football
Walt Whitman,2009,4AW,RS,Boys,Football
Walt Whitman,2010,4AW,RS,Boys,Football
Walt Whitman,2023,4A/3AS,RR2,Boys,Football
Walt Whitman,2019,4AW,RR1,Boys,Football
Walt Whitman,2022,4A/3AS,RR1,Boys,Football
Wicomico,1991,2A,SF,Boys,Football
Wicomico,2002,2A,SF,Boys,Football
Wicomico,1992,2A,QF,Boys,Football
Wicomico,2001,2A,QF,Boys,Football
Wicomico,2006,2AE,RR,Boys,Football
Wicomico,2011,2AE,RR,Boys,Football
Wicomico,2004,2AE,RS,Boys,Football
Wicomico,2007,2AE,RS,Boys,Football
Wicomico,2009,2AE,RS,Boys,Football
Wicomico,2010,2AE,RS,Boys,Football
Wicomico,2012,2AE,RS,Boys,Football
Wicomico,2021,2AE,RR2,Boys,Football
Wicomico,2022,2AE,RR2,Boys,Football
Wicomico,2023,2AE,RR1,Boys,Football
Wilde Lake,1985,B,CH,Boys,Football
Wilde Lake,1990,2A,CH,Boys,Football
Wilde Lake,1991,1A,CH,Boys,Football
Wilde Lake,1992,1A,CH,Boys,Football
Wilde Lake,1997,3A,CH,Boys,Football
Wilde Lake,2010,3AE,CH,Boys,Football
Wilde Lake,2008,3AE,RU,Boys,Football
Wilde Lake,1989,2A,SF,Boys,Football
Wilde Lake,2007,3AE,SF,Boys,Football
Wilde Lake,1986,B,QF,Boys,Football
Wilde Lake,1988,2A,QF,Boys,Football
Wilde Lake,1993,1A,QF,Boys,Football
Wilde Lake,1996,2A,QF,Boys,Football
Wilde Lake,1998,3A,QF,Boys,Football
Wilde Lake,1999,3A,QF,Boys,Football
Wilde Lake,2002,3A,QF,Boys,Football
Wilde Lake,2019,3AE,QF,Boys,Football
Wilde Lake,2023,2AW,QF,Boys,Football
Wilde Lake,2009,3AE,RS,Boys,Football
Wilde Lake,2016,3AE,RS,Boys,Football
Wilde Lake,2022,3AS,RR2,Boys,Football
Wilde Lake,2021,3AS,RR1,Boys,Football
Williamsport,2022,2A/1AW,QF,Boys,Football
Williamsport,2011,2AW,RS,Boys,Football
Williamsport,2019,1AW,RR2,Boys,Football
Williamsport,2021,2A/1AW,RR2,Boys,Football
Williamsport,2023,2A/1AW,RR2,Boys,Football
Winters Mill,2023,2A/1AW,QF,Boys,Football
Winters Mill,2005,2AW,RS,Boys,Football
Winters Mill,2006,2AW,RS,Boys,Football
Winters Mill,2021,2A/1AW,RR1,Boys,Football
Winters Mill,2022,2A/1AW,RR1,Boys,Football
Dr. Henry A. Wise,Jr.,2012,4AS,Boys,Football
Dr. Henry A. Wise,Jr.,2015,4AS,Boys,Football
Dr. Henry A. Wise,Jr.,2016,4AS,Boys,Football
Dr. Henry A. Wise,Jr.,2017,4AS,Boys,Football
Dr. Henry A. Wise,Jr.,2019,4AS,Boys,Football
Dr. Henry A. Wise,Jr.,2023,4AS,Boys,Football
Dr. Henry A. Wise,Jr.,2009,4AS,Boys,Football
Dr. Henry A. Wise,Jr.,2010,4AS,Boys,Football
Dr. Henry A. Wise,Jr.,2021,4AS,Boys,Football
Dr. Henry A. Wise,Jr.,2008,4AS,Boys,Football
Dr. Henry A. Wise,Jr.,2018,4AS,Boys,Football
Dr. Henry A. Wise,Jr.,2022,4AS,Boys,Football
Dr. Henry A. Wise,Jr.,2011,4AS,Boys,Football
Dr. Henry A. Wise,Jr.,2013,4AS,Boys,Football
Dr. Henry A. Wise,Jr.,2014,4AS,Boys,Football
Woodlawn,1977,AA,RU,Boys,Football
Woodlawn,1976,AA,SF,Boys,Football
Woodlawn,1979,AA,SF,Boys,Football
Woodlawn,1980,AA,SF,Boys,Football
Woodlawn,1981,AA,SF,Boys,Football
Woodlawn,1982,AA,SF,Boys,Football
Woodlawn,1983,AA,SF,Boys,Football
Woodlawn,1997,3A,SF,Boys,Football
Woodlawn,2003,4AN,SF,Boys,Football
Woodlawn,1993,4A,QF,Boys,Football
Woodlawn,1996,3A,QF,Boys,Football
Woodlawn,2002,4A,QF,Boys,Football
Woodlawn,2009,4AN,RS,Boys,Football
Woodlawn,2021,4A/3AN,RR1,Boys,Football
Woodlawn,2022,4A/3AN,RR1,Boys,Football
Woodlawn,2023,4A/3AN,RR1,Boys,Football
Thomas S. Wootton,1990,4A,RU,Boys,Football
Thomas S. Wootton,1976,A,SF,Boys,Football
Thomas S. Wootton,1978,A,SF,Boys,Football
Thomas S. Wootton,1991,4A,QF,Boys,Football
Thomas S. Wootton,2008,4AW,RS,Boys,Football
Thomas S. Wootton,2022,4A/3AS,RR2,Boys,Football
Thomas S. Wootton,2023,4A/3AW,RR2,Boys,Football
Thomas S. Wootton,2021,4A/3AS,RR1,Boys,Football
C. Milton Wright,1990,3A,RU,Boys,Football
C. Milton Wright,1992,3A,SF,Boys,Football
C. Milton Wright,1993,3A,SF,Boys,Football
C. Milton Wright,1994,3A,SF,Boys,Football
C. Milton Wright,1995,3A,SF,Boys,Football
C. Milton Wright,1998,3A,SF,Boys,Football
C. Milton Wright,1988,3A,QF,Boys,Football
C. Milton Wright,1989,3A,QF,Boys,Football
C. Milton Wright,1991,3A,QF,Boys,Football
C. Milton Wright,2015,3AN,RS,Boys,Football
C. Milton Wright,2017,3AN,RS,Boys,Football
C. Milton Wright,2019,3AN,RR1,Boys,Football
C. Milton Wright,2021,2AE,RR1,Boys,Football
C. Milton Wright,2022,2AE,RR1,Boys,Football
C. Milton Wright,2023,2AN,RR1,Boys,Football
