SCHOOL,YEAR,FINAL STANDING,GENDER,FINAL SCORE,COACH,CLASS
ALLEGANY,1927,CHAMPION,BOYS,NA,BILL BOWERS,None
CATONSVILLE,1928,CHAMPION,BOYS,NA,NA,None
PENN AVENUE,1929,CHAMPION,BOYS,NA,BOBBY CAVANAUGH,None
ALLEGANY,1930,CHAMPION,BOYS,NA,BILL BOWERS,None
ALLEGANY,1931,CHAMPION,BOYS,NA,BILL BOWERS,None
ALLEGANY,1932,CHAMPION,BOYS,NA,BILL BOWERS,None
ALLEGANY,1933,CHAMPION,BOYS,NA,BILL BOWERS,None
ALLEGANY,1934,CHAMPION,BOYS,NA,BILL BOWERS,None
PENN AVENUE,1935,CHAMPION,BOYS,NA,BOBBY CAVANAUGH,None
ALLEGANY,1936,CHAMPION,BOYS,NA,BILL BOWERS,None
ALLEGANY,1937,CHAMPION,BOYS,NA,BILL BOWERS,None
FORT HILL,1938,CHAMPION,BOYS,NA,BOBBY CAVANAUGH,None
FORT HILL,1939,CHAMPION,BOYS,NA,BOBBY CAVANAUGH,None
ALLEGANY,1947,CHAMPION,BOYS,45-16,BILL BOWERS,A
WESTMINSTER,1947,CHAMPION,BOYS,39-24,HERB RUBY,B
GWYNN PARK,1947,CHAMPION,GIRLS,28-10,MRS. SCHAEFFER,D
BRUNSWICK,1947,SEMIFINALIST,BOYS,NA,NA,NA
CAMBRIDGE,1947,FINALIST,BOYS,NA,NA,NA
DENTON,1947,SEMIFINALIST,BOYS,NA,NA,NA
EASTON,1947,FINALIST,BOYS,NA,NA,NA
GLEN BURNIE,1947,SEMIFINALIST,BOYS,NA,NA,NA
GREENBELT,1947,CHAMPION,BOYS,42-29,NA,C
HAGERSTOWN,1947,SEMIFINALIST,BOYS,NA,NA,NA
HYATTSVILLE,1947,SEMIFINALIST,BOYS,NA,NA,NA
MOUNT RAINIER,1947,CHAMPION,BOYS,NA,NA,NA
SPARROWS POINT,1947,FINALIST,BOYS,NA,NA,NA
SUDLERSVILLE,1947,SEMIFINALIST,BOYS,NA,NA,NA
VIENNA,1947,FINALIST,BOYS,NA,NA,NA
WICOMICO,1947,SEMIFINALIST,BOYS,NA,NA,NA
WILLIAMSPORT,1947,SEMIFINALIST,BOYS,NA,NA,NA
HAGERSTOWN,1947,FINALIST,GIRLS,NA,NA,A
GREENBELT,1947,FINALIST,GIRLS,NA,NA,C
HURLOCK,1947,FINALIST,GIRLS,NA,VIOLET WELLER,D
KENWOOD,1947,CHAMPION,GIRLS,36-13,NA,A
EASTON,1947,CHAMPION,GIRLS,16-15,MARY BROOKS,C
MT. RAINIER,1947,CHAMPION,BOYS,34-16,NA,D
FORT HILL,1948,CHAMPION,BOYS,79-16,BOBBY CAVANAUGH,A
FRANKLIN,1948,CHAMPION,BOYS,62-38,FRANK DORN,B
BRUCE,1948,CHAMPION,BOYS,57-30,JACK PETRY,C
BETHESDA-CHEVY CHASE,1948,SEMIFINALIST,BOYS,NA,NA,NA
CALVERT,1948,CHAMPION,BOYS,NA,NA,NA
CAMBRIDGE,1948,FINALIST,BOYS,NA,NA,NA
DAMASCUS,1948,SEMIFINALIST,BOYS,NA,NA,NA
ELKTON,1948,SEMIFINALIST,BOYS,NA,NA,NA
GREENBELT,1948,SEMIFINALIST,BOYS,NA,NA,NA
OCEAN CITY,1948,FINALIST,BOYS,NA,NA,NA
SPARKS,1948,SEMIFINALIST,BOYS,NA,NA,NA
SUDLERSVILLE,1948,SEMIFINALIST,BOYS,NA,NA,NA
WASHINGTON,1948,FINALIST,BOYS,NA,NA,NA
WICOMICO,1948,FINALIST,BOYS,NA,NA,NA
WILLIAMSPORT,1948,CHAMPION,BOYS,49-33,RICHARD DOUB,D
WICOMICO,1948,FINALIST,GIRLS,NA,EDYTHE TRIGIANI,A
DENTON,1948,FINALIST,GIRLS,NA,NA,C
MARDELA,1948,FINALIST,GIRLS,NA,BILL TWILEY,D
EASTON,1948,FINALIST,GIRLS,NA,NA,D(Segregated)
BETHESDA-CHEVY CHASE,1948,CHAMPION,GIRLS,47-14,NA,A
RICHARD MONTGOMERY,1948,CHAMPION,GIRLS,32-19,NA,C
GWYNN PARK,1948,CHAMPION,GIRLS,34-14,NA,D
CARVER,1948,CHAMPION,GIRLS,14-12,CHARLES WATERMAN,D (Segregated)
EASTON,1948,FINALIST,BOYS,NA,NA,D (Segregated)
NORTH STREET (HAGERSTOWN),1948,CHAMPION,BOYS,37-20,HENSOLEY,D (Segregated)
FORT HILL,1949,CHAMPION,BOYS,53-36,BOBBY CAVANAUGH,A
BEALL,1949,CHAMPION,BOYS,47-23,EBBIE FINZEL,B
DAMASCUS,1949,CHAMPION,BOYS,63-54,HARRY STIPE,D
BRUCE,1949,CHAMPION,BOYS,49-26,JACK GRINDLE,C
CALVERT,1949,CHAMPION,BOYS,NA,NA,NA
CAMBRIDGE,1949,FINALIST,BOYS,NA,NA,NA
CATONSVILLE,1949,SEMIFINALIST,BOYS,NA,NA,NA
CLARKSVILLE,1949,SEMIFINALIST,BOYS,NA,NA,NA
ELKTON,1949,SEMIFINALIST,BOYS,NA,NA,NA
FRIENDLY,1949,SEMIFINALIST,BOYS,NA,NA,NA
GREENBELT,1949,SEMIFINALIST,BOYS,NA,NA,NA
HYATTSVILLE,1949,SEMIFINALIST,BOYS,NA,NA,NA
NORTH EAST (CECIL),1949,SEMIFINALIST,BOYS,NA,NA,NA
OCEAN CITY,1949,FINALIST,BOYS,NA,NA,NA
WASHINGTON,1949,FINALIST,BOYS,NA,NA,NA
WICOMICO,1949,FINALIST,BOYS,NA,NA,NA
ANNAPOLIS,1949,FINALIST,GIRLS,NA,NA,A
RICHARD MONTGOMERY,1949,FINALIST,GIRLS,NA,NA,C
RICHARD DOUB,1949,FINALIST,GIRLS,NA,NA,D
BETHESDA-CHEVY CHASE,1949,CHAMPION,GIRLS,41-28,NA,A
EASTON,1949,CHAMPION,GIRLS,36-22,NA,C
WILLIAMSPORT,1949,CHAMPION,GIRLS,38-23,NA,D
ALLEGANY,1950,CHAMPION,BOYS,53-52,BILL BOWERS,A
BARTON,1950,CHAMPION,BOYS,58-39,JOHN THOMAS,C
ABERDEEN,1950,SEMIFINALIST,BOYS,NA,NA,NA
CENTRAL (LONACONING),1950,CHAMPION,BOYS,NA,NA,NA
CLARKSVILLE,1950,FINALIST,BOYS,NA,NA,NA
DAMASCUS,1950,SEMIFINALIST,BOYS,NA,NA,NA
ELKTON,1950,FINALIST,BOYS,NA,NA,NA
FRIENDLY,1950,SEMIFINALIST,BOYS,NA,NA,NA
GLEN BURNIE,1950,SEMIFINALIST,BOYS,NA,NA,NA
MARDELA,1950,FINALIST,BOYS,NA,NA,NA
MONTGOMERY BLAIR,1950,FINALIST,BOYS,NA,NA,NA
WICOMICO,1950,FINALIST,BOYS,NA,NA,NA
CENTRAL-LONACONING,1950,CHAMPION,BOYS,50-37,JOHNNY MYERS,B
HAVRE DE GRACE,1950,SEMIFINALIST,BOYS,21-65,NA,State Semifinals (Segregated)
CARVER (ELKTON),1950,FINALIST,BOYS,NA,NA,State Finals (Segregated)
NORTH STREET (HAGERSTOWN),1950,CHAMPION,BOYS,46-39,NA,State Finals (Segregated)
ABERDEEN,1951,CHAMPION,BOYS,44-43,BRUCE EICHORN,B
BARTON,1951,CHAMPION,BOYS,52-45,JOHN THOMAS,C
OCEAN CITY,1951,FINALIST,BOYS,NA,NA,NA
WICOMICO,1951,FINALIST,BOYS,NA,NA,NA
HAGERSTOWN,1951,CHAMPION,BOYS,28-27,WALTER BOWERS,A
BEL ALTON,1951,SEMIFINALIST,BOYS,NA,NA,C-State Semifinals (Segregated)
LINCOLN (FREDERICK),1951,FINALIST,BOYS,NA,NA,C-State Finals (Segregated)
CARVER (TOWSON),1951,CHAMPION,BOYS,45-44,NA,C-State Finals (Segregated)
MONTGOMERY BLAIR,1952,CHAMPION,BOYS,42-34,DAVID CARRASCO,A
BARTON,1952,SEMIFINALIST,BOYS,NA,NA,NA
CENTRAL (LONACONING),1952,CHAMPION,BOYS,NA,NA,NA
DAMASCUS,1952,SEMIFINALIST,BOYS,NA,NA,NA
EASTON,1952,FINALIST,BOYS,NA,NA,NA
GLEN BURNIE,1952,SEMIFINALIST,BOYS,NA,NA,NA
HAGERSTOWN,1952,FINALIST,BOYS,NA,NA,NA
NEW WINDSOR,1952,FINALIST,BOYS,NA,NA,NA
NORTHWESTERN (PG),1952,FINALIST,BOYS,NA,NA,NA
RICHARD MONTGOMERY,1952,SEMIFINALIST,BOYS,NA,NA,NA
SYKESVILLE,1952,SEMIFINALIST,BOYS,NA,NA,NA
WICOMICO,1952,SEMIFINALIST,BOYS,NA,NA,NA
OCEAN CITY,1952,CHAMPION,BOYS,70-55,RICHARD DEHART,C
CENTRAL-LONACONING,1952,CHAMPION,BOYS,47-45,JOHN MEYERS,B
BRUCE,1953,CHAMPION,BOYS,59-51,AUGIE EICHORN,B
MONTGOMERY BLAIR,1953,CHAMPION,BOYS,60-57,DAVID CARRASCO,A
ALLEGANY,1953,FINALIST,BOYS,NA,NA,NA
ARUNDEL,1953,FINALIST,BOYS,NA,NA,NA
BEL AIR,1953,FINALIST,BOYS,NA,NA,NA
EASTON,1953,SEMIFINALIST,BOYS,NA,NA,NA
ELKTON,1953,SEMIFINALIST,BOYS,NA,NA,NA
ELMER WOLFE,1953,FINALIST,BOYS,NA,NA,NA
ROCK HALL,1953,CHAMPION,BOYS,NA,NA,NA
VIENNA,1953,SEMIFINALIST,BOYS,NA,NA,NA
WICOMICO,1953,SEMIFINALIST,BOYS,NA,NA,NA
BARTON,1953,CHAMPION,BOYS,55-33,PAUL FOOTEN,C
BRUCE,1954,CHAMPION,BOYS,50-45,AUGIE EICHORN,B
PERRYVILLE,1954,CHAMPION,BOYS,65-63,KENNETH WOOD,C
ANNAPOLIS,1954,SEMIFINALIST,BOYS,NA,NA,NA
BETHESDA-CHEVY CHASE,1954,FINALIST,BOYS,NA,NA,NA
EASTON,1954,FINALIST,BOYS,NA,NA,NA
FEDERALSBURG,1954,CHAMPION,BOYS,NA,NA,NA
HENRY E. LACKEY,1954,SEMIFINALIST,BOYS,NA,NA,NA
NEW WINDSOR,1954,FINALIST,BOYS,NA,NA,NA
POCOMOKE,1954,SEMIFINALIST,BOYS,NA,NA,NA
WICOMICO,1954,SEMIFINALIST,BOYS,NA,NA,NA
ALLEGANY,1954,CHAMPION,BOYS,76-41,WALTER BOWERS,A
CAMBRIDGE,1955,CHAMPION,BOYS,47-37,(NONE LISTED),B
MONTGOMERY BLAIR,1955,CHAMPION,BOYS,58-55,DAVID CARRASCO,A
HENRY E. LACKEY,1955,CHAMPION,BOYS,50-46,FRANK LAFONTAINE,C
ABERDEEN,1955,SEMIFINALIST,BOYS,NA,NA,NA
CENTREVILLE,1955,FINALIST,BOYS,NA,NA,NA
HAGERSTOWN,1955,FINALIST,BOYS,NA,NA,NA
KENWOOD,1955,SEMIFINALIST,BOYS,NA,NA,NA
MARDELA,1955,FINALIST,BOYS,NA,NA,NA
OXON HILL,1955,FINALIST,BOYS,NA,NA,NA
SOUTHERN (AA),1955,FINALIST,BOYS,NA,NA,NA
VALLEY,1955,SEMIFINALIST,BOYS,NA,NA,NA
WICOMICO,1955,SEMIFINALIST,BOYS,NA,NA,NA
VALLEY,1956,CHAMPION,BOYS,66-63,JOHN MEYERS,B
CENTREVILLE,1956,CHAMPION,BOYS,53-48 OT,LEONARD FEIST,C
ALLEGANY,1956,FINALIST,BOYS,NA,NA,NA
ARUNDEL,1956,SEMIFINALIST,BOYS,NA,NA,NA
BEL AIR,1956,FINALIST,BOYS,NA,NA,NA
CAMBRIDGE,1956,SEMIFINALIST,BOYS,NA,NA,NA
CRISFIELD,1956,FINALIST,BOYS,NA,NA,NA
HENRY E. LACKEY,1956,SEMIFINALIST,BOYS,NA,NA,NA
MANCHESTER,1956,SEMIFINALIST,BOYS,NA,NA,NA
NORTHWESTERN (PG),1956,CHAMPION,BOYS,NA,NA,NA
OXON HILL,1956,FINALIST,BOYS,NA,NA,NA
WICOMICO,1956,SEMIFINALIST,BOYS,NA,NA,NA
NORTHWESTERN-PG,1956,CHAMPION,BOYS,59-48,BILL YARNALL,A
FREDERICK,1957,CHAMPION,BOYS,58-51,HOMER BROOKS,A
VALLEY,1957,CHAMPION,BOYS,64-44,JOHN MEYERS,B
CHESTERTOWN,1957,SEMIFINALIST,BOYS,NA,NA,NA
HOWARD COUNTY,1957,SEMIFINALIST,BOYS,NA,NA,NA
LAUREL,1957,FINALIST,BOYS,NA,NA,NA
MONTGOMERY BLAIR,1957,FINALIST,BOYS,NA,NA,NA
OXON HILL,1957,FINALIST,BOYS,NA,NA,NA
SOUTHERN (AA),1957,SEMIFINALIST,BOYS,NA,NA,NA
STEPHEN DECATUR,1957,FINALIST,BOYS,NA,NA,NA
SUDLERSVILLE,1957,SEMIFINALIST,BOYS,NA,NA,NA
WICOMICO,1957,SEMIFINALIST,BOYS,NA,NA,NA
CRISFIELD,1957,CHAMPION,BOYS,48-37,NICK SCALLION,C
HENRY E. LACKEY,1958,CHAMPION,BOYS,53-52,FRANK LAFONTAINE,C
FORT HILL,1958,CHAMPION,BOYS,62-44,JOHN CAVANAUGH,A
ANNAPOLIS,1958,SEMIFINALIST,BOYS,NA,NA,NA
CRISFIELD,1958,SEMIFINALIST,BOYS,NA,NA,NA
GAITHERSBURG,1958,FINALIST,BOYS,NA,NA,NA
MONTGOMERY BLAIR,1958,FINALIST,BOYS,NA,NA,NA
NEW WINDSOR,1958,SEMIFINALIST,BOYS,NA,NA,NA
NORTH CARROLL,1958,SEMIFINALIST,BOYS,NA,NA,NA
VALLEY,1958,SEMIFINALIST,BOYS,NA,NA,NA
WALKERSVILLE,1958,FINALIST,BOYS,NA,NA,NA
WICOMICO,1958,SEMIFINALIST,BOYS,NA,NA,NA
CHESTERTOWN,1958,CHAMPION,BOYS,48-45,WALLACE SMITH,B
BETHESDA-CHEVY CHASE,1959,CHAMPION,BOYS,75-49,FLORIS DAVISSON,A
HENRY E. LACKEY,1959,CHAMPION,BOYS,36-29,FRANK LAFONTAINE,C
VALLEY,1959,CHAMPION,BOYS,57-43,JOHN MEYERS,B
ABERDEEN,1959,FINALIST,BOYS,NA,NA,NA
ANNAPOLIS,1959,SEMIFINALIST,BOYS,NA,NA,NA
CAMBRIDGE,1959,SEMIFINALIST,BOYS,NA,NA,NA
CRISFIELD,1959,SEMIFINALIST,BOYS,NA,NA,NA
ELMER WOLFE,1959,FINALIST,BOYS,NA,NA,NA
HANCOCK,1959,SEMIFINALIST,BOYS,NA,NA,NA
HOWARD COUNTY,1959,FINALIST,BOYS,NA,NA,NA
NORTH HAGERSTOWN,1959,SEMIFINALIST,BOYS,NA,NA,NA
RISING SUN,1959,SEMIFINALIST,BOYS,NA,NA,NA
BLADENSBURG,1960,CHAMPION,BOYS,75-54,AL KYBER,A
WALKERSVILLE,1960,CHAMPION,BOYS,62-53,BILL TALLEY,C
SURRATTSVILLE,1960,CHAMPION,BOYS,47-41,EDWARD ANDRAUSKAS/S. D. HARPE,B
ALLEGANY,1960,SEMIFINALIST,BOYS,NA,NA,NA
BETHESDA-CHEVY CHASE,1960,SEMIFINALIST,BOYS,NA,NA,NA
CRISFIELD,1960,SEMIFINALIST,BOYS,NA,NA,NA
EASTON,1960,SEMIFINALIST,BOYS,NA,NA,NA
FRANCIS SCOTT KEY,1960,FINALIST,BOYS,NA,NA,NA
MILFORD MILL,1960,FINALIST,BOYS,NA,NA,NA
NORTH EAST (CECIL),1960,SEMIFINALIST,BOYS,NA,NA,NA
NORTHERN (G),1960,SEMIFINALIST,BOYS,NA,NA,NA
POOLESVILLE,1960,SEMIFINALIST,BOYS,NA,NA,NA
MONTGOMERY BLAIR,1961,CHAMPION,BOYS,75-63,EDDIE MOFFATT,AA
CRISFIELD,1961,CHAMPION,BOYS,63-59,JACK MORGAN,C
BRUCE,1961,CHAMPION,BOYS,59-50,LEONARD RITCHIE,B
ANNAPOLIS,1961,SEMIFINALIST,BOYS,NA,NA,NA
BEALL,1961,SEMIFINALIST,BOYS,NA,NA,NA
CAMBRIDGE,1961,SEMIFINALIST,BOYS,NA,NA,NA
FRANCIS SCOTT KEY,1961,SEMIFINALIST,BOYS,NA,NA,NA
FREDERICK SASSCER,1961,SEMIFINALIST,BOYS,NA,NA,NA
GAITHERSBURG,1961,SEMIFINALIST,BOYS,NA,NA,NA
GLEN BURNIE,1961,FINALIST,BOYS,NA,NA,NA
HANCOCK,1961,FINALIST,BOYS,NA,NA,NA
HENRY E. LACKEY,1961,FINALIST,BOYS,NA,NA,NA
MILFORD MILL,1961,SEMIFINALIST,BOYS,NA,NA,NA
SOUTHERN (G),1961,FINALIST,BOYS,NA,NA,NA
SUDLERSVILLE,1961,SEMIFINALIST,BOYS,NA,NA,NA
SPARROWS POINT,1961,CHAMPION,BOYS,68-61,WARREN ORMISTON,A
SURRATTSVILLE,1962,CHAMPION,BOYS,63-52,BOB VAUGHN,A
MONTGOMERY BLAIR,1962,CHAMPION,BOYS,59-48,EDDIE MOFFATT,AA
ABERDEEN,1962,SEMIFINALIST,BOYS,NA,NA,NA
ARUNDEL,1962,SEMIFINALIST,BOYS,NA,NA,NA
BLADENSBURG,1962,FINALIST,BOYS,NA,NA,NA
CRISFIELD,1962,FINALIST,BOYS,NA,NA,NA
EMMITSBURG,1962,SEMIFINALIST,BOYS,NA,NA,NA
NORTH CAROLINE,1962,FINALIST,BOYS,NA,NA,NA
SOUTH HAGERSTOWN,1962,SEMIFINALIST,BOYS,NA,NA,NA
SPRINGBROOK,1962,SEMIFINALIST,BOYS,NA,NA,NA
SUDLERSVILLE,1962,SEMIFINALIST,BOYS,NA,NA,NA
TOWSON,1962,SEMIFINALIST,BOYS,NA,NA,NA
VALLEY,1962,SEMIFINALIST,BOYS,NA,NA,NA
WALKERSVILLE,1962,FINALIST,BOYS,NA,NA,NA
NORTH HARFORD,1962,CHAMPION,BOYS,44-33,ROBERT GARBACIK,B
POOLESVILLE,1962,CHAMPION,BOYS,67-40,ROBERT MOWEN,C
ALLEGANY,1963,CHAMPION,BOYS,57-39,CHESTER PAYNE,A
BLADENSBURG,1963,FINALIST,BOYS,NA,NA,NA
CAMBRIDGE,1963,SEMIFINALIST,BOYS,NA,NA,NA
FAIRMONT HEIGHTS,1963,SEMIFINALIST,BOYS,NA,NA,NA
FREDERICK,1963,SEMIFINALIST,BOYS,NA,NA,NA
FREDERICK DOUGLASS (PG),1963,CHAMPION,BOYS,NA,NA,NA
GARNETT,1963,SEMIFINALIST,BOYS,NA,NA,NA
GLENELG,1963,SEMIFINALIST,BOYS,NA,NA,NA
HANCOCK,1963,SEMIFINALIST,BOYS,NA,NA,NA
MOTON,1963,SEMIFINALIST,BOYS,NA,NA,NA
MOUNT SAVAGE,1963,FINALIST,BOYS,NA,NA,NA
SPRINGBROOK,1963,FINALIST,BOYS,NA,NA,NA
WALTER JOHNSON,1963,SEMIFINALIST,BOYS,NA,NA,NA
WICOMICO,1963,SEMIFINALIST,BOYS,NA,NA,NA
TOWSON,1963,CHAMPION,BOYS,75-60,RANDY WALKER,AA
POOLESVILLE,1963,CHAMPION,BOYS,99-77,ROBERT MOWEN,C
DOUGLASS-PG,1963,CHAMPION,BOYS,68-61,CHARLES BRIGGS,B
WALKERSVILLE,1964,CHAMPION,BOYS,83-68,BILL TALLEY,B
ALLEGANY,1964,CHAMPION,BOYS,84-61,CHESTER PAYNE,AA
CRISFIELD,1964,CHAMPION,BOYS,73-64,JACK MORGAN,C
FAIRMONT HEIGHTS,1964,CHAMPION,BOYS,72-55,KEN FREEMAN,A
BEALL,1964,FINALIST,BOYS,NA,NA,NA
CARVER,1964,SEMIFINALIST,BOYS,NA,NA,NA
CENTRAL CONSOLIDATED,1964,SEMIFINALIST,BOYS,NA,NA,NA
HANCOCK,1964,FINALIST,BOYS,NA,NA,NA
MACE'S LANE,1964,SEMIFINALIST,BOYS,NA,NA,NA
NORTHWOOD,1964,SEMIFINALIST,BOYS,NA,NA,NA
SURRATTSVILLE,1964,SEMIFINALIST,BOYS,NA,NA,NA
SYKESVILLE,1964,SEMIFINALIST,BOYS,NA,NA,NA
TOWSON,1964,FINALIST,BOYS,NA,NA,NA
WESTMINSTER,1964,SEMIFINALIST,BOYS,NA,NA,NA
SURRATTSVILLE,1965,CHAMPION,BOYS,64-61,BOB VAUGHN,AA
SOMERSET,1965,CHAMPION,BOYS,75-73,J. R. ROBINSON,B
ALLEGANY,1965,SEMIFINALIST,BOYS,NA,NA,NA
EASTON,1965,FINALIST,BOYS,NA,NA,NA
FORT HILL,1965,SEMIFINALIST,BOYS,NA,NA,NA
LOCKERMAN,1965,FINALIST,BOYS,NA,NA,NA
NORTH EAST (CECIL),1965,SEMIFINALIST,BOYS,NA,NA,NA
PARKVILLE,1965,FINALIST,BOYS,NA,NA,NA
POCOMOKE,1965,SEMIFINALIST,BOYS,NA,NA,NA
RICHARD MONTGOMERY,1965,SEMIFINALIST,BOYS,NA,NA,NA
SHERWOOD,1965,SEMIFINALIST,BOYS,NA,NA,NA
SOLLER‚Äö√éS POINT,1965,SEMIFINALIST,BOYS,NA,NA,NA
WALKERSVILLE,1965,FINALIST,BOYS,NA,NA,NA
CENTRAL CONSOLIDATED,1965,CHAMPION,BOYS,55-51,WILLIAM BROWN,C
ARUNDEL,1965,CHAMPION,BOYS,71-64,WILLIAM CROWELL,A
RICHARD MONTGOMERY,1966,CHAMPION,BOYS,48-45,E. WATHALL,AA
SOMERSET,1966,CHAMPION,BOYS,88-71,J. ROBINSON,C
FAIRMONT HEIGHTS,1966,CHAMPION,BOYS,81-47,KEN FREEMAN,A
BEALL,1966,SEMIFINALIST,BOYS,NA,NA,NA
BOHEMIA MANOR,1966,SEMIFINALIST,BOYS,NA,NA,NA
BROOKLYN PARK,1966,FINALIST,BOYS,NA,NA,NA
BRUCE,1966,FINALIST,BOYS,NA,NA,NA
EDGEWOOD,1966,SEMIFINALIST,BOYS,NA,NA,NA
FREDERICK DOUGLASS (PG),1966,CHAMPION,BOYS,NA,NA,NA
HIGH POINT,1966,FINALIST,BOYS,NA,NA,NA
MACE'S LANE,1966,SEMIFINALIST,BOYS,NA,NA,NA
MOUNT SAVAGE,1966,SEMIFINALIST,BOYS,NA,NA,NA
POOLESVILLE,1966,SEMIFINALIST,BOYS,NA,NA,NA
SOUTH HAGERSTOWN,1966,SEMIFINALIST,BOYS,NA,NA,NA
SYKESVILLE,1966,SEMIFINALIST,BOYS,NA,NA,NA
TOWSON,1966,SEMIFINALIST,BOYS,NA,NA,NA
DOUGLASS-PG,1966,CHAMPION,BOYS,63-60,S. A. WILLIAMS,B
FREDERICK SASSCER,1967,CHAMPION,BOYS,94-79,CHESTER PIETRAS,B
FREDERICK,1967,CHAMPION,BOYS,59-41,HOMER BROOKS,A
ATHOLTON,1967,SEMIFINALIST,BOYS,NA,NA,NA
MACE'S LANE,1967,FINALIST,BOYS,NA,NA,NA
MOUNT SAVAGE,1967,CHAMPION,BOYS,NA,NA,NA
NORTH HAGERSTOWN,1967,SEMIFINALIST,BOYS,NA,NA,NA
NORTHWESTERN (PG),1967,CHAMPION,BOYS,NA,NA,NA
PERRYVILLE,1967,SEMIFINALIST,BOYS,NA,NA,NA
POCOMOKE,1967,SEMIFINALIST,BOYS,NA,NA,NA
POOLESVILLE,1967,SEMIFINALIST,BOYS,NA,NA,NA
RICHARD MONTGOMERY,1967,FINALIST,BOYS,NA,NA,NA
SURRATTSVILLE,1967,FINALIST,BOYS,NA,NA,NA
SYKESVILLE,1967,SEMIFINALIST,BOYS,NA,NA,NA
TOWSON,1967,SEMIFINALIST,BOYS,NA,NA,NA
VALLEY,1967,SEMIFINALIST,BOYS,NA,NA,NA
WICOMICO,1967,SEMIFINALIST,BOYS,NA,NA,NA
NORTHWESTERN-PG,1967,CHAMPION,BOYS,72-41,WILLIAM LONGSWORTH,AA
MT. SAVAGE,1967,CHAMPION,BOYS,56-54,ROBERT KIRK,C
EASTON,1968,CHAMPION,BOYS,75-62,GARY SHAFFER,B
FAIRMONT HEIGHTS,1968,CHAMPION,BOYS,67-66,KEN FREEMAN,A
ANDOVER,1968,SEMIFINALIST,BOYS,NA,NA,NA
ANNAPOLIS,1968,SEMIFINALIST,BOYS,NA,NA,NA
BOHEMIA MANOR,1968,SEMIFINALIST,BOYS,NA,NA,NA
DUNDALK,1968,SEMIFINALIST,BOYS,NA,NA,NA
FREDERICK,1968,FINALIST,BOYS,NA,NA,NA
HENRY E. LACKEY,1968,FINALIST,BOYS,NA,NA,NA
HEREFORD,1968,SEMIFINALIST,BOYS,NA,NA,NA
JAMES M. BENNETT,1968,SEMIFINALIST,BOYS,NA,NA,NA
MOUNT SAVAGE,1968,SEMIFINALIST,BOYS,NA,NA,NA
NORTHERN (G),1968,SEMIFINALIST,BOYS,NA,NA,NA
NORTHWESTERN (PG),1968,CHAMPION,BOYS,NA,NA,NA
SOMERSET,1968,SEMIFINALIST,BOYS,NA,NA,NA
WALT WHITMAN,1968,FINALIST,BOYS,NA,NA,NA
GWYNN PARK,1968,CHAMPION,BOYS,87-72,TIM CARNEY,C
NORTHWESTERN-PG,1968,CHAMPION,BOYS,71-63,WILLIAM LONGSWORTH,AA
MONTGOMERY BLAIR,1969,CHAMPION,BOYS,56-51,EDWARD CLEMENTS,AA
FAIRMONT HEIGHTS,1969,CHAMPION,BOYS,82-55,KEN FREEMAN,B
GWYNN PARK,1969,CHAMPION,BOYS,85-59,LARRY GANDEE,C
ANNAPOLIS,1969,SEMIFINALIST,BOYS,NA,NA,NA
CATONSVILLE,1969,SEMIFINALIST,BOYS,NA,NA,NA
CENTRAL (PG),1969,CHAMPION,BOYS,NA,NA,NA
DUNDALK,1969,SEMIFINALIST,BOYS,NA,NA,NA
DUVAL,1969,FINALIST,BOYS,NA,NA,NA
FREDERICK,1969,FINALIST,BOYS,NA,NA,NA
HAVRE DE GRACE,1969,SEMIFINALIST,BOYS,NA,NA,NA
MACE'S LANE,1969,SEMIFINALIST,BOYS,NA,NA,NA
MOUNT SAVAGE,1969,SEMIFINALIST,BOYS,NA,NA,NA
VALLEY,1969,SEMIFINALIST,BOYS,NA,NA,NA
WINSTON CHURCHILL,1969,SEMIFINALIST,BOYS,NA,NA,NA
CENTRAL-PG,1969,CHAMPION,BOYS,47-44,ROBERT O'BRIEN,A
DUVAL,1970,CHAMPION,BOYS,68-65 OT,BOB TUCKER,AA
FAIRMONT HEIGHTS,1970,CHAMPION,BOYS,91-52,KEN FREEMAN,A
GWYNN PARK,1970,CHAMPION,BOYS,60-50,LARRY GANDEE,C
ARUNDEL,1970,SEMIFINALIST,BOYS,NA,NA,NA
BETHESDA-CHEVY CHASE,1970,FINALIST,BOYS,NA,NA,NA
BRUNSWICK,1970,SEMIFINALIST,BOYS,NA,NA,NA
CRISFIELD,1970,SEMIFINALIST,BOYS,NA,NA,NA
DUNDALK,1970,SEMIFINALIST,BOYS,NA,NA,NA
FREDERICK,1970,FINALIST,BOYS,NA,NA,NA
HAVRE DE GRACE,1970,SEMIFINALIST,BOYS,NA,NA,NA
LANSDOWNE,1970,FINALIST,BOYS,NA,NA,NA
MOUNT SAVAGE,1970,FINALIST,BOYS,NA,NA,NA
NORTH HAGERSTOWN,1970,SEMIFINALIST,BOYS,NA,NA,NA
SHERWOOD,1970,SEMIFINALIST,BOYS,NA,NA,NA
SOUTHERN (AA),1970,SEMIFINALIST,BOYS,NA,NA,NA
STEPHEN DECATUR,1970,CHAMPION,BOYS,64-63,WARD LAMBERT,B
ROCKVILLE,1971,CHAMPION,BOYS,51-44,JIM CONNER,B
FAIRMONT HEIGHTS,1971,CHAMPION,BOYS,120-69,KEN FREEMAN,A
ARUNDEL,1971,SEMIFINALIST,BOYS,NA,NA,NA
ATHOLTON,1971,FINALIST,BOYS,NA,NA,NA
DUNDALK,1971,SEMIFINALIST,BOYS,NA,NA,NA
GWYNN PARK,1971,FINALIST,BOYS,NA,NA,NA
HENRY E. LACKEY,1971,SEMIFINALIST,BOYS,NA,NA,NA
HOWARD COUNTY,1971,SEMIFINALIST,BOYS,NA,NA,NA
MOUNT SAVAGE,1971,SEMIFINALIST,BOYS,NA,NA,NA
PERRYVILLE,1971,SEMIFINALIST,BOYS,NA,NA,NA
SOUTHERN (AA),1971,SEMIFINALIST,BOYS,NA,NA,NA
SOUTHERN (G),1971,SEMIFINALIST,BOYS,NA,NA,NA
WALT WHITMAN,1971,FINALIST,BOYS,NA,NA,NA
POCOMOKE,1971,CHAMPION,BOYS,80-64,RONNIE ROSS,C
PARKDALE,1971,CHAMPION,BOYS,87-72,STAN KERNAN,AA
THOMAS STONE,1972,CHAMPION,BOYS,74-66,DALE CORNETTE,B
NORTH HAGERSTOWN,1972,CHAMPION,BOYS,79-70,JAMES BROWN,A
SPRINGBROOK,1972,CHAMPION,BOYS,72-59,JOHN BARRETT,AA
GWYNN PARK,1972,CHAMPION,BOYS,75-74,LARRY GANDEE,C
ANNAPOLIS,1972,SEMIFINALIST,BOYS,NA,NA,NA
BLADENSBURG,1972,FINALIST,BOYS,NA,NA,NA
CALVERT COUNTY,1972,SEMIFINALIST,BOYS,NA,NA,NA
CENTRAL (PG),1972,SEMIFINALIST,BOYS,NA,NA,NA
FREDERICK,1972,SEMIFINALIST,BOYS,NA,NA,NA
HAVRE DE GRACE,1972,SEMIFINALIST,BOYS,NA,NA,NA
MOUNT SAVAGE,1972,SEMIFINALIST,BOYS,NA,NA,NA
POCOMOKE,1972,FINALIST,BOYS,NA,NA,NA
RISING SUN,1972,SEMIFINALIST,BOYS,NA,NA,NA
SOUTHERN (AA),1972,FINALIST,BOYS,NA,NA,NA
TOWSON,1972,SEMIFINALIST,BOYS,NA,NA,NA
WASHINGTON,1972,FINALIST,BOYS,NA,NA,NA
ROCKVILLE,1973,CHAMPION,BOYS,62-44,JIM CONNER,B
PARKVILLE,1973,CHAMPION,GIRLS,49-44,MARIAN KLEIN,Combined
ANNAPOLIS,1973,SEMIFINALIST,BOYS,NA,NA,NA
BEALL,1973,SEMIFINALIST,BOYS,NA,NA,NA
BETHESDA-CHEVY CHASE,1973,FINALIST,BOYS,NA,NA,NA
CALVERT COUNTY,1973,SEMIFINALIST,BOYS,NA,NA,NA
CHOPTICON,1973,FINALIST,BOYS,NA,NA,NA
COLONEL RICHARDSON,1973,SEMIFINALIST,BOYS,NA,NA,NA
FORT HILL,1973,FINALIST,BOYS,NA,NA,NA
FREDERICK,1973,SEMIFINALIST,BOYS,NA,NA,NA
GLENELG,1973,SEMIFINALIST,BOYS,NA,NA,NA
MIDDLETOWN,1973,FINALIST,BOYS,NA,NA,NA
MIDDLETOWN,1973,SEMIFINALIST,GIRLS,NA,NA,NA
SHERWOOD,1973,SEMIFINALIST,GIRLS,NA,NA,NA
SNOW HILL,1973,FINALIST,GIRLS,NA,NA,NA
SOUTHERN (AA),1973,CHAMPION,BOYS,NA,NA,NA
SPRINGBROOK,1973,SEMIFINALIST,BOYS,NA,NA,NA
WICOMICO,1973,SEMIFINALIST,BOYS,NA,NA,NA
BLADENSBURG,1973,CHAMPION,BOYS,64-60,ROY HENDERSON,AA
CRISFIELD,1973,CHAMPION,BOYS,73-72,WILLIAM CAIN,C
SOUTHERN-AA,1973,CHAMPION,BOYS,30-24,TOM ALBRIGHT,A
ANNAPOLIS,1974,CHAMPION,BOYS,69-61,AL LARAMORE,AA
FREDERICK,1974,CHAMPION,BOYS,54-53,BILL BROOKS,B
GWYNN PARK,1974,CHAMPION,BOYS,70-65,LARRY GANDEE,C
SHERWOOD,1974,CHAMPION,GIRLS,46-44,LINDA GEHLERT,Combined
ANNAPOLIS,1974,SEMIFINALIST,GIRLS,NA,NA,NA
BETHESDA-CHEVY CHASE,1974,FINALIST,BOYS,NA,NA,NA
CROSSLAND,1974,SEMIFINALIST,BOYS,NA,NA,NA
EDGEWOOD,1974,SEMIFINALIST,BOYS,NA,NA,NA
HAVRE DE GRACE,1974,SEMIFINALIST,BOYS,NA,NA,NA
HIGH POINT,1974,SEMIFINALIST,GIRLS,NA,NA,NA
PARKVILLE,1974,FINALIST,BOYS,NA,NA,NA
POCOMOKE,1974,FINALIST,BOYS,NA,NA,NA
POTOMAC,1974,SEMIFINALIST,BOYS,NA,NA,NA
SHERWOOD,1974,SEMIFINALIST,BOYS,NA,NA,NA
SNOW HILL,1974,FINALIST,GIRLS,NA,NA,NA
SPRINGBROOK,1974,SEMIFINALIST,BOYS,NA,NA,NA
STEPHEN DECATUR,1974,FINALIST,BOYS,NA,NA,NA
VALLEY,1974,SEMIFINALIST,BOYS,NA,NA,NA
WILDE LAKE,1974,FINALIST,BOYS,NA,NA,NA
SOUTH HAGERSTOWN,1974,CHAMPION,BOYS,83-70,NICK SCALLION,A
MONTGOMERY BLAIR,1975,CHAMPION,BOYS,66-61,GENE DOANE,AA
BLADENSBURG,1975,CHAMPION,GIRLS,56-52,JEANNE WELCH,Combined
WASHINGTON,1975,CHAMPION,BOYS,85-82 OT,LARRY STERLING,C
ANNAPOLIS,1975,SEMIFINALIST,GIRLS,NA,NA,NA
ARUNDEL,1975,SEMIFINALIST,BOYS,NA,NA,NA
BRUCE,1975,SEMIFINALIST,BOYS,NA,NA,NA
CAMBRIDGE,1975,FINALIST,BOYS,NA,NA,NA
CATONSVILLE,1975,FINALIST,BOYS,NA,NA,NA
CHOPTICON,1975,SEMIFINALIST,GIRLS,NA,NA,NA
DUVAL,1975,FINALIST,BOYS,NA,NA,NA
FREDERICK,1975,SEMIFINALIST,BOYS,NA,NA,NA
GOV. THOMAS JOHNSON,1975,CHAMPION,BOYS,NA,NA,NA
GWYNN PARK,1975,FINALIST,BOYS,NA,NA,NA
LARGO,1975,SEMIFINALIST,BOYS,NA,NA,NA
MIDDLETOWN,1975,SEMIFINALIST,BOYS,NA,NA,NA
MOUNT SAVAGE,1975,SEMIFINALIST,GIRLS,NA,NA,NA
NORTH EAST (CECIL),1975,SEMIFINALIST,GIRLS,NA,NA,NA
NORTHWOOD,1975,SEMIFINALIST,BOYS,NA,NA,NA
PARKVILLE,1975,SEMIFINALIST,BOYS,NA,NA,NA
ROCKVILLE,1975,SEMIFINALIST,BOYS,NA,NA,NA
SNOW HILL,1975,SEMIFINALIST,GIRLS,NA,NA,NA
WHEATON,1975,SEMIFINALIST,GIRLS,NA,NA,NA
EDGEWOOD,1975,CHAMPION,BOYS,52-50,PAUL MEZGER,B
THOMAS JOHNSON,1975,CHAMPION,BOYS,52-50,TOM DICKMAN,A
POCOMOKE,1976,CHAMPION,BOYS,80-66,CAREY REECE,C
BLADENSBURG,1976,CHAMPION,GIRLS,55-35,JEANNE WELCH,AA
GWYNN PARK,1976,CHAMPION,BOYS,79-59,LARRY GANDEE,B
ANDOVER,1976,FINALIST,BOYS,NA,NA,NA
ANNAPOLIS,1976,SEMIFINALIST,BOYS,NA,NA,NA
ANNAPOLIS,1976,SEMIFINALIST,GIRLS,NA,NA,NA
BETHESDA-CHEVY CHASE,1976,FINALIST,BOYS,NA,NA,NA
BRUCE,1976,SEMIFINALIST,BOYS,NA,NA,NA
COLONEL RICHARDSON,1976,FINALIST,BOYS,NA,NA,NA
DULANEY,1976,SEMIFINALIST,BOYS,NA,NA,NA
EDGEWOOD,1976,SEMIFINALIST,BOYS,NA,NA,NA
JAMES M. BENNETT,1976,SEMIFINALIST,GIRLS,NA,NA,NA
JOPPATOWNE,1976,FINALIST,BOYS,NA,NA,NA
KENT COUNTY,1976,SEMIFINALIST,GIRLS,NA,NA,NA
LARGO,1976,SEMIFINALIST,BOYS,NA,NA,NA
MOUNT SAVAGE,1976,FINALIST,GIRLS,NA,NA,NA
NORTH CAROLINE,1976,SEMIFINALIST,BOYS,NA,NA,NA
NORTH EAST (CECIL),1976,SEMIFINALIST,GIRLS,NA,NA,NA
NORTH HAGERSTOWN,1976,SEMIFINALIST,GIRLS,NA,NA,NA
OXON HILL,1976,CHAMPION,GIRLS,NA,NA,NA
PARKVILLE,1976,FINALIST,GIRLS,NA,NA,NA
POCOMOKE,1976,SEMIFINALIST,GIRLS,NA,NA,NA
SHERWOOD,1976,CHAMPION,GIRLS,NA,NA,NA
SOUTHERN (G),1976,FINALIST,BOYS,NA,NA,NA
WALKERSVILLE,1976,SEMIFINALIST,BOYS,NA,NA,NA
WALTER JOHNSON,1976,SEMIFINALIST,BOYS,NA,NA,NA
WHEATON,1976,FINALIST,GIRLS,NA,NA,NA
WILDE LAKE,1976,SEMIFINALIST,GIRLS,NA,NA,NA
LOCH RAVEN,1976,CHAMPION,GIRLS,73-68,NANCY KIDD,A
PARKDALE,1976,CHAMPION,BOYS,53-51,STAN KERNAN,AA
SMITHSBURG,1976,CHAMPION,GIRLS,42-37,TERESA BACHTELL,C
ABERDEEN,1976,CHAMPION,BOYS,66-55,TERRY COLAW,A
BRUNSWICK,1977,CHAMPION,BOYS,65-61 OT,BILL KUBAT,C
MONTGOMERY BLAIR,1977,CHAMPION,BOYS,70-68 OT,GENE DOANE,AA
CHARLES W. WOODWARD,1977,CHAMPION,BOYS,60-55,H. THOMAS GEORGE,A
PAINT BRANCH,1977,CHAMPION,BOYS,76-52,HANK GALOTTA,B
MOUNT SAVAGE,1977,CHAMPION,GIRLS,52-41,JOANNE NICKEL,C
ABERDEEN,1977,SEMIFINALIST,BOYS,NA,NA,NA
ANNAPOLIS,1977,FINALIST,GIRLS,NA,NA,NA
ANNAPOLIS,1977,SEMIFINALIST,BOYS,NA,NA,NA
BEALL,1977,FINALIST,BOYS,NA,NA,NA
COLONEL RICHARDSON,1977,SEMIFINALIST,BOYS,NA,NA,NA
CRISFIELD,1977,SEMIFINALIST,BOYS,NA,NA,NA
DULANEY,1977,SEMIFINALIST,BOYS,NA,NA,NA
DULANEY,1977,SEMIFINALIST,GIRLS,NA,NA,NA
EDGEWOOD,1977,FINALIST,BOYS,NA,NA,NA
FRANCIS SCOTT KEY,1977,SEMIFINALIST,BOYS,NA,NA,NA
HEREFORD,1977,SEMIFINALIST,GIRLS,NA,NA,NA
LA PLATA,1977,CHAMPION,GIRLS,NA,NA,NA
MARDELA,1977,SEMIFINALIST,GIRLS,NA,NA,NA
NORTH CAROLINE,1977,SEMIFINALIST,BOYS,NA,NA,NA
NORTH HAGERSTOWN,1977,FINALIST,BOYS,NA,NA,NA
NORTH HAGERSTOWN,1977,SEMIFINALIST,GIRLS,NA,NA,NA
OAKLAND MILLS,1977,FINALIST,GIRLS,NA,NA,NA
OXON HILL,1977,CHAMPION,GIRLS,NA,NA,NA
POTOMAC,1977,FINALIST,BOYS,NA,NA,NA
SHERWOOD,1977,SEMIFINALIST,GIRLS,NA,NA,NA
SMITHSBURG,1977,SEMIFINALIST,GIRLS,NA,NA,NA
SPRINGBROOK,1977,SEMIFINALIST,GIRLS,NA,NA,NA
STEPHEN DECATUR,1977,FINALIST,GIRLS,NA,NA,NA
THOMAS STONE,1977,SEMIFINALIST,BOYS,NA,NA,NA
WICOMICO,1977,SEMIFINALIST,GIRLS,NA,NA,NA
ANDOVER,1977,CHAMPION,GIRLS,57-37,SALLY ENTSMINGER,A
DUVAL,1977,CHAMPION,GIRLS,55-52,SANDRA SPRINKLE,AA
FREDERICK,1978,CHAMPION,BOYS,64-62,BILL BROOKS,B
CRISFIELD,1978,CHAMPION,BOYS,65-58,BILL CAIN,C
THOMAS S. WOOTTON,1978,CHAMPION,BOYS,81-67,DALE MILLER,A
PARKDALE,1978,CHAMPION,GIRLS,49-45,DIANA HEADLEE,AA
WINSTON CHURCHILL,1978,CHAMPION,BOYS,77-63,LES LOMBARDI,AA
ANDOVER,1978,FINALIST,GIRLS,NA,NA,NA
ANNAPOLIS,1978,SEMIFINALIST,BOYS,NA,NA,NA
BEALL,1978,SEMIFINALIST,BOYS,NA,NA,NA
BLADENSBURG,1978,FINALIST,BOYS,NA,NA,NA
CAMBRIDGE/SD,1978,SEMIFINALIST,BOYS,NA,NA,NA
FRANCIS SCOTT KEY,1978,FINALIST,GIRLS,NA,NA,NA
FRIENDLY,1978,SEMIFINALIST,GIRLS,NA,NA,NA
GOV. THOMAS JOHNSON,1978,FINALIST,BOYS,NA,NA,NA
HAVRE DE GRACE,1978,CHAMPION,GIRLS,NA,NA,NA
HENRY E. LACKEY,1978,SEMIFINALIST,BOYS,NA,NA,NA
KENT COUNTY,1978,SEMIFINALIST,GIRLS,NA,NA,NA
MARDELA,1978,FINALIST,GIRLS,NA,NA,NA
MOUNT SAVAGE,1978,SEMIFINALIST,GIRLS,NA,NA,NA
NORTH EAST (CECIL),1978,SEMIFINALIST,GIRLS,NA,NA,NA
NORTH HAGERSTOWN,1978,FINALIST,GIRLS,NA,NA,NA
PARKVILLE,1978,FINALIST,GIRLS,NA,NA,NA
POOLESVILLE,1978,SEMIFINALIST,BOYS,NA,NA,NA
RISING SUN,1978,SEMIFINALIST,BOYS,NA,NA,NA
SENECA VALLEY,1978,SEMIFINALIST,GIRLS,NA,NA,NA
SHERWOOD,1978,FINALIST,BOYS,NA,NA,NA
SHERWOOD,1978,SEMIFINALIST,GIRLS,NA,NA,NA
SPRINGBROOK,1978,SEMIFINALIST,GIRLS,NA,NA,NA
SURRATTSVILLE,1978,SEMIFINALIST,BOYS,NA,NA,NA
WILDE LAKE,1978,SEMIFINALIST,BOYS,NA,NA,NA
WOODLAWN,1978,SEMIFINALIST,BOYS,NA,NA,NA
SOUTH CARROLL,1978,CHAMPION,GIRLS,56-54,RUTH LAMPERT,A
MIDDLETOWN,1978,CHAMPION,GIRLS,60-48,WILLIAM PFEIL,C
SNOW HILL,1979,CHAMPION,GIRLS,54-49,BRENDA JONES,C
PAINT BRANCH,1979,CHAMPION,GIRLS,63-43,BRUCE STAYMAN,A
THOMAS S. WOOTTON,1979,CHAMPION,BOYS,62-55,DALE MILLER,A
SHERWOOD,1979,CHAMPION,BOYS,79-58,HARRY LAUGHNER,B
VALLEY,1979,CHAMPION,BOYS,54-51,JOHN MEYERS,C
MONTGOMERY BLAIR,1979,CHAMPION,BOYS,55-53,MARTY DICKERSON,AA
ANNAPOLIS,1979,FINALIST,BOYS,NA,NA,NA
BEL AIR,1979,SEMIFINALIST,GIRLS,NA,NA,NA
BLADENSBURG,1979,SEMIFINALIST,BOYS,NA,NA,NA
CAMBRIDGE/SD,1979,SEMIFINALIST,BOYS,NA,NA,NA
CATONSVILLE,1979,SEMIFINALIST,BOYS,NA,NA,NA
CRISFIELD,1979,SEMIFINALIST,BOYS,NA,NA,NA
FORT HILL,1979,FINALIST,GIRLS,NA,NA,NA
FREDERICK,1979,SEMIFINALIST,BOYS,NA,NA,NA
FRIENDLY,1979,SEMIFINALIST,GIRLS,NA,NA,NA
HAVRE DE GRACE,1979,SEMIFINALIST,BOYS,NA,NA,NA
KENT COUNTY,1979,SEMIFINALIST,GIRLS,NA,NA,NA
MIDDLETOWN,1979,FINALIST,BOYS,NA,NA,NA
MOUNT SAVAGE,1979,SEMIFINALIST,GIRLS,NA,NA,NA
NORTH EAST (CECIL),1979,SEMIFINALIST,GIRLS,NA,NA,NA
NORTHWESTERN (PG),1979,CHAMPION,GIRLS,NA,NA,NA
PATAPSCO,1979,SEMIFINALIST,BOYS,NA,NA,NA
SHERWOOD,1979,SEMIFINALIST,GIRLS,NA,NA,NA
SMITHSBURG,1979,FINALIST,GIRLS,NA,NA,NA
SOUTH CARROLL,1979,SEMIFINALIST,GIRLS,NA,NA,NA
SOUTHERN (AA),1979,CHAMPION,GIRLS,NA,NA,NA
SOUTHERN (AA),1979,FINALIST,BOYS,NA,NA,NA
SURRATTSVILLE,1979,SEMIFINALIST,BOYS,NA,NA,NA
THOMAS STONE,1979,FINALIST,BOYS,NA,NA,NA
TOWSON,1979,FINALIST,GIRLS,NA,NA,NA
WALT WHITMAN,1979,SEMIFINALIST,GIRLS,NA,NA,NA
NORTHWESTERN-PG,1979,CHAMPION,GIRLS,59-57,NANCY SUTER,AA
CRISFIELD,1980,CHAMPION,BOYS,66-60,BILL CAIN,C
PAINT BRANCH,1980,CHAMPION,GIRLS,49-48,BRUCE STAYMAN,A
MOUNT HEBRON,1980,CHAMPION,GIRLS,72-48,DAVE GREENBERG,C
CAMBRIDGE/SD,1980,CHAMPION,BOYS,55-47,KEN EDGAR,B
GWYNN PARK,1980,CHAMPION,BOYS,75-74 (2 OT),LARRY GANDEE,A
ANDOVER,1980,SEMIFINALIST,BOYS,NA,NA,NA
ANNAPOLIS,1980,SEMIFINALIST,BOYS,NA,NA,NA
CATONSVILLE,1980,SEMIFINALIST,BOYS,NA,NA,NA
CENTENNIAL,1980,FINALIST,GIRLS,NA,NA,NA
ELEANOR ROOSEVELT,1980,FINALIST,GIRLS,NA,NA,NA
ELKTON,1980,SEMIFINALIST,GIRLS,NA,NA,NA
FREDERICK,1980,SEMIFINALIST,GIRLS,NA,NA,NA
GREAT MILLS,1980,SEMIFINALIST,GIRLS,NA,NA,NA
LEONARDTOWN,1980,SEMIFINALIST,GIRLS,NA,NA,NA
LINGANORE,1980,SEMIFINALIST,BOYS,NA,NA,NA
MOUNT HEBRON,1980,FINALIST,BOYS,NA,NA,NA
MOUNT SAVAGE,1980,SEMIFINALIST,GIRLS,NA,NA,NA
OAKLAND MILLS,1980,SEMIFINALIST,BOYS,NA,NA,NA
RANDALLSTOWN,1980,SEMIFINALIST,BOYS,NA,NA,NA
ROCKVILLE,1980,FINALIST,BOYS,NA,NA,NA
SEVERNA PARK,1980,SEMIFINALIST,GIRLS,NA,NA,NA
SMITHSBURG,1980,SEMIFINALIST,GIRLS,NA,NA,NA
SNOW HILL,1980,FINALIST,GIRLS,NA,NA,NA
SOUTH CARROLL,1980,FINALIST,GIRLS,NA,NA,NA
SOUTH HAGERSTOWN,1980,SEMIFINALIST,BOYS,NA,NA,NA
SOUTHERN (AA),1980,CHAMPION,GIRLS,NA,NA,NA
SOUTHERN (AA),1980,FINALIST,BOYS,NA,NA,NA
SUITLAND,1980,FINALIST,BOYS,NA,NA,NA
TOWSON,1980,SEMIFINALIST,GIRLS,NA,NA,NA
VALLEY,1980,SEMIFINALIST,BOYS,NA,NA,NA
LAUREL,1980,CHAMPION,BOYS,55-49,RANDY MADDOX,AA
DUVAL,1980,CHAMPION,GIRLS,68-55,SANDRA SPRINKLE,AA
NORTH HAGERSTOWN,1981,CHAMPION,GIRLS,64-53,DIANE STAHL,A
VALLEY,1981,CHAMPION,BOYS,55-52,JOHN MEYERS,C
ABERDEEN,1981,SEMIFINALIST,BOYS,NA,NA,NA
ANDOVER,1981,SEMIFINALIST,BOYS,NA,NA,NA
ANDOVER,1981,SEMIFINALIST,GIRLS,NA,NA,NA
BEALL,1981,SEMIFINALIST,GIRLS,NA,NA,NA
CATOCTIN,1981,SEMIFINALIST,BOYS,NA,NA,NA
CENTENNIAL,1981,CHAMPION,GIRLS,NA,NA,NA
DAMASCUS,1981,SEMIFINALIST,GIRLS,NA,NA,NA
DOUGLASS (PG),1981,FINALIST,GIRLS,NA,NA,NA
DULANEY,1981,SEMIFINALIST,GIRLS,NA,NA,NA
ELKTON,1981,SEMIFINALIST,GIRLS,NA,NA,NA
FREDERICK,1981,FINALIST,BOYS,NA,NA,NA
JOPPATOWNE,1981,SEMIFINALIST,BOYS,NA,NA,NA
KENT COUNTY,1981,FINALIST,BOYS,NA,NA,NA
KENWOOD,1981,FINALIST,BOYS,NA,NA,NA
LARGO,1981,SEMIFINALIST,GIRLS,NA,NA,NA
LEONARDTOWN,1981,SEMIFINALIST,GIRLS,NA,NA,NA
MOUNT HEBRON,1981,FINALIST,BOYS,NA,NA,NA
MOUNT HEBRON,1981,FINALIST,GIRLS,NA,NA,NA
PAINT BRANCH,1981,FINALIST,GIRLS,NA,NA,NA
POCOMOKE,1981,SEMIFINALIST,BOYS,NA,NA,NA
ROCKVILLE,1981,FINALIST,BOYS,NA,NA,NA
SEVERNA PARK,1981,SEMIFINALIST,BOYS,NA,NA,NA
SNOW HILL,1981,FINALIST,GIRLS,NA,NA,NA
SOUTHERN (AA),1981,CHAMPION,BOYS,NA,NA,NA
SOUTHERN (AA),1981,FINALIST,GIRLS,NA,NA,NA
SPRINGBROOK,1981,SEMIFINALIST,BOYS,NA,NA,NA
STEPHEN DECATUR,1981,FINALIST,BOYS,NA,NA,NA
WESTMINSTER,1981,CHAMPION,GIRLS,NA,NA,NA
FAIRMONT HEIGHTS,1981,CHAMPION,BOYS,73-69,PAUL PINSKY,A
SMITHSBURG,1981,CHAMPION,GIRLS,51-42,SANDRA GRAFF,C
PARKDALE,1981,CHAMPION,GIRLS,66-55,STAN KERNAN,AA
POTOMAC,1981,CHAMPION,BOYS,69-55,TAFT HICKMAN,AA
SOUTHERN-AA,1981,CHAMPION,BOYS,63-59,TOM ALBRIGHT,B
HIGH POINT,1982,CHAMPION,BOYS,54-52,AL MORAZ,AA
BROOKLYN PARK,1982,CHAMPION,GIRLS,55-54,ART ST. MARTIN,C
CRISFIELD,1982,CHAMPION,BOYS,68-60,BILL CAIN,C
FREDERICK,1982,CHAMPION,BOYS,70-58,BUD ROGERS,B
ANDOVER,1982,FINALIST,BOYS,NA,NA,NA
ANDOVER,1982,SEMIFINALIST,GIRLS,NA,NA,NA
ANNAPOLIS,1982,FINALIST,GIRLS,NA,NA,NA
ANNAPOLIS,1982,SEMIFINALIST,BOYS,NA,NA,NA
ATHOLTON,1982,SEMIFINALIST,BOYS,NA,NA,NA
ATHOLTON,1982,SEMIFINALIST,GIRLS,NA,NA,NA
CHARLES W. WOODWARD,1982,CHAMPION,GIRLS,NA,NA,NA
DULANEY,1982,SEMIFINALIST,GIRLS,NA,NA,NA
FRIENDLY,1982,SEMIFINALIST,GIRLS,NA,NA,NA
GOV. THOMAS JOHNSON,1982,CHAMPION,BOYS,NA,NA,NA
HAMMOND,1982,SEMIFINALIST,BOYS,NA,NA,NA
HEREFORD,1982,FINALIST,GIRLS,NA,NA,NA
KENWOOD,1982,SEMIFINALIST,BOYS,NA,NA,NA
MCDONOUGH,1982,FINALIST,BOYS,NA,NA,NA
MILFORD MILL,1982,FINALIST,BOYS,NA,NA,NA
MONTGOMERY BLAIR,1982,CHAMPION,GIRLS,NA,NA,NA
MOUNT SAVAGE,1982,SEMIFINALIST,GIRLS,NA,NA,NA
PARKSIDE,1982,SEMIFINALIST,GIRLS,NA,NA,NA
ROCKVILLE,1982,SEMIFINALIST,BOYS,NA,NA,NA
SMITHSBURG,1982,FINALIST,GIRLS,NA,NA,NA
SNOW HILL,1982,SEMIFINALIST,GIRLS,NA,NA,NA
SOUTHERN (G),1982,SEMIFINALIST,BOYS,NA,NA,NA
TOWSON,1982,SEMIFINALIST,GIRLS,NA,NA,NA
WALKERSVILLE,1982,FINALIST,BOYS,NA,NA,NA
WHEATON,1982,FINALIST,GIRLS,NA,NA,NA
WICOMICO,1982,SEMIFINALIST,BOYS,NA,NA,NA
DUVAL,1982,CHAMPION,GIRLS,62-47,SANDRA SPRINKLE,A
BLAIR,1982,CHAMPION,GIRLS,56-50,BILL LINDSEY,AA
THOMAS JOHNSON,1982,CHAMPION,BOYS,59-50,TOM DICKMAN,A
SPRINGBROOK,1983,CHAMPION,GIRLS,70-64,BILL WILEY,AA
HAMMOND,1983,CHAMPION,BOYS,73-51,MIKE MONGELLI,C
ABERDEEN,1983,SEMIFINALIST,BOYS,NA,NA,NA
ALBERT EINSTEIN,1983,SEMIFINALIST,BOYS,NA,NA,NA
ANDOVER,1983,SEMIFINALIST,GIRLS,NA,NA,NA
BETHESDA-CHEVY CHASE,1983,SEMIFINALIST,BOYS,NA,NA,NA
BROOKLYN PARK,1983,FINALIST,GIRLS,NA,NA,NA
CATONSVILLE,1983,FINALIST,BOYS,NA,NA,NA
COL. ZADOK MAGRUDER,1983,FINALIST,GIRLS,NA,NA,NA
DULANEY,1983,SEMIFINALIST,GIRLS,NA,NA,NA
FLINTSTONE,1983,SEMIFINALIST,BOYS,NA,NA,NA
FRIENDLY,1983,FINALIST,BOYS,NA,NA,NA
GLEN BURNIE,1983,SEMIFINALIST,GIRLS,NA,NA,NA
GOV. THOMAS JOHNSON,1983,CHAMPION,GIRLS,NA,NA,NA
LIBERTY,1983,FINALIST,GIRLS,NA,NA,NA
MEADE,1983,SEMIFINALIST,BOYS,NA,NA,NA
MOUNT SAVAGE,1983,SEMIFINALIST,GIRLS,NA,NA,NA
NORTHEAST (AA),1983,SEMIFINALIST,BOYS,NA,NA,NA
PAINT BRANCH,1983,FINALIST,GIRLS,NA,NA,NA
POTOMAC,1983,FINALIST,GIRLS,NA,NA,NA
SMITHSBURG,1983,SEMIFINALIST,BOYS,NA,NA,NA
SNOW HILL,1983,SEMIFINALIST,GIRLS,NA,NA,NA
SOUTHERN (AA),1983,CHAMPION,BOYS,NA,NA,NA
SOUTHERN (AA),1983,CHAMPION,GIRLS,NA,NA,NA
WICOMICO,1983,FINALIST,BOYS,NA,NA,NA
WICOMICO,1983,SEMIFINALIST,GIRLS,NA,NA,NA
WOODLAWN,1983,SEMIFINALIST,BOYS,NA,NA,NA
GWYNN PARK,1983,CHAMPION,BOYS,62-48,OWEN JOHNSON,A
SMITHSBURG,1983,CHAMPION,GIRLS,64-46,ROSEMARIE PELLEGRINO,C
THOMAS S. WOOTTON,1983,CHAMPION,BOYS,70-64,STAN WOLK,AA
THOMAS JOHNSON,1983,CHAMPION,GIRLS,58-52,JIM KENNEDY,A
SOUTHERN-AA,1983,CHAMPION,BOYS,75-67 OT,TOM ALBRIGHT,B
BETHESDA-CHEVY CHASE,1984,CHAMPION,BOYS,57-54,BILL WRIGHT,AA
CROSSLAND,1984,CHAMPION,GIRLS,57-55,CHARLOTTE WORTHY,AA
WALKERSVILLE,1984,CHAMPION,BOYS,63-46,DAVE MILLER,C
FAIRMONT HEIGHTS,1984,CHAMPION,GIRLS,56-45,JOAN ROTHGEB,A
OWINGS MILLS,1984,CHAMPION,GIRLS,52-48,KAREN SCHULTE,C
ABERDEEN,1984,SEMIFINALIST,BOYS,NA,NA,NA
ANNAPOLIS,1984,FINALIST,BOYS,NA,NA,NA
BRUCE,1984,FINALIST,BOYS,NA,NA,NA
CATONSVILLE,1984,FINALIST,GIRLS,NA,NA,NA
CENTRAL (PG),1984,CHAMPION,BOYS,NA,NA,NA
CHARLES W. WOODWARD,1984,FINALIST,BOYS,NA,NA,NA
CHARLES W. WOODWARD,1984,SEMIFINALIST,GIRLS,NA,NA,NA
DULANEY,1984,SEMIFINALIST,GIRLS,NA,NA,NA
FALLSTON,1984,SEMIFINALIST,GIRLS,NA,NA,NA
FORT HILL,1984,SEMIFINALIST,GIRLS,NA,NA,NA
FRIENDLY,1984,SEMIFINALIST,BOYS,NA,NA,NA
HAVRE DE GRACE,1984,SEMIFINALIST,BOYS,NA,NA,NA
LOCH RAVEN,1984,SEMIFINALIST,BOYS,NA,NA,NA
MOUNT HEBRON,1984,CHAMPION,BOYS,NA,NA,NA
NORTH CAROLINE,1984,FINALIST,GIRLS,NA,NA,NA
NORTHERN (CAL.),1984,FINALIST,BOYS,NA,NA,NA
RANDALLSTOWN,1984,SEMIFINALIST,BOYS,NA,NA,NA
SMITHSBURG,1984,SEMIFINALIST,GIRLS,NA,NA,NA
SOUTH CARROLL,1984,SEMIFINALIST,BOYS,NA,NA,NA
SOUTH RIVER,1984,SEMIFINALIST,GIRLS,NA,NA,NA
SOUTHERN (AA),1984,CHAMPION,GIRLS,NA,NA,NA
SOUTHERN (AA),1984,SEMIFINALIST,BOYS,NA,NA,NA
SOUTHERN (G),1984,SEMIFINALIST,GIRLS,NA,NA,NA
SPRINGBROOK,1984,FINALIST,GIRLS,NA,NA,NA
STEPHEN DECATUR,1984,SEMIFINALIST,BOYS,NA,NA,NA
WESTMINSTER,1984,CHAMPION,GIRLS,NA,NA,NA
CENTRAL-PG,1984,CHAMPION,BOYS,76-71 (2 OT),WALTER FULTON,A
MT. HEBRON,1984,CHAMPION,BOYS,56-54,CHUCK MONNINGER,B
FORESTVILLE,1985,CHAMPION,BOYS,67-63,AARON HOLDER,B
BROOKLYN PARK,1985,CHAMPION,GIRLS,Boys,ART ST. MARTIN,C
WILDE LAKE,1985,CHAMPION,BOYS,53-51,FRANK RHODES,C
SUITLAND,1985,CHAMPION,BOYS,73-63,IRVIN HAY,AA
ANNAPOLIS,1985,SEMIFINALIST,BOYS,NA,NA,NA
CAMBRIDGE/SD,1985,SEMIFINALIST,BOYS,NA,NA,NA
CATOCTIN,1985,SEMIFINALIST,GIRLS,NA,NA,NA
COL. ZADOK MAGRUDER,1985,SEMIFINALIST,GIRLS,NA,NA,NA
DULANEY,1985,SEMIFINALIST,GIRLS,NA,NA,NA
ELEANOR ROOSEVELT,1985,FINALIST,GIRLS,NA,NA,NA
FAIRMONT HEIGHTS,1985,SEMIFINALIST,GIRLS,NA,NA,NA
FORESTVILLE,1985,SEMIFINALIST,GIRLS,NA,NA,NA
GOV. THOMAS JOHNSON,1985,CHAMPION,BOYS,NA,NA,NA
HAVRE DE GRACE,1985,FINALIST,BOYS,NA,NA,NA
JAMES M. BENNETT,1985,SEMIFINALIST,BOYS,NA,NA,NA
MCDONOUGH,1985,FINALIST,BOYS,NA,NA,NA
MILFORD MILL,1985,FINALIST,BOYS,NA,NA,NA
NORTH CARROLL,1985,SEMIFINALIST,BOYS,NA,NA,NA
NORTH HARFORD,1985,SEMIFINALIST,GIRLS,NA,NA,NA
OLD MILL,1985,SEMIFINALIST,GIRLS,NA,NA,NA
PAINT BRANCH,1985,FINALIST,BOYS,NA,NA,NA
PIKESVILLE,1985,SEMIFINALIST,BOYS,NA,NA,NA
RANDALLSTOWN,1985,SEMIFINALIST,BOYS,NA,NA,NA
SNOW HILL,1985,FINALIST,GIRLS,NA,NA,NA
SOUTHERN (AA),1985,CHAMPION,GIRLS,NA,NA,NA
SOUTHERN (G),1985,SEMIFINALIST,BOYS,NA,NA,NA
SOUTHERN (G),1985,SEMIFINALIST,GIRLS,NA,NA,NA
THOMAS S. WOOTTON,1985,FINALIST,BOYS,NA,NA,NA
TOWSON,1985,FINALIST,GIRLS,NA,NA,NA
WHEATON,1985,CHAMPION,GIRLS,53-47,WALT DUPEE,AA
NORTH HAGERSTOWN,1985,CHAMPION,GIRLS,60-58,CURTIS GRAFF,A
THOMAS JOHNSON,1985,CHAMPION,BOYS,68-55,TOM DICKMAN,A
BROOKLYN PARK,1986,CHAMPION,GIRLS,56-43,ART ST. MARTIN,C
WALKERSVILLE,1986,CHAMPION,BOYS,62-49 OT,DAVID MILLER,C
CROSSLAND,1986,CHAMPION,BOYS,64-59,EARL HAWKINS,AA
SOUTH RIVER,1986,CHAMPION,GIRLS,63-52,JIM MORTON,A
ABERDEEN,1986,SEMIFINALIST,BOYS,NA,NA,NA
ANNAPOLIS,1986,SEMIFINALIST,BOYS,NA,NA,NA
BLADENSBURG,1986,FINALIST,GIRLS,NA,NA,NA
BROADNECK,1986,SEMIFINALIST,BOYS,NA,NA,NA
CATOCTIN,1986,FINALIST,GIRLS,NA,NA,NA
CHARLES W. WOODWARD,1986,FINALIST,BOYS,NA,NA,NA
FALLSTON,1986,SEMIFINALIST,GIRLS,NA,NA,NA
FREDERICK DOUGLASS (PG),1986,FINALIST,BOYS,NA,NA,NA
GOV. THOMAS JOHNSON,1986,CHAMPION,BOYS,NA,NA,NA
HAVRE DE GRACE,1986,SEMIFINALIST,BOYS,NA,NA,NA
HIGH POINT,1986,SEMIFINALIST,BOYS,NA,NA,NA
MOUNT HEBRON,1986,CHAMPION,GIRLS,NA,NA,NA
MOUNT SAVAGE,1986,SEMIFINALIST,GIRLS,NA,NA,NA
NORTH CAROLINE,1986,SEMIFINALIST,GIRLS,NA,NA,NA
NORTH HAGERSTOWN,1986,FINALIST,GIRLS,NA,NA,NA
OAKLAND MILLS,1986,SEMIFINALIST,BOYS,NA,NA,NA
PARKVILLE,1986,SEMIFINALIST,BOYS,NA,NA,NA
PATAPSCO,1986,SEMIFINALIST,GIRLS,NA,NA,NA
POCOMOKE,1986,SEMIFINALIST,BOYS,NA,NA,NA
ROCKVILLE,1986,SEMIFINALIST,GIRLS,NA,NA,NA
SOUTHERN (AA),1986,CHAMPION,BOYS,NA,NA,NA
SOUTHERN (AA),1986,FINALIST,GIRLS,NA,NA,NA
SURRATTSVILLE,1986,SEMIFINALIST,GIRLS,NA,NA,NA
VALLEY,1986,FINALIST,BOYS,NA,NA,NA
WALT WHITMAN,1986,FINALIST,BOYS,NA,NA,NA
WALTER JOHNSON,1986,SEMIFINALIST,GIRLS,NA,NA,NA
OLD MILL,1986,CHAMPION,GIRLS,68-55,PAT CHANCE,AA
THOMAS JOHNSON,1986,CHAMPION,BOYS,83-62,TOM DICKMAN,A
SOUTHERN-AA,1986,CHAMPION,BOYS,64-51,TOM ALBRIGHT,B
BROOKLYN PARK,1987,CHAMPION,GIRLS,60-41,ART ST. MARTIN,C
LA PLATA,1987,CHAMPION,GIRLS,50-41,CECE CARDANO,A
GWYNN PARK,1987,CHAMPION,BOYS,59-38,GEORGE LEFTWICH,A
WALTER JOHNSON,1987,CHAMPION,BOYS,55-53,HAL TEMPLETON,B
NORTH CAROLINE,1987,CHAMPION,BOYS,59-57,HENRY WARD,C
ROCKVILLE,1987,CHAMPION,GIRLS,56-54,JOAN O'BRIEN,AA
ANNAPOLIS,1987,SEMIFINALIST,BOYS,NA,NA,NA
BLADENSBURG,1987,SEMIFINALIST,GIRLS,NA,NA,NA
CALVERT,1987,SEMIFINALIST,BOYS,NA,NA,NA
CATONSVILLE,1987,FINALIST,GIRLS,NA,NA,NA
CROSSLAND,1987,FINALIST,BOYS,NA,NA,NA
DULANEY,1987,SEMIFINALIST,GIRLS,NA,NA,NA
ELEANOR ROOSEVELT,1987,FINALIST,GIRLS,NA,NA,NA
FALLSTON,1987,SEMIFINALIST,BOYS,NA,NA,NA
FALLSTON,1987,SEMIFINALIST,GIRLS,NA,NA,NA
FORESTVILLE,1987,SEMIFINALIST,BOYS,NA,NA,NA
FRANCIS SCOTT KEY,1987,SEMIFINALIST,GIRLS,NA,NA,NA
GOV. THOMAS JOHNSON,1987,SEMIFINALIST,GIRLS,NA,NA,NA
JOPPATOWNE,1987,SEMIFINALIST,BOYS,NA,NA,NA
LINGANORE,1987,SEMIFINALIST,GIRLS,NA,NA,NA
MOUNT HEBRON,1987,CHAMPION,GIRLS,NA,NA,NA
MOUNT HEBRON,1987,FINALIST,BOYS,NA,NA,NA
MOUNT SAVAGE,1987,FINALIST,GIRLS,NA,NA,NA
NORTHWESTERN (PG),1987,CHAMPION,BOYS,NA,NA,NA
PARKVILLE,1987,SEMIFINALIST,BOYS,NA,NA,NA
POCOMOKE,1987,SEMIFINALIST,GIRLS,NA,NA,NA
SHERWOOD,1987,FINALIST,BOYS,NA,NA,NA
SOUTH RIVER,1987,SEMIFINALIST,GIRLS,NA,NA,NA
SOUTHERN (AA),1987,FINALIST,GIRLS,NA,NA,NA
SPRINGBROOK,1987,SEMIFINALIST,BOYS,NA,NA,NA
VALLEY,1987,FINALIST,BOYS,NA,NA,NA
WALKERSVILLE,1987,SEMIFINALIST,BOYS,NA,NA,NA
NORTHWESTERN-PG,1987,CHAMPION,BOYS,73-63,CORNELL JONES,AA
BROOKLYN PARK,1988,CHAMPION,GIRLS,71-52,ART ST. MARTIN,C
DULANEY,1988,CHAMPION,GIRLS,51-41,ELAINE LINDSAY,AA
GWYNN PARK,1988,CHAMPION,BOYS,63-51,GEORGE LEFTWICH,B
MILFORD MILL,1988,CHAMPION,BOYS,65-61,HOMER SEIDEL,C
SPRINGBROOK,1988,CHAMPION,BOYS,77-73,JOHN BARRETT,AA
CAMBRIDGE/SD,1988,SEMIFINALIST,BOYS,NA,NA,NA
CROSSLAND,1988,FINALIST,BOYS,NA,NA,NA
EASTON,1988,SEMIFINALIST,BOYS,NA,NA,NA
FRIENDLY,1988,FINALIST,GIRLS,NA,NA,NA
GAITHERSBURG,1988,SEMIFINALIST,BOYS,NA,NA,NA
GOV. THOMAS JOHNSON,1988,FINALIST,GIRLS,NA,NA,NA
GREAT MILLS,1988,CHAMPION,GIRLS,NA,NA,NA
GWYNN PARK,1988,FINALIST,GIRLS,NA,NA,NA
HAVRE DE GRACE,1988,SEMIFINALIST,BOYS,NA,NA,NA
HEREFORD,1988,SEMIFINALIST,GIRLS,NA,NA,NA
LANSDOWNE,1988,FINALIST,GIRLS,NA,NA,NA
LANSDOWNE,1988,SEMIFINALIST,GIRLS,NA,NA,NA
MARDELA,1988,SEMIFINALIST,GIRLS,NA,NA,NA
MEADE,1988,FINALIST,GIRLS,NA,NA,NA
MEADE,1988,SEMIFINALIST,BOYS,NA,NA,NA
MIDDLETOWN,1988,SEMIFINALIST,GIRLS,NA,NA,NA
MONTGOMERY BLAIR,1988,SEMIFINALIST,GIRLS,NA,NA,NA
MOUNT HEBRON,1988,CHAMPION,GIRLS,NA,NA,NA
OAKLAND MILLS,1988,SEMIFINALIST,BOYS,NA,NA,NA
PAINT BRANCH,1988,SEMIFINALIST,BOYS,NA,NA,NA
PARKSIDE,1988,SEMIFINALIST,GIRLS,NA,NA,NA
SEVERNA PARK,1988,SEMIFINALIST,GIRLS,NA,NA,NA
SHERWOOD,1988,SEMIFINALIST,GIRLS,NA,NA,NA
SMITHSBURG,1988,CHAMPION,BOYS,NA,NA,NA
SMITHSBURG,1988,SEMIFINALIST,GIRLS,NA,NA,NA
THOMAS STONE,1988,FINALIST,BOYS,NA,NA,NA
TOWSON,1988,SEMIFINALIST,BOYS,NA,NA,NA
WALKERSVILLE,1988,FINALIST,BOYS,NA,NA,NA
LEONARDTOWN,1988,CHAMPION,GIRLS,60-55,CAROL MONTAGUE,A
THOMAS JOHNSON,1988,CHAMPION,BOYS,88-69,TOM DICKMAN,A
SNOW HILL,1989,CHAMPION,BOYS,89-78,ALLEN MILLER,C
BROOKLYN PARK,1989,CHAMPION,GIRLS,59-48,ART ST. MARTIN,1A
HIGH POINT,1989,CHAMPION,BOYS,92-84,ERNIE WELCH,AA
CAMBRIDGE/SD,1989,CHAMPION,BOYS,77-73,GRAYSON HURLEY,B
MIDDLETOWN,1989,CHAMPION,GIRLS,42-40,MARK MILLER,2A
ALBERT EINSTEIN,1989,SEMIFINALIST,GIRLS,NA,NA,NA
ANDOVER,1989,FINALIST,GIRLS,NA,NA,NA
ANNAPOLIS,1989,FINALIST,BOYS,NA,NA,NA
BOONSBORO,1989,SEMIFINALIST,BOYS,NA,NA,NA
CALVERT,1989,SEMIFINALIST,BOYS,NA,NA,NA
CITY COLLEGE,1989,FINALIST,BOYS,NA,NA,NA
FRIENDLY,1989,FINALIST,GIRLS,NA,NA,NA
GLENELG,1989,FINALIST,GIRLS,NA,NA,NA
GOV. THOMAS JOHNSON,1989,CHAMPION,GIRLS,NA,NA,NA
HAMMOND,1989,FINALIST,BOYS,NA,NA,NA
JOHN F. KENNEDY,1989,SEMIFINALIST,BOYS,NA,NA,NA
LANSDOWNE,1989,FINALIST,GIRLS,NA,NA,NA
LANSDOWNE,1989,SEMIFINALIST,GIRLS,NA,NA,NA
MIDDLETOWN,1989,SEMIFINALIST,BOYS,NA,NA,NA
MILFORD MILL,1989,FINALIST,BOYS,NA,NA,NA
NORTH CAROLINE,1989,SEMIFINALIST,BOYS,NA,NA,NA
NORTHERN (CAL.),1989,SEMIFINALIST,BOYS,NA,NA,NA
PAINT BRANCH,1989,SEMIFINALIST,GIRLS,NA,NA,NA
PARKSIDE,1989,SEMIFINALIST,GIRLS,NA,NA,NA
RISING SUN,1989,SEMIFINALIST,GIRLS,NA,NA,NA
SOUTH CARROLL,1989,FINALIST,BOYS,NA,NA,NA
SOUTHERN (AA),1989,SEMIFINALIST,GIRLS,NA,NA,NA
STEPHEN DECATUR,1989,SEMIFINALIST,GIRLS,NA,NA,NA
TOWSON,1989,SEMIFINALIST,BOYS,NA,NA,NA
VALLEY,1989,FINALIST,GIRLS,NA,NA,NA
WOODLAWN,1989,SEMIFINALIST,BOYS,NA,NA,NA
WOODLAWN,1989,SEMIFINALIST,GIRLS,NA,NA,NA
POTOMAC,1989,CHAMPION,BOYS,82-56,TAFT HICKMAN,A
BROADNECK,1989,CHAMPION,GIRLS,57-36,THOMAS SMITH,4A
THOMAS JOHNSON,1989,CHAMPION,GIRLS,43-38,CHERYL FOUT,3A
BROADNECK,1990,CHAMPION,GIRLS,57-52,BRUCE SPRINGER,4A
OAKLAND MILLS,1990,CHAMPION,BOYS,81-72,DAVE APPLEBY,A
MOUNT HEBRON,1990,CHAMPION,GIRLS,59-35,DAVE GREENBERG,2A
WESTMAR,1990,CHAMPION,GIRLS,59-52,JOAN FITZPATRICK,1A
ANNAPOLIS,1990,CHAMPION,BOYS,106-102,JOHN BRADY,AA
JOPPATOWNE,1990,CHAMPION,BOYS,71-47,MIKE BAUER,C
BROOKLYN PARK,1990,FINALIST,GIRLS,NA,NA,NA
CAMBRIDGE/SD,1990,SEMIFINALIST,BOYS,NA,NA,NA
CENTRAL (PG),1990,CHAMPION,BOYS,NA,NA,NA
COLONEL RICHARDSON,1990,SEMIFINALIST,BOYS,NA,NA,NA
DOUGLASS (PG),1990,FINALIST,GIRLS,NA,NA,NA
ELKTON,1990,SEMIFINALIST,BOYS,NA,NA,NA
GOV. THOMAS JOHNSON,1990,FINALIST,GIRLS,NA,NA,NA
HAMMOND,1990,FINALIST,BOYS,NA,NA,NA
HEREFORD,1990,SEMIFINALIST,GIRLS,NA,NA,NA
HIGH POINT,1990,FINALIST,BOYS,NA,NA,NA
MARDELA,1990,SEMIFINALIST,GIRLS,NA,NA,NA
MIDDLETOWN,1990,FINALIST,GIRLS,NA,NA,NA
MIDDLETOWN,1990,SEMIFINALIST,BOYS,NA,NA,NA
MONTGOMERY BLAIR,1990,SEMIFINALIST,GIRLS,NA,NA,NA
NORTHEAST (AA),1990,SEMIFINALIST,GIRLS,NA,NA,NA
NORTHERN (CAL.),1990,FINALIST,BOYS,NA,NA,NA
PARKSIDE,1990,SEMIFINALIST,GIRLS,NA,NA,NA
PARKVILLE,1990,FINALIST,GIRLS,NA,NA,NA
POTOMAC,1990,SEMIFINALIST,BOYS,NA,NA,NA
RANDALLSTOWN,1990,SEMIFINALIST,BOYS,NA,NA,NA
SPRINGBROOK,1990,SEMIFINALIST,BOYS,NA,NA,NA
WESTMAR,1990,FINALIST,BOYS,NA,NA,NA
WOODLAWN,1990,SEMIFINALIST,GIRLS,NA,NA,NA
GREAT MILLS,1990,CHAMPION,GIRLS,42-40,MIKE MCLUCKIE,3A
CENTRAL-PG,1990,CHAMPION,BOYS,79-77 OT,WALTER FULTON,B
DUVAL,1991,CHAMPION,BOYS,85-66,"ARTIE WALKER, SR.",A
MOUNT HEBRON,1991,CHAMPION,GIRLS,60-52,DAVE GREENBERG,2A
FORESTVILLE,1991,CHAMPION,BOYS,77-59,GARY MCCORKLE,B
WESTMAR,1991,CHAMPION,GIRLS,75-58,JOAN FITZPATRICK,1A
PARKDALE,1991,CHAMPION,BOYS,68-54,KEN FREEMAN,AA
ANNAPOLIS,1991,SEMIFINALIST,BOYS,NA,NA,NA
BRUNSWICK,1991,SEMIFINALIST,BOYS,NA,NA,NA
BRUNSWICK,1991,SEMIFINALIST,GIRLS,NA,NA,NA
CATONSVILLE,1991,FINALIST,BOYS,NA,NA,NA
DOUGLASS (PG),1991,SEMIFINALIST,GIRLS,NA,NA,NA
EDGEWOOD,1991,FINALIST,BOYS,NA,NA,NA
FAIRMONT HEIGHTS,1991,SEMIFINALIST,GIRLS,NA,NA,NA
FREDERICK,1991,SEMIFINALIST,GIRLS,NA,NA,NA
GAITHERSBURG,1991,SEMIFINALIST,GIRLS,NA,NA,NA
GLENELG,1991,SEMIFINALIST,GIRLS,NA,NA,NA
KENT COUNTY,1991,SEMIFINALIST,GIRLS,NA,NA,NA
NORTH CAROLINE,1991,FINALIST,GIRLS,NA,NA,NA
NORTHERN (CAL.),1991,FINALIST,GIRLS,NA,NA,NA
NORTHERN (CAL.),1991,SEMIFINALIST,BOYS,NA,NA,NA
OAKLAND MILLS,1991,FINALIST,GIRLS,NA,NA,NA
OAKLAND MILLS,1991,SEMIFINALIST,BOYS,NA,NA,NA
PARKSIDE,1991,FINALIST,GIRLS,NA,NA,NA
POCOMOKE,1991,FINALIST,BOYS,NA,NA,NA
QUINCE ORCHARD,1991,SEMIFINALIST,BOYS,NA,NA,NA
SPRINGBROOK,1991,FINALIST,BOYS,NA,NA,NA
SPRINGBROOK,1991,FINALIST,GIRLS,NA,NA,NA
WATKINS MILL,1991,SEMIFINALIST,BOYS,NA,NA,NA
WILDE LAKE,1991,SEMIFINALIST,BOYS,NA,NA,NA
WILLIAMSPORT,1991,SEMIFINALIST,BOYS,NA,NA,NA
OLD MILL,1991,CHAMPION,GIRLS,53-51,PAT CHANCE,4A
DUVAL,1991,CHAMPION,GIRLS,60-42,WALTER CLARK,3A
JOPPATOWNE,1991,CHAMPION,BOYS,67-47,MIKE BAUER,C
CATONSVILLE,1992,CHAMPION,BOYS,70-69,ART GAMZON,A
LINGANORE,1992,CHAMPION,GIRLS,47-40,BRIAN MATTHEWS,3A
HIGH POINT,1992,CHAMPION,BOYS,65-53,ERNIE WELCH,AA
FORESTVILLE,1992,CHAMPION,BOYS,84-53,GARY MCCORKLE,B
WILLIAMSPORT,1992,CHAMPION,GIRLS,34-21,GLENN SMITH,1A
MILFORD MILL,1992,CHAMPION,BOYS,88-63,HOMER SEIDEL,C
HAMMOND,1992,CHAMPION,GIRLS,56-51,JOE RUSSO,2A
BOWIE,1992,FINALIST,GIRLS,NA,NA,NA
BRUNSWICK,1992,SEMIFINALIST,GIRLS,NA,NA,NA
CALVERT,1992,SEMIFINALIST,GIRLS,NA,NA,NA
CROSSLAND,1992,SEMIFINALIST,BOYS,NA,NA,NA
DAMASCUS,1992,SEMIFINALIST,GIRLS,NA,NA,NA
DUVAL,1992,SEMIFINALIST,BOYS,NA,NA,NA
FALLSTON,1992,FINALIST,GIRLS,NA,NA,NA
GLENELG,1992,FINALIST,GIRLS,NA,NA,NA
LAUREL,1992,SEMIFINALIST,GIRLS,NA,NA,NA
LEONARDTOWN,1992,SEMIFINALIST,GIRLS,NA,NA,NA
OLD MILL,1992,FINALIST,BOYS,NA,NA,NA
OVERLEA,1992,FINALIST,BOYS,NA,NA,NA
PAINT BRANCH,1992,FINALIST,BOYS,NA,NA,NA
PERRYVILLE,1992,FINALIST,BOYS,NA,NA,NA
POCOMOKE,1992,SEMIFINALIST,BOYS,NA,NA,NA
POTOMAC,1992,FINALIST,BOYS,NA,NA,NA
SENECA VALLEY,1992,SEMIFINALIST,BOYS,NA,NA,NA
SNOW HILL,1992,SEMIFINALIST,GIRLS,NA,NA,NA
STEPHEN DECATUR,1992,SEMIFINALIST,BOYS,NA,NA,NA
WALKERSVILLE,1992,SEMIFINALIST,BOYS,NA,NA,NA
WATKINS MILL,1992,FINALIST,GIRLS,NA,NA,NA
WICOMICO,1992,SEMIFINALIST,GIRLS,NA,NA,NA
WILLIAMSPORT,1992,SEMIFINALIST,BOYS,NA,NA,NA
OLD MILL,1992,CHAMPION,GIRLS,50-39,PAT CHANCE,4A
BLADENSBURG,1993,CHAMPION,GIRLS,52-48,LESTER BUTLER,3A
LARGO,1993,CHAMPION,BOYS,82-70,LOUIS WILSON,AA
MIDDLETOWN,1993,CHAMPION,GIRLS,53-48 OT,MARK MILLER,2A
CAMBRIDGE/SD,1993,FINALIST,BOYS,NA,NA,NA
CATONSVILLE,1993,SEMIFINALIST,BOYS,NA,NA,NA
CENTRAL (PG),1993,SEMIFINALIST,GIRLS,NA,NA,NA
CHOPTICON,1993,SEMIFINALIST,BOYS,NA,NA,NA
EDGEWOOD,1993,SEMIFINALIST,BOYS,NA,NA,NA
FALLSTON,1993,SEMIFINALIST,BOYS,NA,NA,NA
FALLSTON,1993,SEMIFINALIST,GIRLS,NA,NA,NA
GOV. THOMAS JOHNSON,1993,SEMIFINALIST,BOYS,NA,NA,NA
HAMMOND,1993,FINALIST,GIRLS,NA,NA,NA
HEREFORD,1993,FINALIST,BOYS,NA,NA,NA
HIGH POINT,1993,SEMIFINALIST,BOYS,NA,NA,NA
HOWARD,1993,SEMIFINALIST,GIRLS,NA,NA,NA
LANSDOWNE,1993,SEMIFINALIST,GIRLS,NA,NA,NA
MEADE,1993,FINALIST,BOYS,NA,NA,NA
MILFORD MILL,1993,SEMIFINALIST,GIRLS,NA,NA,NA
OXON HILL,1993,SEMIFINALIST,GIRLS,NA,NA,NA
PARKSIDE,1993,SEMIFINALIST,GIRLS,NA,NA,NA
PAUL LAURENCE DUNBAR,1993,CHAMPION,BOYS,NA,NA,NA
POTOMAC,1993,FINALIST,BOYS,NA,NA,NA
SOUTHERN (B),1993,CHAMPION,BOYS,NA,NA,NA
SPRINGBROOK,1993,SEMIFINALIST,BOYS,NA,NA,NA
SPRINGBROOK,1993,SEMIFINALIST,GIRLS,NA,NA,NA
WALT WHITMAN,1993,FINALIST,GIRLS,NA,NA,NA
WESTERN (B),1993,FINALIST,GIRLS,NA,NA,NA
WESTMAR,1993,SEMIFINALIST,BOYS,NA,NA,NA
WILLIAMSPORT,1993,FINALIST,GIRLS,NA,NA,NA
OLD MILL,1993,CHAMPION,GIRLS,59-35,PAT CHANCE,4A
ALLEGANY,1993,CHAMPION,BOYS,50-45 OT,TOBY EIRICH,B
EASTON,1993,CHAMPION,GIRLS,51-42,TOM CALLAHAN,1A
SOUTHERN-B,1993,CHAMPION,BOYS,70-57,MEREDITH SMITH,A
DUNBAR,1993,CHAMPION,BOYS,66-59,PETE POMPEY,C
DUVAL,1994,CHAMPION,BOYS,60-58,"ARTIE WALKER, SR.",A
HOWARD,1994,CHAMPION,GIRLS,47-41,CRAIG O'CONNELL,3A
MILFORD MILL,1994,CHAMPION,BOYS,68-54,HOMER SEIDEL,C
HAMMOND,1994,CHAMPION,GIRLS,59-41,JOE RUSSO,2A
ALLEGANY,1994,FINALIST,BOYS,NA,NA,NA
ANNAPOLIS,1994,SEMIFINALIST,GIRLS,NA,NA,NA
CATOCTIN,1994,SEMIFINALIST,GIRLS,NA,NA,NA
CROSSLAND,1994,SEMIFINALIST,BOYS,NA,NA,NA
DUVAL,1994,SEMIFINALIST,GIRLS,NA,NA,NA
EDGEWOOD,1994,SEMIFINALIST,BOYS,NA,NA,NA
FALLSTON,1994,SEMIFINALIST,GIRLS,NA,NA,NA
FREDERICK DOUGLASS (B),1994,FINALIST,BOYS,NA,NA,NA
GLEN BURNIE,1994,SEMIFINALIST,BOYS,NA,NA,NA
GOV. THOMAS JOHNSON,1994,SEMIFINALIST,BOYS,NA,NA,NA
MIDDLETOWN,1994,FINALIST,GIRLS,NA,NA,NA
OXON HILL,1994,SEMIFINALIST,GIRLS,NA,NA,NA
PAUL LAURENCE DUNBAR,1994,CHAMPION,BOYS,NA,NA,NA
POTOMAC,1994,SEMIFINALIST,BOYS,NA,NA,NA
RANDALLSTOWN,1994,SEMIFINALIST,BOYS,NA,NA,NA
RANDALLSTOWN,1994,SEMIFINALIST,GIRLS,NA,NA,NA
SHERWOOD,1994,FINALIST,GIRLS,NA,NA,NA
SNOW HILL,1994,SEMIFINALIST,BOYS,NA,NA,NA
SOUTH RIVER,1994,SEMIFINALIST,GIRLS,NA,NA,NA
SOUTHERN (B),1994,CHAMPION,BOYS,NA,NA,NA
SOUTHERN (G),1994,SEMIFINALIST,GIRLS,NA,NA,NA
SPRINGBROOK,1994,FINALIST,BOYS,NA,NA,NA
WALT WHITMAN,1994,SEMIFINALIST,GIRLS,NA,NA,NA
WESTERN (B),1994,CHAMPION,GIRLS,NA,NA,NA
WILDE LAKE,1994,FINALIST,BOYS,NA,NA,NA
WILLIAMSPORT,1994,SEMIFINALIST,BOYS,NA,NA,NA
EASTON,1994,CHAMPION,GIRLS,66-50,TOM CALLAHAN,1A
WESTERN,1994,CHAMPION,GIRLS,61-48,BREEZY BISHOP,4A
SOUTHERN-B,1994,CHAMPION,BOYS,68-58,MEREDITH SMITH,AA
DUNBAR,1994,CHAMPION,BOYS,90-62,PAUL SMITH,B
LAKE CLIFTON/EASTERN,1995,CHAMPION,BOYS,65-62,CHARLIE MOORE,AA
FORESTVILLE,1995,CHAMPION,BOYS,67-63,IRVIN HAY,C
HAMMOND,1995,CHAMPION,GIRLS,57-51,JOE RUSSO,2A
WILDE LAKE,1995,CHAMPION,GIRLS,56-46,KELLY STORR,1A
RANDALLSTOWN,1995,CHAMPION,BOYS,58-57,KIM RIVERS,A
ARUNDEL,1995,FINALIST,GIRLS,NA,NA,NA
ARUNDEL,1995,SEMIFINALIST,BOYS,NA,NA,NA
BLADENSBURG,1995,FINALIST,GIRLS,NA,NA,NA
BROADNECK,1995,SEMIFINALIST,BOYS,NA,NA,NA
C. MILTON WRIGHT,1995,SEMIFINALIST,GIRLS,NA,NA,NA
COLONEL RICHARDSON,1995,SEMIFINALIST,BOYS,NA,NA,NA
EDGEWOOD,1995,SEMIFINALIST,BOYS,NA,NA,NA
FALLSTON,1995,FINALIST,GIRLS,NA,NA,NA
GOV. THOMAS JOHNSON,1995,FINALIST,BOYS,NA,NA,NA
GWYNN PARK,1995,SEMIFINALIST,BOYS,NA,NA,NA
HIGH POINT,1995,SEMIFINALIST,BOYS,NA,NA,NA
MILFORD MILL,1995,FINALIST,BOYS,NA,NA,NA
MONTGOMERY BLAIR,1995,SEMIFINALIST,GIRLS,NA,NA,NA
MOUNT HEBRON,1995,FINALIST,GIRLS,NA,NA,NA
OAKLAND MILLS,1995,FINALIST,BOYS,NA,NA,NA
OXON HILL,1995,SEMIFINALIST,GIRLS,NA,NA,NA
PARKSIDE,1995,SEMIFINALIST,GIRLS,NA,NA,NA
PAUL LAURENCE DUNBAR,1995,CHAMPION,BOYS,NA,NA,NA
POCOMOKE,1995,SEMIFINALIST,GIRLS,NA,NA,NA
SOUTH HAGERSTOWN,1995,SEMIFINALIST,BOYS,NA,NA,NA
SOUTH HAGERSTOWN,1995,SEMIFINALIST,GIRLS,NA,NA,NA
SOUTHERN (G),1995,FINALIST,GIRLS,NA,NA,NA
SPRINGBROOK,1995,FINALIST,BOYS,NA,NA,NA
WALT WHITMAN,1995,CHAMPION,GIRLS,NA,NA,NA
WESTERN (B),1995,CHAMPION,GIRLS,NA,NA,NA
WILLIAMSPORT,1995,SEMIFINALIST,BOYS,NA,NA,NA
WESTERN,1995,CHAMPION,GIRLS,51-33,BREEZY BISHOP,4A
WHITMAN,1995,CHAMPION,GIRLS,66-65,KERRY WARD,3A
DUNBAR,1995,CHAMPION,BOYS,100-58,PAUL SMITH,B
BRUNSWICK,1996,CHAMPION,GIRLS,58-47,BILL MARTIN,1A
LINGANORE,1996,CHAMPION,GIRLS,61-54,BRIAN MATTHEWS,2A
CAMBRIDGE/SD,1996,CHAMPION,BOYS,71-51,GRAYSON HURLEY,C
ARUNDEL,1996,CHAMPION,GIRLS,57-49,LEE ROGERS,4A
ABERDEEN,1996,FINALIST,BOYS,NA,NA,NA
ANNAPOLIS,1996,SEMIFINALIST,BOYS,NA,NA,NA
BRUNSWICK,1996,SEMIFINALIST,BOYS,NA,NA,NA
C. MILTON WRIGHT,1996,SEMIFINALIST,GIRLS,NA,NA,NA
CENTRAL (PG),1996,CHAMPION,BOYS,NA,NA,NA
DOUGLASS (PG),1996,SEMIFINALIST,GIRLS,NA,NA,NA
GAITHERSBURG,1996,SEMIFINALIST,GIRLS,NA,NA,NA
GWYNN PARK,1996,SEMIFINALIST,BOYS,NA,NA,NA
HAMMOND,1996,FINALIST,GIRLS,NA,NA,NA
HAVRE DE GRACE,1996,FINALIST,GIRLS,NA,NA,NA
HAVRE DE GRACE,1996,SEMIFINALIST,BOYS,NA,NA,NA
HOWARD,1996,SEMIFINALIST,GIRLS,NA,NA,NA
JOHN F. KENNEDY,1996,FINALIST,BOYS,NA,NA,NA
MIDDLETOWN,1996,SEMIFINALIST,BOYS,NA,NA,NA
NORTH CAROLINE,1996,SEMIFINALIST,GIRLS,NA,NA,NA
NORTHWESTERN (PG),1996,FINALIST,BOYS,NA,NA,NA
PAINT BRANCH,1996,SEMIFINALIST,BOYS,NA,NA,NA
PAUL LAURENCE DUNBAR,1996,CHAMPION,BOYS,NA,NA,NA
PERRY HALL,1996,SEMIFINALIST,GIRLS,NA,NA,NA
RANDALLSTOWN,1996,SEMIFINALIST,BOYS,NA,NA,NA
RICHARD MONTGOMERY,1996,CHAMPION,GIRLS,NA,NA,NA
SHERWOOD,1996,FINALIST,GIRLS,NA,NA,NA
SOUTHERN (AA),1996,SEMIFINALIST,BOYS,NA,NA,NA
SOUTHERN (B),1996,CHAMPION,BOYS,NA,NA,NA
WASHINGTON,1996,SEMIFINALIST,GIRLS,NA,NA,NA
WESTMAR,1996,FINALIST,GIRLS,NA,NA,NA
WILLIAMSPORT,1996,FINALIST,BOYS,NA,NA,NA
SOUTHERN-B,1996,CHAMPION,BOYS,64-41,MEREDITH SMITH,AA
DUNBAR,1996,CHAMPION,BOYS,66-60,PAUL SMITH,A
CENTRAL-PG,1996,CHAMPION,BOYS,82-64,WALTER FULTON,B
FRANCIS SCOTT KEY,1997,CHAMPION,GIRLS,53-23,ALICE SMITH,1A
EDGEWOOD,1997,CHAMPION,BOYS,60-51,BOB SLAGLE,C
SURRATTSVILLE,1997,CHAMPION,BOYS,72-45,JIM BUTLER,B
ANNAPOLIS,1997,SEMIFINALIST,GIRLS,NA,NA,NA
CALVERT,1997,CHAMPION,BOYS,NA,NA,NA
CENTENNIAL,1997,FINALIST,GIRLS,NA,NA,NA
CITY COLLEGE,1997,SEMIFINALIST,BOYS,NA,NA,NA
CRISFIELD,1997,SEMIFINALIST,BOYS,NA,NA,NA
CROSSLAND,1997,SEMIFINALIST,BOYS,NA,NA,NA
FALLSTON,1997,SEMIFINALIST,GIRLS,NA,NA,NA
FRIENDLY,1997,SEMIFINALIST,GIRLS,NA,NA,NA
HEREFORD,1997,SEMIFINALIST,GIRLS,NA,NA,NA
LINGANORE,1997,CHAMPION,GIRLS,NA,NA,NA
LONG REACH,1997,FINALIST,BOYS,NA,NA,NA
MARDELA,1997,SEMIFINALIST,GIRLS,NA,NA,NA
MILFORD MILL,1997,FINALIST,BOYS,NA,NA,NA
MONTGOMERY BLAIR,1997,FINALIST,GIRLS,NA,NA,NA
NORTHERN (G),1997,FINALIST,GIRLS,NA,NA,NA
PAINT BRANCH,1997,SEMIFINALIST,BOYS,NA,NA,NA
PARKDALE,1997,FINALIST,BOYS,NA,NA,NA
PAUL LAURENCE DUNBAR,1997,FINALIST,BOYS,NA,NA,NA
RANDALLSTOWN,1997,SEMIFINALIST,BOYS,NA,NA,NA
RISING SUN,1997,SEMIFINALIST,GIRLS,NA,NA,NA
SOUTHERN (AA),1997,FINALIST,GIRLS,NA,NA,NA
TOWSON,1997,SEMIFINALIST,GIRLS,NA,NA,NA
WESTERN (B),1997,SEMIFINALIST,GIRLS,NA,NA,NA
WESTMAR,1997,SEMIFINALIST,BOYS,NA,NA,NA
WHEATON,1997,SEMIFINALIST,BOYS,NA,NA,NA
WILDE LAKE,1997,SEMIFINALIST,GIRLS,NA,NA,NA
LARGO,1997,CHAMPION,GIRLS,66-41,ROBERT BLAIR,4A
SOUTHWESTERN,1997,CHAMPION,BOYS,81-75 OT,TERRY LEVERETT,AA
WHEATON,1997,CHAMPION,GIRLS,59-47,WALT DUPEE,2A
THOMAS JOHNSON,1997,CHAMPION,BOYS,82-51,TOM DICKMAN,A
TOWSON,1998,CHAMPION,GIRLS,48-37,BEVERLY SNYDER,2A
FOREST PARK,1998,CHAMPION,BOYS,45-43,GREGORY WARREN,C
FRIENDLY,1998,CHAMPION,BOYS,55-46,JIM GRIFFIN,A
ABERDEEN,1998,SEMIFINALIST,BOYS,NA,NA,NA
ANNAPOLIS,1998,SEMIFINALIST,BOYS,NA,NA,NA
ARUNDEL,1998,FINALIST,GIRLS,NA,NA,NA
BRUNSWICK,1998,SEMIFINALIST,BOYS,NA,NA,NA
CENTRAL (PG),1998,FINALIST,BOYS,NA,NA,NA
EDGEWOOD,1998,SEMIFINALIST,BOYS,NA,NA,NA
GOV. THOMAS JOHNSON,1998,SEMIFINALIST,BOYS,NA,NA,NA
HAVRE DE GRACE,1998,SEMIFINALIST,GIRLS,NA,NA,NA
MERGENTHALER,1998,SEMIFINALIST,BOYS,NA,NA,NA
MIDDLETOWN,1998,FINALIST,GIRLS,NA,NA,NA
MIDDLETOWN,1998,SEMIFINALIST,BOYS,NA,NA,NA
MILFORD MILL,1998,FINALIST,GIRLS,NA,NA,NA
OXON HILL,1998,FINALIST,BOYS,NA,NA,NA
PAINT BRANCH,1998,SEMIFINALIST,GIRLS,NA,NA,NA
PAUL LAURENCE DUNBAR,1998,CHAMPION,BOYS,NA,NA,NA
POCOMOKE,1998,FINALIST,BOYS,NA,NA,NA
POTOMAC,1998,SEMIFINALIST,GIRLS,NA,NA,NA
RISING SUN,1998,SEMIFINALIST,GIRLS,NA,NA,NA
SOUTH HAGERSTOWN,1998,SEMIFINALIST,BOYS,NA,NA,NA
SOUTHERN (AA),1998,SEMIFINALIST,GIRLS,NA,NA,NA
WASHINGTON,1998,SEMIFINALIST,GIRLS,NA,NA,NA
WESTERN (B),1998,SEMIFINALIST,GIRLS,NA,NA,NA
WHEATON,1998,CHAMPION,GIRLS,NA,NA,NA
WILDE LAKE,1998,SEMIFINALIST,GIRLS,NA,NA,NA
WILLIAMSPORT,1998,FINALIST,GIRLS,NA,NA,NA
GAITHERSBURG,1998,CHAMPION,BOYS,96-91 OT,PAUL FORINGER,AA
SUITLAND,1998,CHAMPION,GIRLS,66-61,STEPHANY NOLAN,4A
OAKLAND MILLS,1998,CHAMPION,GIRLS,38-31,TERESA WATERS,1A
DUNBAR,1998,CHAMPION,BOYS,57-40,LYNN BADHAM,B
GLENELG,1999,CHAMPION,GIRLS,70-57,CIARAN LESIKAR,1A
LAKE CLIFTON/EASTERN,1999,CHAMPION,BOYS,50-48,HERMAN HARRIED,AA
ABERDEEN,1999,SEMIFINALIST,BOYS,NA,NA,NA
ALBERT EINSTEIN,1999,SEMIFINALIST,BOYS,NA,NA,NA
ALLEGANY,1999,FINALIST,GIRLS,NA,NA,NA
CAMBRIDGE/SD,1999,SEMIFINALIST,GIRLS,NA,NA,NA
CENTRAL (PG),1999,SEMIFINALIST,BOYS,NA,NA,NA
CENTRAL (PG),1999,SEMIFINALIST,GIRLS,NA,NA,NA
CITY COLLEGE,1999,SEMIFINALIST,BOYS,NA,NA,NA
DUVAL,1999,CHAMPION,GIRLS,NA,NA,NA
EDGEWOOD,1999,FINALIST,BOYS,NA,NA,NA
FREDERICK,1999,SEMIFINALIST,GIRLS,NA,NA,NA
GWYNN PARK,1999,FINALIST,BOYS,NA,NA,NA
MEADE,1999,SEMIFINALIST,BOYS,NA,NA,NA
MILFORD MILL,1999,FINALIST,GIRLS,NA,NA,NA
NORTH DORCHESTER,1999,FINALIST,BOYS,NA,NA,NA
NORTH EAST (CECIL),1999,SEMIFINALIST,GIRLS,NA,NA,NA
NORTHERN (CAL.),1999,FINALIST,GIRLS,NA,NA,NA
OXON HILL,1999,FINALIST,BOYS,NA,NA,NA
PAUL LAURENCE DUNBAR,1999,CHAMPION,BOYS,NA,NA,NA
PIKESVILLE,1999,FINALIST,BOYS,NA,NA,NA
SHERWOOD,1999,SEMIFINALIST,BOYS,NA,NA,NA
SOUTH HAGERSTOWN,1999,SEMIFINALIST,BOYS,NA,NA,NA
URBANA,1999,FINALIST,GIRLS,NA,NA,NA
WESTERN (B),1999,FINALIST,GIRLS,NA,NA,NA
WHEATON,1999,SEMIFINALIST,GIRLS,NA,NA,NA
SUITLAND,1999,CHAMPION,GIRLS,53-28,STEPHANY NOLAN,4A
PARKSIDE,1999,CHAMPION,GIRLS,60-59,WARREN WHITE,2A
THOMAS JOHNSON,1999,CHAMPION,BOYS,64-62,TOM DICKMAN,A
DUNBAR,1999,CHAMPION,BOYS,79-43,LYNN BADHAM,B
NORTH DORCHESTER,1999,CHAMPION,BOYS,73-42,VIC BURNS,C
OXON HILL,2000,CHAMPION,BOYS,60-42,BILLY LANIER,AA
ARUNDEL,2000,CHAMPION,GIRLS,61-55,LEE ROGERS,4A
ANNAPOLIS,2000,SEMIFINALIST,BOYS,NA,NA,NA
BRUNSWICK,2000,SEMIFINALIST,BOYS,NA,NA,NA
DUVAL,2000,CHAMPION,GIRLS,NA,NA,NA
EDMONDSON/WESTSIDE,2000,SEMIFINALIST,BOYS,NA,NA,NA
FORT HILL,2000,SEMIFINALIST,BOYS,NA,NA,NA
FREDERICK,2000,SEMIFINALIST,GIRLS,NA,NA,NA
GLENELG,2000,FINALIST,GIRLS,NA,NA,NA
GWYNN PARK,2000,FINALIST,BOYS,NA,NA,NA
GWYNN PARK,2000,SEMIFINALIST,GIRLS,NA,NA,NA
LINGANORE,2000,FINALIST,GIRLS,NA,NA,NA
MEADE,2000,SEMIFINALIST,BOYS,NA,NA,NA
MILFORD MILL,2000,FINALIST,GIRLS,NA,NA,NA
NORTHERN (CAL.),2000,SEMIFINALIST,BOYS,NA,NA,NA
OXON HILL,2000,CHAMPION,GIRLS,NA,NA,NA
PAINT BRANCH,2000,SEMIFINALIST,GIRLS,NA,NA,NA
PARKSIDE,2000,SEMIFINALIST,GIRLS,NA,NA,NA
PIKESVILLE,2000,FINALIST,BOYS,NA,NA,NA
POCOMOKE,2000,SEMIFINALIST,GIRLS,NA,NA,NA
QUINCE ORCHARD,2000,FINALIST,BOYS,NA,NA,NA
RANDALLSTOWN,2000,FINALIST,BOYS,NA,NA,NA
RISING SUN,2000,SEMIFINALIST,GIRLS,NA,NA,NA
SOUTHERN (B),2000,SEMIFINALIST,BOYS,NA,NA,NA
THOMAS STONE,2000,SEMIFINALIST,GIRLS,NA,NA,NA
WESTERN (B),2000,SEMIFINALIST,GIRLS,NA,NA,NA
WILLIAMSPORT,2000,SEMIFINALIST,BOYS,NA,NA,NA
CRISFIELD,2000,CHAMPION,BOYS,42-37,PHILLIP RAYFIELD,C
ABERDEEN,2000,CHAMPION,BOYS,50-48,RICHARD HART,B
ALLEGANY,2000,CHAMPION,GIRLS,45-36,SCOTT BAUER,1A
PAINT BRANCH,2000,CHAMPION,BOYS,67-50,WALTER HARDY,A
DUNBAR,2000,CHAMPION,GIRLS,53-36,WARDELL SELBY,2A
SNOW HILL,2001,CHAMPION,BOYS,69-60,ALLEN MILLER,1A
GLENELG,2001,CHAMPION,GIRLS,45-42,CIARAN LESIKAR,1A
RANDALLSTOWN,2001,CHAMPION,BOYS,62-54,KIM RIVERS,3A
ARUNDEL,2001,SEMIFINALIST,BOYS,NA,NA,NA
ARUNDEL,2001,SEMIFINALIST,GIRLS,NA,NA,NA
BLADENSBURG,2001,SEMIFINALIST,GIRLS,NA,NA,NA
BOHEMIA MANOR,2001,SEMIFINALIST,GIRLS,NA,NA,NA
COL. ZADOK MAGRUDER,2001,CHAMPION,BOYS,NA,NA,NA
CROSSLAND,2001,SEMIFINALIST,BOYS,NA,NA,NA
ELEANOR ROOSEVELT,2001,FINALIST,BOYS,NA,NA,NA
FAIRMONT HEIGHTS,2001,SEMIFINALIST,BOYS,NA,NA,NA
FAIRMONT HEIGHTS,2001,SEMIFINALIST,GIRLS,NA,NA,NA
FORT HILL,2001,SEMIFINALIST,BOYS,NA,NA,NA
GOV. THOMAS JOHNSON,2001,FINALIST,BOYS,NA,NA,NA
LA PLATA,2001,FINALIST,GIRLS,NA,NA,NA
LAKE CLIFTON/EASTERN,2001,SEMIFINALIST,BOYS,NA,NA,NA
MILFORD MILL,2001,FINALIST,GIRLS,NA,NA,NA
NORTH DORCHESTER,2001,SEMIFINALIST,GIRLS,NA,NA,NA
OAKLAND MILLS,2001,FINALIST,BOYS,NA,NA,NA
PAINT BRANCH,2001,CHAMPION,GIRLS,NA,NA,NA
PAUL LAURENCE DUNBAR,2001,CHAMPION,BOYS,NA,NA,NA
SOUTHERN (G),2001,FINALIST,GIRLS,NA,NA,NA
SOUTHERN (G),2001,SEMIFINALIST,BOYS,NA,NA,NA
STEPHEN DECATUR,2001,SEMIFINALIST,GIRLS,NA,NA,NA
URBANA,2001,FINALIST,GIRLS,NA,NA,NA
WESTERN (B),2001,SEMIFINALIST,GIRLS,NA,NA,NA
WESTLAKE,2001,SEMIFINALIST,BOYS,NA,NA,NA
WESTLAKE,2001,SEMIFINALIST,GIRLS,NA,NA,NA
WICOMICO,2001,FINALIST,BOYS,NA,NA,NA
WINSTON CHURCHILL,2001,FINALIST,GIRLS,NA,NA,NA
SUITLAND,2001,CHAMPION,GIRLS,61-57,STEPHANY NOLAN,4A
DUNBAR,2001,CHAMPION,GIRLS,63-36,WARDELL SELBY,2A
MAGRUDER,2001,CHAMPION,BOYS,70-58,DAN HARWOOD,4A
DUNBAR,2001,CHAMPION,BOYS,45-43,ERIC LEE,2A
WICOMICO,2002,CHAMPION,BOYS,72-50,BUTCH WALLER,2A
POCOMOKE,2002,CHAMPION,BOYS,88-70,DAVID BYRD,1A
ELEANOR ROOSEVELT,2002,CHAMPION,BOYS,50-45,GLENN FARELLO,4A
ABERDEEN,2002,SEMIFINALIST,GIRLS,NA,NA,NA
BOHEMIA MANOR,2002,SEMIFINALIST,GIRLS,NA,NA,NA
CENTRAL (PG),2002,FINALIST,BOYS,NA,NA,NA
CHESAPEAKE (AA),2002,SEMIFINALIST,GIRLS,NA,NA,NA
CHESAPEAKE (BC),2002,SEMIFINALIST,BOYS,NA,NA,NA
CHOPTICON,2002,SEMIFINALIST,BOYS,NA,NA,NA
COL. ZADOK MAGRUDER,2002,SEMIFINALIST,BOYS,NA,NA,NA
EASTERN TECHNICAL,2002,SEMIFINALIST,BOYS,NA,NA,NA
FREDERICK DOUGLASS (B),2002,CHAMPION,BOYS,NA,NA,NA
GOV. THOMAS JOHNSON,2002,FINALIST,BOYS,NA,NA,NA
GWYNN PARK,2002,CHAMPION,GIRLS,NA,NA,NA
GWYNN PARK,2002,FINALIST,BOYS,NA,NA,NA
HAMMOND,2002,FINALIST,GIRLS,NA,NA,NA
HEREFORD,2002,SEMIFINALIST,GIRLS,NA,NA,NA
JOPPATOWNE,2002,SEMIFINALIST,GIRLS,NA,NA,NA
MARDELA,2002,SEMIFINALIST,GIRLS,NA,NA,NA
MERGENTHALER,2002,SEMIFINALIST,BOYS,NA,NA,NA
MILFORD MILL,2002,FINALIST,GIRLS,NA,NA,NA
NORTH HAGERSTOWN,2002,SEMIFINALIST,BOYS,NA,NA,NA
OXON HILL,2002,CHAMPION,GIRLS,NA,NA,NA
PAUL LAURENCE DUNBAR,2002,FINALIST,BOYS,NA,NA,NA
SMITHSBURG,2002,FINALIST,GIRLS,NA,NA,NA
SOUTH CARROLL,2002,SEMIFINALIST,BOYS,NA,NA,NA
SOUTH HAGERSTOWN,2002,SEMIFINALIST,BOYS,NA,NA,NA
URBANA,2002,SEMIFINALIST,GIRLS,NA,NA,NA
WESTLAKE,2002,SEMIFINALIST,GIRLS,NA,NA,NA
WINSTON CHURCHILL,2002,CHAMPION,GIRLS,NA,NA,NA
WOODLAWN,2002,SEMIFINALIST,GIRLS,NA,NA,NA
DUVAL,2002,CHAMPION,GIRLS,56-46,WALTER CLARK,2A
DUNBAR,2002,CHAMPION,GIRLS,62-46,WARDELL SELBY,1A
WINSTON CHURCHILL,2002,CHAMPION,GIRLS,68-49,PAT FISHER,4A
DOUGLASS-B,2002,CHAMPION,BOYS,76-72,RODNEY COFFIELD,3A
OXON HILL,2003,CHAMPION,BOYS,50-40,BILLY LANIER,4A
JAMES M. BENNETT,2003,CHAMPION,BOYS,56-52,BRUCE WHARTON,2A
FRIENDLY,2003,CHAMPION,BOYS,66-57,"GERALD MOORE, JR.",3A
WALKERSVILLE,2003,CHAMPION,GIRLS,40-32,MIKE MATHIS,2A
ABERDEEN,2003,SEMIFINALIST,GIRLS,NA,NA,NA
ARUNDEL,2003,SEMIFINALIST,GIRLS,NA,NA,NA
CENTRAL (PG),2003,FINALIST,BOYS,NA,NA,NA
CHOPTICON,2003,FINALIST,BOYS,NA,NA,NA
COL. ZADOK MAGRUDER,2003,FINALIST,BOYS,NA,NA,NA
DUVAL,2003,SEMIFINALIST,GIRLS,NA,NA,NA
FORT HILL,2003,SEMIFINALIST,BOYS,NA,NA,NA
GLEN BURNIE,2003,SEMIFINALIST,BOYS,NA,NA,NA
GWYNN PARK,2003,CHAMPION,GIRLS,NA,NA,NA
HAVRE DE GRACE,2003,SEMIFINALIST,BOYS,NA,NA,NA
JAMES HUBERT BLAKE,2003,SEMIFINALIST,BOYS,NA,NA,NA
JOPPATOWNE,2003,SEMIFINALIST,GIRLS,NA,NA,NA
LAKE CLIFTON/EASTERN,2003,SEMIFINALIST,BOYS,NA,NA,NA
MILFORD MILL,2003,FINALIST,GIRLS,NA,NA,NA
OXON HILL,2003,SEMIFINALIST,GIRLS,NA,NA,NA
PATUXENT,2003,SEMIFINALIST,GIRLS,NA,NA,NA
PAUL LAURENCE DUNBAR,2003,CHAMPION,BOYS,NA,NA,NA
POCOMOKE,2003,FINALIST,BOYS,NA,NA,NA
POCOMOKE,2003,FINALIST,GIRLS,NA,NA,NA
RANDALLSTOWN,2003,SEMIFINALIST,BOYS,NA,NA,NA
SMITHSBURG,2003,SEMIFINALIST,GIRLS,NA,NA,NA
SOUTH HAGERSTOWN,2003,SEMIFINALIST,BOYS,NA,NA,NA
SOUTHERN (B),2003,SEMIFINALIST,BOYS,NA,NA,NA
URBANA,2003,SEMIFINALIST,GIRLS,NA,NA,NA
WINSTON CHURCHILL,2003,CHAMPION,GIRLS,NA,NA,NA
WOODLAWN,2003,FINALIST,GIRLS,NA,NA,NA
DUNBAR,2003,CHAMPION,GIRLS,53-48,WARDELL SELBY,1A
WINSTON CHURCHILL,2003,CHAMPION,GIRLS,62-38,PAT FISHER,4A
DUNBAR,2003,CHAMPION,BOYS,72-55,ERIC LEE,1A
FRIENDLY,2004,CHAMPION,BOYS,84-58,"GERALD MOORE, JR.",2A
ARUNDEL,2004,CHAMPION,GIRLS,87-64,LEE ROGERS,4A
POTOMAC,2004,CHAMPION,GIRLS,62-37,MICHAEL STROTHER,2A
ALLEGANY,2004,FINALIST,BOYS,NA,NA,NA
CAMBRIDGE/SD,2004,SEMIFINALIST,BOYS,NA,NA,NA
CITY COLLEGE,2004,SEMIFINALIST,GIRLS,NA,NA,NA
DAMASCUS,2004,SEMIFINALIST,GIRLS,NA,NA,NA
ELKTON,2004,SEMIFINALIST,BOYS,NA,NA,NA
FREDERICK DOUGLASS (B),2004,CHAMPION,BOYS,NA,NA,NA
GLEN BURNIE,2004,SEMIFINALIST,BOYS,NA,NA,NA
GWYNN PARK,2004,CHAMPION,GIRLS,NA,NA,NA
GWYNN PARK,2004,FINALIST,BOYS,NA,NA,NA
JAMES M. BENNETT,2004,SEMIFINALIST,BOYS,NA,NA,NA
LANSDOWNE,2004,FINALIST,BOYS,NA,NA,NA
LINGANORE,2004,SEMIFINALIST,BOYS,NA,NA,NA
MCDONOUGH,2004,FINALIST,BOYS,NA,NA,NA
OXON HILL,2004,SEMIFINALIST,GIRLS,NA,NA,NA
PAINT BRANCH,2004,FINALIST,GIRLS,NA,NA,NA
PAUL LAURENCE DUNBAR,2004,CHAMPION,BOYS,NA,NA,NA
POCOMOKE,2004,SEMIFINALIST,GIRLS,NA,NA,NA
SOUTH HAGERSTOWN,2004,SEMIFINALIST,BOYS,NA,NA,NA
SOUTHERN (G),2004,CHAMPION,GIRLS,NA,NA,NA
SOUTHSIDE ACADEMY,2004,FINALIST,GIRLS,NA,NA,NA
SPRINGBROOK,2004,FINALIST,BOYS,NA,NA,NA
STEPHEN DECATUR,2004,SEMIFINALIST,GIRLS,NA,NA,NA
WALKERSVILLE,2004,CHAMPION,GIRLS,NA,NA,NA
WESTERN (B),2004,SEMIFINALIST,GIRLS,NA,NA,NA
WESTLAKE,2004,SEMIFINALIST,GIRLS,NA,NA,NA
WOODLAWN,2004,FINALIST,GIRLS,NA,NA,NA
WOODLAWN,2004,SEMIFINALIST,BOYS,NA,NA,NA
SOUTHERN GARRETT,2004,CHAMPION,GIRLS,41-31,DON STEMPLE,1A
NORTHWESTERN-PG,2004,CHAMPION,BOYS,61-59,ANTHONY DICKENS,4A
DOUGLASS-B,2004,CHAMPION,BOYS,66-65,RODNEY COFFIELD,3A
DUNBAR,2004,CHAMPION,BOYS,68-43,ERIC LEE,1A
WALBROOK,2005,CHAMPION,BOYS,45-38,KELVIN BRIDGERS,4A
RANDALLSTOWN,2005,CHAMPION,BOYS,78-76 OT,KIM RIVERS,3A
POTOMAC,2005,CHAMPION,GIRLS,52-43,MICHAEL STROTHER,2A
ABERDEEN,2005,FINALIST,BOYS,NA,NA,NA
ALLEGANY,2005,SEMIFINALIST,BOYS,NA,NA,NA
ANNAPOLIS,2005,SEMIFINALIST,BOYS,NA,NA,NA
BETHESDA-CHEVY CHASE,2005,FINALIST,BOYS,NA,NA,NA
CATOCTIN,2005,SEMIFINALIST,GIRLS,NA,NA,NA
CITY COLLEGE,2005,FINALIST,GIRLS,NA,NA,NA
CROSSLAND,2005,SEMIFINALIST,BOYS,NA,NA,NA
EASTERN TECHNICAL,2005,SEMIFINALIST,BOYS,NA,NA,NA
GOV. THOMAS JOHNSON,2005,SEMIFINALIST,GIRLS,NA,NA,NA
JAMES HUBERT BLAKE,2005,FINALIST,BOYS,NA,NA,NA
JOPPATOWNE,2005,SEMIFINALIST,BOYS,NA,NA,NA
LARGO,2005,SEMIFINALIST,BOYS,NA,NA,NA
MILFORD MILL,2005,CHAMPION,GIRLS,NA,NA,NA
NEW TOWN,2005,SEMIFINALIST,GIRLS,NA,NA,NA
OLD MILL,2005,FINALIST,BOYS,NA,NA,NA
PAINT BRANCH,2005,FINALIST,GIRLS,NA,NA,NA
PARKSIDE,2005,SEMIFINALIST,GIRLS,NA,NA,NA
PAUL LAURENCE DUNBAR,2005,CHAMPION,BOYS,NA,NA,NA
POCOMOKE,2005,FINALIST,BOYS,NA,NA,NA
POCOMOKE,2005,SEMIFINALIST,GIRLS,NA,NA,NA
RIVER HILL,2005,SEMIFINALIST,GIRLS,NA,NA,NA
SOUTH RIVER,2005,FINALIST,GIRLS,NA,NA,NA
SOUTHSIDE ACADEMY,2005,CHAMPION,GIRLS,NA,NA,NA
SPRINGBROOK,2005,SEMIFINALIST,GIRLS,NA,NA,NA
WALKERSVILLE,2005,SEMIFINALIST,BOYS,NA,NA,NA
WESTLAKE,2005,SEMIFINALIST,GIRLS,NA,NA,NA
WINTERS MILL,2005,SEMIFINALIST,GIRLS,NA,NA,NA
POTOMAC,2005,CHAMPION,BOYS,83-74,RICO REED,2A
ELEANOR ROOSEVELT,2005,CHAMPION,GIRLS,54-37,RODERICK HAIRSTON,4A
SOUTHSIDE,2005,CHAMPION,GIRLS,2--0,DAFNE LEE-BLAKNEY,1A
DUNBAR,2005,CHAMPION,BOYS,69-56,ERIC LEE,1A
LONG REACH,2006,CHAMPION,BOYS,54-49,"AL MORAZ, SR.",3A
CATOCTIN,2006,CHAMPION,GIRLS,61-45,AMY MURRAY,1A
WALT WHITMAN,2006,CHAMPION,BOYS,39-38,CHRIS LUN,4A
RANDALLSTOWN,2006,CHAMPION,BOYS,64-54,KIM RIVERS,2A
ALLEGANY,2006,FINALIST,BOYS,NA,NA,NA
ARUNDEL,2006,SEMIFINALIST,GIRLS,NA,NA,NA
ATHOLTON,2006,SEMIFINALIST,GIRLS,NA,NA,NA
CAMBRIDGE/SD,2006,SEMIFINALIST,BOYS,NA,NA,NA
ELEANOR ROOSEVELT,2006,FINALIST,BOYS,NA,NA,NA
GWYNN PARK,2006,SEMIFINALIST,GIRLS,NA,NA,NA
HENRY E. LACKEY,2006,FINALIST,BOYS,NA,NA,NA
LEONARDTOWN,2006,FINALIST,GIRLS,NA,NA,NA
MERGENTHALER,2006,SEMIFINALIST,BOYS,NA,NA,NA
MILFORD MILL,2006,FINALIST,GIRLS,NA,NA,NA
NEW TOWN,2006,SEMIFINALIST,BOYS,NA,NA,NA
NEW TOWN,2006,SEMIFINALIST,GIRLS,NA,NA,NA
OLD MILL,2006,FINALIST,BOYS,NA,NA,NA
PAUL LAURENCE DUNBAR,2006,CHAMPION,BOYS,NA,NA,NA
POCOMOKE,2006,SEMIFINALIST,GIRLS,NA,NA,NA
POTOMAC,2006,SEMIFINALIST,BOYS,NA,NA,NA
RIVER HILL,2006,CHAMPION,GIRLS,NA,NA,NA
SENECA VALLEY,2006,SEMIFINALIST,BOYS,NA,NA,NA
SOUTHERN (AA),2006,SEMIFINALIST,GIRLS,NA,NA,NA
SOUTHSIDE ACADEMY,2006,SEMIFINALIST,GIRLS,NA,NA,NA
SOUTHWESTERN,2006,SEMIFINALIST,BOYS,NA,NA,NA
SPRINGBROOK,2006,SEMIFINALIST,GIRLS,NA,NA,NA
URBANA,2006,SEMIFINALIST,GIRLS,NA,NA,NA
WESTERN (B),2006,FINALIST,GIRLS,NA,NA,NA
WICOMICO,2006,FINALIST,BOYS,NA,NA,NA
WINTERS MILL,2006,SEMIFINALIST,BOYS,NA,NA,NA
ELEANOR ROOSEVELT,2006,CHAMPION,GIRLS,53-45,RODERICK HAIRSTON,4A
MIDDLETOWN,2006,CHAMPION,GIRLS,57-51,WILLIAM MISKELL,2A
DUNBAR,2006,CHAMPION,BOYS,68-47,ERIC LEE,1A
SHERWOOD,2007,CHAMPION,BOYS,61-38,DONDRELL WHITMORE,4A
RANDALLSTOWN,2007,CHAMPION,BOYS,66-63,KIM RIVERS,2A
RIVER HILL,2007,CHAMPION,BOYS,60-51,MATTHEW GRAVES,3A
ATHOLTON,2007,CHAMPION,GIRLS,69-62,MAUREEN SHACREAW,2A
NEW TOWN,2007,CHAMPION,BOYS,74-69 (OT),MIKE SMITH,1A
BALTIMORE POLYTECHNIC,2007,SEMIFINALIST,GIRLS,NA,NA,NA
BETHESDA-CHEVY CHASE,2007,FINALIST,BOYS,NA,NA,NA
COL. ZADOK MAGRUDER,2007,FINALIST,BOYS,NA,NA,NA
ELEANOR ROOSEVELT,2007,SEMIFINALIST,BOYS,NA,NA,NA
FAIRMONT HEIGHTS,2007,FINALIST,BOYS,NA,NA,NA
FALLSTON,2007,SEMIFINALIST,GIRLS,NA,NA,NA
FORT HILL,2007,SEMIFINALIST,BOYS,NA,NA,NA
FREDERICK,2007,SEMIFINALIST,BOYS,NA,NA,NA
JAMES H. BLAKE,2007,FINALIST,GIRLS,NA,NA,NA
LARGO,2007,CHAMPION,GIRLS,NA,NA,NA
LARGO,2007,SEMIFINALIST,BOYS,NA,NA,NA
MERGENTHALER,2007,SEMIFINALIST,BOYS,NA,NA,NA
NEW TOWN,2007,SEMIFINALIST,GIRLS,NA,NA,NA
OLD MILL,2007,SEMIFINALIST,GIRLS,NA,NA,NA
PAINT BRANCH,2007,SEMIFINALIST,GIRLS,NA,NA,NA
PAUL LAURENCE DUNBAR,2007,FINALIST,BOYS,NA,NA,NA
POCOMOKE,2007,FINALIST,GIRLS,NA,NA,NA
SNOW HILL,2007,SEMIFINALIST,BOYS,NA,NA,NA
SOUTHERN (AA),2007,FINALIST,GIRLS,NA,NA,NA
SOUTHERN (G),2007,CHAMPION,GIRLS,NA,NA,NA
SURRATTSVILLE,2007,SEMIFINALIST,GIRLS,NA,NA,NA
WALKERSVILLE,2007,SEMIFINALIST,GIRLS,NA,NA,NA
WALT WHITMAN,2007,SEMIFINALIST,GIRLS,NA,NA,NA
WESTERN (B),2007,FINALIST,GIRLS,NA,NA,NA
WICOMICO,2007,SEMIFINALIST,BOYS,NA,NA,NA
ELEANOR ROOSEVELT,2007,CHAMPION,GIRLS,52-32,RODERICK HAIRSTON,4A
SOUTHERN GARRETT,2007,CHAMPION,GIRLS,41-34,OREN YODER,1A
SNOW HILL,2008,CHAMPION,BOYS,92-75,ALLEN MILLER,1A
WINTERS MILL,2008,CHAMPION,BOYS,54-47,DAVID HERMAN,2A
POCOMOKE,2008,CHAMPION,GIRLS,66-53,GAIL GLADDING,1A
LARGO,2008,CHAMPION,BOYS,84-58,LEWIS HOWARD,3A
ALLEGANY,2008,FINALIST,GIRLS,NA,NA,NA
ARUNDEL,2008,FINALIST,GIRLS,NA,NA,NA
ATHOLTON,2008,FINALIST,GIRLS,NA,NA,NA
BALTIMORE POLYTECHNIC,2008,FINALIST,GIRLS,NA,NA,NA
BETHESDA-CHEVY CHASE,2008,SEMIFINALIST,BOYS,NA,NA,NA
DIGITAL HARBOR,2008,SEMIFINALIST,GIRLS,NA,NA,NA
DULANEY,2008,SEMIFINALIST,GIRLS,NA,NA,NA
FORT HILL,2008,SEMIFINALIST,BOYS,NA,NA,NA
GWYNN PARK,2008,SEMIFINALIST,BOYS,NA,NA,NA
JAMES H. BLAKE,2008,SEMIFINALIST,GIRLS,NA,NA,NA
LAKE CLIFTON/EASTERN,2008,SEMIFINALIST,BOYS,NA,NA,NA
LAUREL,2008,SEMIFINALIST,BOYS,NA,NA,NA
LONG REACH,2008,FINALIST,BOYS,NA,NA,NA
PAINT BRANCH,2008,CHAMPION,GIRLS,NA,NA,NA
PARKVILLE,2008,SEMIFINALIST,BOYS,NA,NA,NA
PAUL LAURENCE DUNBAR,2008,SEMIFINALIST,BOYS,NA,NA,NA
RANDALLSTOWN,2008,FINALIST,BOYS,NA,NA,NA
SURRATTSVILLE,2008,FINALIST,BOYS,NA,NA,NA
SURRATTSVILLE,2008,SEMIFINALIST,GIRLS,NA,NA,NA
THOMAS STONE,2008,FINALIST,BOYS,NA,NA,NA
WESTERN (B),2008,SEMIFINALIST,GIRLS,NA,NA,NA
WICOMICO,2008,SEMIFINALIST,BOYS,NA,NA,NA
WICOMICO,2008,SEMIFINALIST,GIRLS,NA,NA,NA
WINTERS MILL,2008,SEMIFINALIST,GIRLS,NA,NA,NA
ELEANOR ROOSEVELT,2008,CHAMPION,GIRLS,52-50,RODERICK HAIRSTON,4A
MOUNT HEBRON,2008,CHAMPION,GIRLS,55-40,SCOTT ROBINSON,2A
SPRINGBROOK,2008,CHAMPION,BOYS,61-57,THOMAS CROWELL,4A
CITY COLLEGE,2009,CHAMPION,GIRLS,59-51,GEORGE PETRIDES,2A
DIGITAL HARBOR,2009,CHAMPION,BOYS,75-60,JOHNNIE GRIMES,1A
CITY COLLEGE,2009,CHAMPION,BOYS,55-42,MIKE DANIEL,2A
ALLEGANY,2009,SEMIFINALIST,BOYS,NA,NA,NA
ALLEGANY,2009,SEMIFINALIST,GIRLS,NA,NA,NA
ARUNDEL,2009,SEMIFINALIST,GIRLS,NA,NA,NA
ATHOLTON,2009,SEMIFINALIST,BOYS,NA,NA,NA
BROADNECK,2009,SEMIFINALIST,GIRLS,NA,NA,NA
CENTURY,2009,SEMIFINALIST,BOYS,NA,NA,NA
DOUGLASS (PG),2009,SEMIFINALIST,GIRLS,NA,NA,NA
"DR. HENRY A. WISE, JR.",2009,FINALIST,BOYS,NA,NA,NA
FALLSTON,2009,CHAMPION,GIRLS,NA,NA,NA
FREDERICK DOUGLASS (PG),2009,FINALIST,BOYS,NA,NA,NA
FRIENDLY,2009,FINALIST,BOYS,NA,NA,NA
GAITHERSBURG,2009,SEMIFINALIST,GIRLS,NA,NA,NA
JAMES H. BLAKE,2009,FINALIST,GIRLS,NA,NA,NA
LAKE CLIFTON/EASTERN,2009,CHAMPION,BOYS,NA,NA,NA
LINGANORE,2009,SEMIFINALIST,GIRLS,NA,NA,NA
NORTH HAGERSTOWN,2009,SEMIFINALIST,GIRLS,NA,NA,NA
PAINT BRANCH,2009,FINALIST,GIRLS,NA,NA,NA
PARKSIDE,2009,SEMIFINALIST,GIRLS,NA,NA,NA
POCOMOKE,2009,SEMIFINALIST,GIRLS,NA,NA,NA
RIVER HILL,2009,FINALIST,GIRLS,NA,NA,NA
SOUTH CARROLL,2009,SEMIFINALIST,BOYS,NA,NA,NA
SURRATTSVILLE,2009,FINALIST,GIRLS,NA,NA,NA
THOMAS STONE,2009,SEMIFINALIST,BOYS,NA,NA,NA
WALBROOK,2009,SEMIFINALIST,BOYS,NA,NA,NA
WESTERN (B),2009,SEMIFINALIST,GIRLS,NA,NA,NA
WICOMICO,2009,SEMIFINALIST,BOYS,NA,NA,NA
DIGITAL HARBOR,2009,CHAMPION,GIRLS,50-41,PATRICK MCDONALD,1A
ELEANOR ROOSEVELT,2009,CHAMPION,GIRLS,67-39,RODERICK HAIRSTON,4A
SPRINGBROOK,2009,CHAMPION,BOYS,73-61,THOMAS CROWELL,4A
LAKE CLIFTON,2009,CHAMPION,BOYS,75-50,HERMAN HARRIED,3A
MILFORD MILL,2010,CHAMPION,BOYS,60-46,ALBERT HOLLEY,3A
ARUNDEL,2010,CHAMPION,GIRLS,53-40,LEE ROGERS,4A
FALLSTON,2010,CHAMPION,GIRLS,58-53,MICHAEL MCTEAGUE,2A
CITY COLLEGE,2010,CHAMPION,BOYS,56-45,MIKE DANIEL,2A
ALLEGANY,2010,SEMIFINALIST,BOYS,NA,NA,NA
CENTENNIAL,2010,SEMIFINALIST,GIRLS,NA,NA,NA
DIGITAL HARBOR,2010,CHAMPION,BOYS,NA,NA,NA
DIGITAL HARBOR,2010,SEMIFINALIST,GIRLS,NA,NA,NA
DOUGLASS (PG),2010,SEMIFINALIST,GIRLS,NA,NA,NA
"DR. HENRY A. WISE, JR.",2010,SEMIFINALIST,GIRLS,NA,NA,NA
DUNBAR,2010,SEMIFINALIST,GIRLS,NA,NA,NA
EASTON,2010,SEMIFINALIST,BOYS,NA,NA,NA
ELEANOR ROOSEVELT,2010,SEMIFINALIST,BOYS,NA,NA,NA
GAITHERSBURG,2010,SEMIFINALIST,GIRLS,NA,NA,NA
GWYNN PARK,2010,FINALIST,BOYS,NA,NA,NA
GWYNN PARK,2010,FINALIST,GIRLS,NA,NA,NA
HEREFORD,2010,SEMIFINALIST,GIRLS,NA,NA,NA
JAMES HUBERT BLAKE,2010,SEMIFINALIST,BOYS,NA,NA,NA
LEONARDTOWN,2010,FINALIST,GIRLS,NA,NA,NA
LIBERTY,2010,SEMIFINALIST,GIRLS,NA,NA,NA
MARDELA,2010,SEMIFINALIST,GIRLS,NA,NA,NA
NORTH CARROLL,2010,SEMIFINALIST,BOYS,NA,NA,NA
OLD MILL,2010,CHAMPION,BOYS,NA,NA,NA
OWINGS MILLS,2010,FINALIST,BOYS,NA,NA,NA
PAUL LAURENCE DUNBAR,2010,CHAMPION,BOYS,NA,NA,NA
SENECA VALLEY,2010,CHAMPION,GIRLS,NA,NA,NA
SMITHSBURG,2010,FINALIST,GIRLS,NA,NA,NA
SNOW HILL,2010,SEMIFINALIST,BOYS,NA,NA,NA
STEPHEN DECATUR,2010,SEMIFINALIST,BOYS,NA,NA,NA
THOMAS STONE,2010,FINALIST,BOYS,NA,NA,NA
URBANA,2010,SEMIFINALIST,BOYS,NA,NA,NA
URBANA,2010,SEMIFINALIST,GIRLS,NA,NA,NA
WESTERN (B),2010,FINALIST,GIRLS,NA,NA,NA
SPRINGBROOK,2010,CHAMPION,BOYS,74-67,THOMAS CROWELL,4A
JOPPATOWNE,2010,CHAMPION,GIRLS,63-46,MICHAEL HARRIS,1A
DUNBAR,2010,CHAMPION,BOYS,64-53,CYRUS JONES,1A
GAITHERSBURG,2011,CHAMPION,GIRLS,58-38,ADRIAN MCDANIEL,4A
MILFORD MILL,2011,CHAMPION,BOYS,56-44,ALBERT HOLLEY,3A
CALVERT,2011,CHAMPION,GIRLS,46-37,FRANK MOORE,2A
NORTH POINT,2011,CHAMPION,BOYS,76-72,JIMMY BALL,4A
ABERDEEN,2011,FINALIST,GIRLS,NA,NA,NA
COL. ZADOK MAGRUDER,2011,SEMIFINALIST,BOYS,NA,NA,NA
DIGITAL HARBOR,2011,SEMIFINALIST,GIRLS,NA,NA,NA
DOUGLASS (PG),2011,SEMIFINALIST,GIRLS,NA,NA,NA
"DR. HENRY A. WISE, JR.",2011,FINALIST,GIRLS,NA,NA,NA
EASTON,2011,FINALIST,BOYS,NA,NA,NA
ELEANOR ROOSEVELT,2011,SEMIFINALIST,BOYS,NA,NA,NA
ELKTON,2011,SEMIFINALIST,GIRLS,NA,NA,NA
FREDERICK,2011,CHAMPION,GIRLS,NA,NA,NA
FRIENDLY,2011,SEMIFINALIST,BOYS,NA,NA,NA
GAITHERSBURG,2011,SEMIFINALIST,GIRLS,NA,NA,NA
GWYNN PARK,2011,SEMIFINALIST,BOYS,NA,NA,NA
HEREFORD,2011,SEMIFINALIST,GIRLS,NA,NA,NA
HOWARD,2011,SEMIFINALIST,GIRLS,NA,NA,NA
JOPPATOWNE,2011,FINALIST,GIRLS,NA,NA,NA
MARDELA,2011,SEMIFINALIST,GIRLS,NA,NA,NA
MIDDLETOWN,2011,FINALIST,GIRLS,NA,NA,NA
NORTHERN (G),2011,FINALIST,GIRLS,NA,NA,NA
OWINGS MILLS,2011,SEMIFINALIST,BOYS,NA,NA,NA
PATTERSON,2011,FINALIST,BOYS,NA,NA,NA
PAUL LAURENCE DUNBAR,2011,CHAMPION,BOYS,NA,NA,NA
POCOMOKE,2011,SEMIFINALIST,BOYS,NA,NA,NA
SOUTH CARROLL,2011,SEMIFINALIST,BOYS,NA,NA,NA
SOUTH HAGERSTOWN,2011,SEMIFINALIST,BOYS,NA,NA,NA
URBANA,2011,SEMIFINALIST,GIRLS,NA,NA,NA
WILLIAMSPORT,2011,FINALIST,BOYS,NA,NA,NA
DUNBAR,2011,CHAMPION,GIRLS,80-62,WARDELL SELBY,1A
DIGITAL HARBOR,2011,CHAMPION,BOYS,64-46,JOHNNIE GRIMES,2A
DUNBAR,2011,CHAMPION,BOYS,64-43,CYRUS JONES,1A
GAITHERSBURG,2012,CHAMPION,GIRLS,60-43,ADRIAN MCDANIEL,4A
CALVERT,2012,CHAMPION,GIRLS,57-22,FRANK MOORE,2A
PATTERSON,2012,CHAMPION,BOYS,86-75,HARRY MARTIN,3A
ABERDEEN,2012,CHAMPION,GIRLS,NA,NA,NA
BALTIMORE POLYTECHNIC,2012,SEMIFINALIST,GIRLS,NA,NA,NA
CENTENNIAL,2012,FINALIST,BOYS,NA,NA,NA
CENTURY,2012,FINALIST,GIRLS,NA,NA,NA
COL. ZADOK MAGRUDER,2012,CHAMPION,BOYS,NA,NA,NA
"DR. HENRY A. WISE, JR.",2012,FINALIST,GIRLS,NA,NA,NA
EASTON,2012,SEMIFINALIST,BOYS,NA,NA,NA
ELEANOR ROOSEVELT,2012,FINALIST,BOYS,NA,NA,NA
FORT HILL,2012,SEMIFINALIST,GIRLS,NA,NA,NA
FREDERICK,2012,SEMIFINALIST,GIRLS,NA,NA,NA
JOPPATOWNE,2012,CHAMPION,GIRLS,NA,NA,NA
KENT COUNTY,2012,SEMIFINALIST,GIRLS,NA,NA,NA
LAKE CLIFTON/EASTERN,2012,CHAMPION,BOYS,NA,NA,NA
LARGO,2012,FINALIST,BOYS,NA,NA,NA
NEW TOWN,2012,FINALIST,BOYS,NA,NA,NA
NORTH POINT,2012,FINALIST,BOYS,NA,NA,NA
NORTH POINT,2012,SEMIFINALIST,GIRLS,NA,NA,NA
OWINGS MILLS,2012,FINALIST,GIRLS,NA,NA,NA
PATTERSON MILL,2012,SEMIFINALIST,GIRLS,NA,NA,NA
PAUL LAURENCE DUNBAR,2012,CHAMPION,BOYS,NA,NA,NA
POCOMOKE,2012,SEMIFINALIST,BOYS,NA,NA,NA
RIVER HILL,2012,FINALIST,GIRLS,NA,NA,NA
SHERWOOD,2012,SEMIFINALIST,BOYS,NA,NA,NA
SMITHSBURG,2012,SEMIFINALIST,BOYS,NA,NA,NA
SOUTH CARROLL,2012,SEMIFINALIST,BOYS,NA,NA,NA
THOMAS STONE,2012,FINALIST,BOYS,NA,NA,NA
TUSCARORA,2012,SEMIFINALIST,BOYS,NA,NA,NA
WESTERN STES,2012,FINALIST,GIRLS,NA,NA,NA
WESTLAKE,2012,SEMIFINALIST,GIRLS,NA,NA,NA
DUNBAR,2012,CHAMPION,GIRLS,50-42,WARDELL SELBY,1A
MAGRUDER,2012,CHAMPION,BOYS,39-36,DAN HARWOOD,4A
LAKE CLIFTON,2012,CHAMPION,BOYS,70-64,HERMAN HARRIED,2A
DUNBAR,2012,CHAMPION,BOYS,60-36,CYRUS JONES,1A
ELEANOR ROOSEVELT,2013,CHAMPION,BOYS,61-56,BRENDAN O'CONNELL,4A
EDMONDSON/WESTSIDE,2013,CHAMPION,BOYS,56-54,DARNELL DANTZLER,2A
NORTH POINT,2013,CHAMPION,GIRLS,62-56,"MICHAEL SERPONE, II",4A
ABERDEEN,2013,CHAMPION,GIRLS,NA,NA,NA
BALTIMORE POLYTECHNIC,2013,FINALIST,GIRLS,NA,NA,NA
BALTIMORE POLYTECHNIC,2013,SEMIFINALIST,BOYS,NA,NA,NA
BRUNSWICK,2013,SEMIFINALIST,BOYS,NA,NA,NA
CALVERT,2013,SEMIFINALIST,BOYS,NA,NA,NA
COL. ZADOK MAGRUDER,2013,FINALIST,BOYS,NA,NA,NA
DAMASCUS,2013,SEMIFINALIST,GIRLS,NA,NA,NA
DUNBAR,2013,FINALIST,GIRLS,NA,NA,NA
ELEANOR ROOSEVELT,2013,SEMIFINALIST,GIRLS,NA,NA,NA
FRIENDLY,2013,SEMIFINALIST,GIRLS,NA,NA,NA
HEREFORD,2013,SEMIFINALIST,GIRLS,NA,NA,NA
JOPPATOWNE,2013,CHAMPION,GIRLS,NA,NA,NA
MARDELA,2013,SEMIFINALIST,GIRLS,NA,NA,NA
MIDDLETOWN,2013,FINALIST,GIRLS,NA,NA,NA
NEW TOWN,2013,FINALIST,BOYS,NA,NA,NA
NORTH POINT,2013,FINALIST,BOYS,NA,NA,NA
OAKDALE,2013,SEMIFINALIST,BOYS,NA,NA,NA
PATTERSON MILL,2013,SEMIFINALIST,GIRLS,NA,NA,NA
PAUL LAURENCE DUNBAR,2013,CHAMPION,BOYS,NA,NA,NA
POTOMAC,2013,FINALIST,BOYS,NA,NA,NA
RANDALLSTOWN,2013,SEMIFINALIST,GIRLS,NA,NA,NA
RESERVOIR,2013,SEMIFINALIST,BOYS,NA,NA,NA
RIVER HILL,2013,FINALIST,GIRLS,NA,NA,NA
SOUTHERN (G),2013,SEMIFINALIST,GIRLS,NA,NA,NA
URBANA,2013,SEMIFINALIST,BOYS,NA,NA,NA
WALT WHITMAN,2013,SEMIFINALIST,GIRLS,NA,NA,NA
WASHINGTON,2013,SEMIFINALIST,BOYS,NA,NA,NA
WICOMICO,2013,FINALIST,BOYS,NA,NA,NA
WESTERN STES,2013,CHAMPION,GIRLS,46-40,NOLAN ROE,1A
CALVERT,2013,CHAMPION,GIRLS,45-39,TIMOTHY CONTEE,2A
MILFORD MILL,2013,CHAMPION,BOYS,84-55,MICHAEL SILVERMAN,3A
DUNBAR,2013,CHAMPION,BOYS,54-52,CYRUS JONES,1A
EDMONDSON/WESTSIDE,2014,CHAMPION,BOYS,54-51,DARNELL DANTZLER,1A
CITY COLLEGE,2014,CHAMPION,BOYS,59-48,DARYL WADE,3A
ELEANOR ROOSEVELT,2014,CHAMPION,GIRLS,64-30,DELTON FULLER,4A
PATTERSON MILL,2014,CHAMPION,GIRLS,33-30,HOLLY ISMAIL,2A
ALLEGANY,2014,FINALIST,BOYS,NA,NA,NA
ANNAPOLIS,2014,SEMIFINALIST,BOYS,NA,NA,NA
BALTIMORE POLYTECHNIC,2014,SEMIFINALIST,GIRLS,NA,NA,NA
CALVERT,2014,FINALIST,GIRLS,NA,NA,NA
CENTRAL (PG),2014,SEMIFINALIST,BOYS,NA,NA,NA
COL. ZADOK MAGRUDER,2014,SEMIFINALIST,GIRLS,NA,NA,NA
CRISFIELD,2014,SEMIFINALIST,BOYS,NA,NA,NA
DAMASCUS,2014,FINALIST,GIRLS,NA,NA,NA
"DR. HENRY A. WISE, JR.",2014,CHAMPION,BOYS,NA,NA,NA
DUNBAR,2014,SEMIFINALIST,GIRLS,NA,NA,NA
HEREFORD,2014,SEMIFINALIST,GIRLS,NA,NA,NA
MARDELA,2014,SEMIFINALIST,GIRLS,NA,NA,NA
MILFORD MILL,2014,CHAMPION,GIRLS,NA,NA,NA
MILFORD MILL,2014,SEMIFINALIST,BOYS,NA,NA,NA
NATIONAL ACADEMY FOUNDATION (NAF),2014,SEMIFINALIST,GIRLS,NA,NA,NA
NORTH POINT,2014,FINALIST,GIRLS,NA,NA,NA
OAKDALE,2014,FINALIST,BOYS,NA,NA,NA
PAINT BRANCH,2014,SEMIFINALIST,GIRLS,NA,NA,NA
PATTERSON,2014,SEMIFINALIST,BOYS,NA,NA,NA
PATTERSON MILL,2014,SEMIFINALIST,BOYS,NA,NA,NA
POCOMOKE,2014,SEMIFINALIST,BOYS,NA,NA,NA
SOUTHERN (G),2014,CHAMPION,GIRLS,NA,NA,NA
SPRINGBROOK,2014,SEMIFINALIST,BOYS,NA,NA,NA
URBANA,2014,SEMIFINALIST,BOYS,NA,NA,NA
WALKERSVILLE,2014,SEMIFINALIST,GIRLS,NA,NA,NA
WALT WHITMAN,2014,FINALIST,BOYS,NA,NA,NA
WESTLAKE,2014,FINALIST,BOYS,NA,NA,NA
WESTLAKE,2014,SEMIFINALIST,GIRLS,NA,NA,NA
POTOMAC,2014,CHAMPION,BOYS,64-51,RENARD JOHNSON,2A
SOUTHERN-GARRETT,2014,CHAMPION,GIRLS,52-47,DANNY BOSLEY,1A
DR. HENRY A. WISE,2014,CHAMPION,BOYS,70-43,ROBERT GARNER,4A
CENTENNIAL,2015,CHAMPION,BOYS,57-43,CHAD HOLLWEDEL,3A
ELEANOR ROOSEVELT,2015,CHAMPION,GIRLS,70-42,DELTON FULLER,4A
PATTERSON MILL,2015,CHAMPION,GIRLS,56-44,HOLLY ISMAIL,2A
FORESTVILLE,2015,CHAMPION,GIRLS,54-38,JAMES WASHINGTON,1A
OAKLAND MILLS,2015,CHAMPION,BOYS,64-55,JON BROWNE,2A
NEW TOWN,2015,CHAMPION,BOYS,55-51,MIKE DANIEL,1A
ALLEGANY,2015,SEMIFINALIST,BOYS,NA,NA,NA
BALTIMORE POLYTECHNIC,2015,SEMIFINALIST,GIRLS,NA,NA,NA
BETHESDA-CHEVY CHASE,2015,FINALIST,BOYS,NA,NA,NA
C. MILTON WRIGHT,2015,SEMIFINALIST,BOYS,NA,NA,NA
DUVAL,2015,SEMIFINALIST,BOYS,NA,NA,NA
FOREST PARK,2015,SEMIFINALIST,GIRLS,NA,NA,NA
JOPPATOWNE,2015,SEMIFINALIST,BOYS,NA,NA,NA
LAKE CLIFTON/EASTERN,2015,FINALIST,BOYS,NA,NA,NA
LINGANORE,2015,SEMIFINALIST,BOYS,NA,NA,NA
MILFORD MILL,2015,CHAMPION,GIRLS,NA,NA,NA
OAKDALE,2015,FINALIST,GIRLS,NA,NA,NA
OAKDALE,2015,SEMIFINALIST,BOYS,NA,NA,NA
OAKLAND MILLS,2015,SEMIFINALIST,GIRLS,NA,NA,NA
OLD MILL,2015,SEMIFINALIST,GIRLS,NA,NA,NA
PAINT BRANCH,2015,FINALIST,GIRLS,NA,NA,NA
PATTERSON,2015,FINALIST,BOYS,NA,NA,NA
POCOMOKE,2015,SEMIFINALIST,GIRLS,NA,NA,NA
SOUTHERN (G),2015,FINALIST,GIRLS,NA,NA,NA
SPRINGBROOK,2015,SEMIFINALIST,BOYS,NA,NA,NA
URBANA,2015,FINALIST,GIRLS,NA,NA,NA
WALT WHITMAN,2015,SEMIFINALIST,GIRLS,NA,NA,NA
WESTERN STES,2015,FINALIST,GIRLS,NA,NA,NA
WESTLAKE,2015,FINALIST,BOYS,NA,NA,NA
WESTLAKE,2015,SEMIFINALIST,GIRLS,NA,NA,NA
WICOMICO,2015,SEMIFINALIST,BOYS,NA,NA,NA
MEADE,2015,CHAMPION,BOYS,80-45,PETE CORRIERO,4A
LARGO,2016,CHAMPION,GIRLS,59-58,AYANA BALL-WARD,2A
ELEANOR ROOSEVELT,2016,CHAMPION,BOYS,72-39,BRENDAN O'CONNELL,4A
POCOMOKE,2016,CHAMPION,BOYS,64-56,DERRICK FOOKS,1A
FORESTVILLE,2016,CHAMPION,GIRLS,71-40,JAMES WASHINGTON,1A
C. MILTON WRIGHT,2016,CHAMPION,BOYS,51-49 (OT),JON STEFANIDES,3A
NEW TOWN,2016,CHAMPION,BOYS,56-52,MIKE DANIEL,2A
BALTIMORE POLYTECHNIC,2016,FINALIST,GIRLS,NA,NA,NA
CLEAR SPRING,2016,SEMIFINALIST,BOYS,NA,NA,NA
FOREST PARK,2016,SEMIFINALIST,GIRLS,NA,NA,NA
FREDERICK,2016,SEMIFINALIST,GIRLS,NA,NA,NA
GLENELG,2016,CHAMPION,GIRLS,NA,NA,NA
GWYNN PARK,2016,SEMIFINALIST,BOYS,NA,NA,NA
HUNTINGTOWN,2016,SEMIFINALIST,BOYS,NA,NA,NA
KENT ISLAND,2016,SEMIFINALIST,GIRLS,NA,NA,NA
LAKE CLIFTON/EASTERN,2016,FINALIST,BOYS,NA,NA,NA
MEADE,2016,FINALIST,BOYS,NA,NA,NA
MIDDLETOWN,2016,FINALIST,BOYS,NA,NA,NA
NEW TOWN,2016,CHAMPION,GIRLS,NA,NA,NA
NEW TOWN,2016,SEMIFINALIST,GIRLS,NA,NA,NA
NORTH POINT,2016,SEMIFINALIST,GIRLS,NA,NA,NA
NORTHERN (CAL.),2016,FINALIST,GIRLS,NA,NA,NA
PARKDALE,2016,SEMIFINALIST,GIRLS,NA,NA,NA
PERRY HALL,2016,SEMIFINALIST,BOYS,NA,NA,NA
POCOMOKE,2016,SEMIFINALIST,GIRLS,NA,NA,NA
QUEEN ANNE‚Äö√éS,2016,SEMIFINALIST,BOYS,NA,NA,NA
SENECA VALLEY,2016,SEMIFINALIST,BOYS,NA,NA,NA
SOUTHERN (G),2016,FINALIST,GIRLS,NA,NA,NA
STEPHEN DECATUR,2016,FINALIST,BOYS,NA,NA,NA
SURRATTSVILLE,2016,SEMIFINALIST,BOYS,NA,NA,NA
WALT WHITMAN,2016,SEMIFINALIST,BOYS,NA,NA,NA
WESTERN (B),2016,FINALIST,GIRLS,NA,NA,NA
WILLIAMSPORT,2016,FINALIST,GIRLS,NA,NA,NA
WALT WHITMAN,2016,CHAMPION,GIRLS,71-55,PETER KENAH,4A
FAIRMONT HEIGHTS,2017,CHAMPION,BOYS,65-52,CHUCK HENRY,1A
PERRY HALL,2017,CHAMPION,BOYS,59-56 (OT),GEORGE PANAGEOTOU,4A
PATTERSON,2017,CHAMPION,BOYS,49-43,HARRY MARTIN,2A
PATTERSON MILL,2017,CHAMPION,GIRLS,59-43,HOLLY ISMAIL,1A
CATONSVILLE,2017,CHAMPION,GIRLS,49-46,MIKE MOHLER,4A
ALLEGANY,2017,SEMIFINALIST,BOYS,NA,NA,NA
ANNAPOLIS,2017,SEMIFINALIST,BOYS,NA,NA,NA
ATHOLTON,2017,FINALIST,GIRLS,NA,NA,NA
CENTRAL (PG),2017,SEMIFINALIST,BOYS,NA,NA,NA
CENTURY,2017,FINALIST,BOYS,NA,NA,NA
DOUGLASS (PG),2017,FINALIST,GIRLS,NA,NA,NA
"DR. HENRY A. WISE, JR.",2017,SEMIFINALIST,BOYS,NA,NA,NA
EDMONDSON/WESTSIDE,2017,FINALIST,BOYS,NA,NA,NA
ELEANOR ROOSEVELT,2017,SEMIFINALIST,GIRLS,NA,NA,NA
FREDERICK,2017,CHAMPION,GIRLS,NA,NA,NA
HARFORD TECHNICAL,2017,SEMIFINALIST,BOYS,NA,NA,NA
KENT COUNTY,2017,SEMIFINALIST,BOYS,NA,NA,NA
KENT ISLAND,2017,SEMIFINALIST,GIRLS,NA,NA,NA
MARRIOTTS RIDGE,2017,SEMIFINALIST,GIRLS,NA,NA,NA
MILFORD MILL,2017,SEMIFINALIST,GIRLS,NA,NA,NA
NEW TOWN,2017,SEMIFINALIST,GIRLS,NA,NA,NA
NORTH POINT,2017,SEMIFINALIST,GIRLS,NA,NA,NA
OXON HILL,2017,SEMIFINALIST,GIRLS,NA,NA,NA
POCOMOKE,2017,SEMIFINALIST,GIRLS,NA,NA,NA
QUINCE ORCHARD,2017,FINALIST,BOYS,NA,NA,NA
SENECA VALLEY,2017,SEMIFINALIST,BOYS,NA,NA,NA
SOUTHERN (G),2017,FINALIST,GIRLS,NA,NA,NA
SOUTHWESTERN,2017,SEMIFINALIST,GIRLS,NA,NA,NA
STEPHEN DECATUR,2017,SEMIFINALIST,BOYS,NA,NA,NA
WALT WHITMAN,2017,FINALIST,GIRLS,NA,NA,NA
NEW TOWN,2017,CHAMPION,GIRLS,61-47,RICH HIBBERT,2A
BALTIMORE POLYTECHNIC,2017,CHAMPION,BOYS,64-63,SAMUEL BRAND,3A
PAUL LAURENCE DUNBAR,2018,CHAMPION,BOYS,59-48,"CYRUS JONES, SR.",1A
ELEANOR ROOSEVELT,2018,CHAMPION,GIRLS,60-56,DELTON FULLER,4A
POOLESVILLE,2018,CHAMPION,GIRLS,63-23,FRED SWICK,2A
PERRY HALL,2018,CHAMPION,BOYS,56-52,GEORGE PANAGEOTOU,4A
BALTIMORE POLYTECHNIC,2018,SEMIFINALIST,GIRLS,NA,NA,NA
BETHESDA-CHEVY CHASE,2018,SEMIFINALIST,GIRLS,NA,NA,NA
BLADENSBURG,2018,FINALIST,BOYS,NA,NA,NA
C. MILTON WRIGHT,2018,SEMIFINALIST,GIRLS,NA,NA,NA
CATONSVILLE,2018,FINALIST,GIRLS,NA,NA,NA
CLEAR SPRING,2018,SEMIFINALIST,BOYS,NA,NA,NA
COPPIN ACADEMY,2018,SEMIFINALIST,GIRLS,NA,NA,NA
DOUGLASS (PG),2018,FINALIST,GIRLS,NA,NA,NA
FAIRMONT HEIGHTS,2018,FINALIST,BOYS,NA,NA,NA
FREDERICK,2018,CHAMPION,GIRLS,NA,NA,NA
GAITHERSBURG,2018,SEMIFINALIST,BOYS,NA,NA,NA
GOV. THOMAS JOHNSON,2018,SEMIFINALIST,BOYS,NA,NA,NA
GWYNN PARK,2018,SEMIFINALIST,GIRLS,NA,NA,NA
LAKE CLIFTON/EASTERN,2018,CHAMPION,BOYS,NA,NA,NA
LONG REACH,2018,FINALIST,GIRLS,NA,NA,NA
MILFORD MILL,2018,FINALIST,BOYS,NA,NA,NA
NORTH CAROLINE,2018,FINALIST,BOYS,NA,NA,NA
NORTH POINT,2018,SEMIFINALIST,GIRLS,NA,NA,NA
OAKDALE,2018,SEMIFINALIST,BOYS,NA,NA,NA
OAKLAND MILLS,2018,SEMIFINALIST,GIRLS,NA,NA,NA
OLD MILL,2018,FINALIST,BOYS,NA,NA,NA
PATTERSON MILL,2018,SEMIFINALIST,BOYS,NA,NA,NA
PIKESVILLE,2018,SEMIFINALIST,GIRLS,NA,NA,NA
QUEEN ANNE'S,2018,FINALIST,GIRLS,NA,NA,NA
RIVER HILL,2018,SEMIFINALIST,BOYS,NA,NA,NA
SOUTHERN (G),2018,CHAMPION,GIRLS,NA,NA,NA
STEPHEN DECATUR,2018,SEMIFINALIST,BOYS,NA,NA,NA
BALTIMORE POLYTECHNIC,2018,CHAMPION,BOYS,49-47,SAMUEL BRAND,3A
SOUTHERN-GARRETT,2018,CHAMPION,GIRLS,52-48,RODGER BOWMAN,1A
LAKE CLIFTON,2018,CHAMPION,BOYS,63-55,HERMAN HARRIED,2A
ELEANOR ROOSEVELT,2019,CHAMPION,BOYS,77-48,BRENDAN O'CONNELL,4A
PATTERSON,2019,CHAMPION,BOYS,79-56,HARRY MARTIN,2A
PIKESVILLE,2019,CHAMPION,GIRLS,61-31,MICHAEL DUKES,1A
ABERDEEN,2019,SEMIFINALIST,GIRLS,NA,NA,NA
BALTIMORE POLYTECHNIC,2019,FINALIST,GIRLS,NA,NA,NA
BETHESDA-CHEVY CHASE,2019,SEMIFINALIST,GIRLS,NA,NA,NA
BROADNECK,2019,FINALIST,BOYS,NA,NA,NA
C. MILTON WRIGHT,2019,SEMIFINALIST,BOYS,NA,NA,NA
COPPIN ACADEMY,2019,SEMIFINALIST,GIRLS,NA,NA,NA
CRISFIELD,2019,SEMIFINALIST,BOYS,NA,NA,NA
DOUGLASS (PG),2019,SEMIFINALIST,GIRLS,NA,NA,NA
DULANEY,2019,SEMIFINALIST,BOYS,NA,NA,NA
FREDERICK,2019,CHAMPION,GIRLS,NA,NA,NA
FREDERICK DOUGLASS (PG),2019,SEMIFINALIST,BOYS,NA,NA,NA
GAITHERSBURG,2019,SEMIFINALIST,GIRLS,NA,NA,NA
GOV. THOMAS JOHNSON,2019,SEMIFINALIST,BOYS,NA,NA,NA
JOPPATOWNE,2019,SEMIFINALIST,GIRLS,NA,NA,NA
LAKE CLIFTON/EASTERN,2019,CHAMPION,BOYS,NA,NA,NA
LONG REACH,2019,SEMIFINALIST,GIRLS,NA,NA,NA
MIDDLETOWN,2019,FINALIST,GIRLS,NA,NA,NA
OAKDALE,2019,SEMIFINALIST,BOYS,NA,NA,NA
OLD MILL,2019,FINALIST,GIRLS,NA,NA,NA
QUEEN ANNE'S,2019,SEMIFINALIST,GIRLS,NA,NA,NA
RESERVOIR,2019,FINALIST,BOYS,NA,NA,NA
RICHARD MONTGOMERY,2019,SEMIFINALIST,BOYS,NA,NA,NA
SMITHSBURG,2019,FINALIST,GIRLS,NA,NA,NA
SOUTHERN (G),2019,FINALIST,BOYS,NA,NA,NA
THOMAS STONE,2019,SEMIFINALIST,BOYS,NA,NA,NA
WESTERN (B),2019,SEMIFINALIST,GIRLS,NA,NA,NA
WICOMICO,2019,FINALIST,BOYS,NA,NA,NA
CHARLES H. FLOWERS,2019,CHAMPION,GIRLS,57-42,RODERICK HAIRSTON,4A
BALTIMORE POLYTECHNIC,2019,CHAMPION,BOYS,69-41,SAMUEL BRAND,3A
RIVER HILL,2019,CHAMPION,GIRLS,44-39,TERESA WATERS,2A
LAKE CLIFTON,2019,CHAMPION,BOYS,64-46,HERMAN HARRIED,1A
ATHOLTON,2020,SEMIFINALIST,BOYS,NA,NA,NA
BALTIMORE POLYTECHNIC,2020,SEMIFINALIST,BOYS,NA,NA,NA
BALTIMORE POLYTECHNIC,2020,SEMIFINALIST,GIRLS,NA,NA,NA
CHARLES H. FLOWERS,2020,SEMIFINALIST,GIRLS,NA,NA,NA
CHESAPEAKE MATH & IT NORTH,2020,SEMIFINALIST,GIRLS,NA,NA,NA
COPPIN ACADEMY,2020,SEMIFINALIST,GIRLS,NA,NA,NA
"DR. HENRY A. WISE, JR.",2020,SEMIFINALIST,BOYS,NA,NA,NA
EASTON,2020,SEMIFINALIST,GIRLS,NA,NA,NA
EDMONDSON/WESTSIDE,2020,SEMIFINALIST,BOYS,NA,NA,NA
FAIRMONT HEIGHTS,2020,SEMIFINALIST,BOYS,NA,NA,NA
FOREST PARK,2020,SEMIFINALIST,GIRLS,NA,NA,NA
FREDERICK,2020,SEMIFINALIST,GIRLS,NA,NA,NA
FREDERICK DOUGLASS (PG),2020,SEMIFINALIST,BOYS,NA,NA,NA
HOWARD,2020,SEMIFINALIST,GIRLS,NA,NA,NA
LA PLATA,2020,SEMIFINALIST,GIRLS,NA,NA,NA
LAKE CLIFTON/EASTERN,2020,SEMIFINALIST,BOYS,NA,NA,NA
MIDDLETOWN,2020,SEMIFINALIST,GIRLS,NA,NA,NA
NEW TOWN,2020,SEMIFINALIST,BOYS,NA,NA,NA
NORTHEAST (AA),2020,SEMIFINALIST,BOYS,NA,NA,NA
OAKDALE,2020,SEMIFINALIST,BOYS,NA,NA,NA
PARKVILLE,2020,SEMIFINALIST,BOYS,NA,NA,NA
PIKESVILLE,2020,SEMIFINALIST,GIRLS,NA,NA,NA
RICHARD MONTGOMERY,2020,SEMIFINALIST,BOYS,NA,NA,NA
ROCKVILLE,2020,SEMIFINALIST,GIRLS,NA,NA,NA
SOUTHERN (G),2020,SEMIFINALIST,BOYS,NA,NA,NA
SOUTHERN (G),2020,SEMIFINALIST,GIRLS,NA,NA,NA
SPRINGBROOK,2020,SEMIFINALIST,BOYS,NA,NA,NA
ST. CHARLES,2020,SEMIFINALIST,BOYS,NA,NA,NA
SURRATTSVILLE,2020,SEMIFINALIST,GIRLS,NA,NA,NA
WESTERN (B),2020,SEMIFINALIST,GIRLS,NA,NA,NA
WESTLAKE,2020,SEMIFINALIST,GIRLS,NA,NA,NA
WICOMICO,2020,SEMIFINALIST,BOYS,NA,NA,NA
WINSTON CHURCHILL,2020,SEMIFINALIST,GIRLS,NA,NA,NA
OAKDALE,2022,CHAMPION,BOYS,61-40,BRANDON LONG,3A
ELEANOR ROOSEVELT,2022,CHAMPION,BOYS,54-49 2OT,BRENDAN O'CONNELL,4A
WESTLAKE,2022,CHAMPION,BOYS,63-61,ED MOUTON,2A
FALLSTON,2022,CHAMPION,GIRLS,57-56 OT,JOHNNY WOODS,2A
PIKESVILLE,2022,CHAMPION,GIRLS,51-42,MICHAEL DUKES,1A
ATHOLTON,2022,SEMIFINALIST,BOYS,NA,NA,NA
BALTIMORE POLYTECHNIC,2022,CHAMPION,GIRLS,NA,NA,NA
C. MILTON WRIGHT,2022,SEMIFINALIST,GIRLS,NA,NA,NA
CAMBRIDGE/SD,2022,SEMIFINALIST,BOYS,NA,NA,NA
CATOCTIN,2022,FINALIST,GIRLS,NA,NA,NA
CHARLES H. FLOWERS,2022,SEMIFINALIST,GIRLS,NA,NA,NA
CITY COLLEGE,2022,SEMIFINALIST,BOYS,NA,NA,NA
EDMONDSON/WESTSIDE,2022,FINALIST,BOYS,NA,NA,NA
FOREST PARK,2022,SEMIFINALIST,GIRLS,NA,NA,NA
FORT HILL,2022,SEMIFINALIST,GIRLS,NA,NA,NA
FREDERICK DOUGLASS (PG),2022,FINALIST,BOYS,NA,NA,NA
GLEN BURNIE,2022,SEMIFINALIST,GIRLS,NA,NA,NA
GWYNN PARK,2022,SEMIFINALIST,GIRLS,NA,NA,NA
HEREFORD,2022,FINALIST,GIRLS,NA,NA,NA
HOWARD,2022,FINALIST,GIRLS,NA,NA,NA
HUNTINGTOWN,2022,FINALIST,BOYS,NA,NA,NA
LAKE CLIFTON/EASTERN,2022,CHAMPION,BOYS,NA,NA,NA
MEADE,2022,SEMIFINALIST,BOYS,NA,NA,NA
OVERLEA,2022,SEMIFINALIST,BOYS,NA,NA,NA
PARKVILLE,2022,SEMIFINALIST,BOYS,NA,NA,NA
PATTERSON MILL,2022,SEMIFINALIST,BOYS,NA,NA,NA
ROCKVILLE,2022,SEMIFINALIST,GIRLS,NA,NA,NA
WESTERN (B),2022,CHAMPION,GIRLS,NA,NA,NA
WICOMICO,2022,SEMIFINALIST,BOYS,NA,NA,NA
WILLIAMSPORT,2022,SEMIFINALIST,GIRLS,NA,NA,NA
WINSTON CHURCHILL,2022,FINALIST,BOYS,NA,NA,NA
WESTERN,2022,CHAMPION,GIRLS,81-68,LATASHA TOWNSEND,4A
BALTIMORE POLY. INST.,2022,CHAMPION,GIRLS,60-37,KENDALL PEACE-ABLE,3A
LAKE CLIFTON,2022,CHAMPION,BOYS,60-46,HERMAN HARRIED,1A
EDMONDSON/WESTSIDE,2023,CHAMPION,BOYS,56-48,DARNELL DANTZLER,1A
NEW TOWN,2023,CHAMPION,BOYS,64-57,DEREK WISE,2A
HENRY E. LACKEY,2023,CHAMPION,GIRLS,53-33,JO-NEL BARNES,2A
PARKVILLE,2023,CHAMPION,BOYS,72-56,JOSH CZERSKI,4A
PIKESVILLE,2023,CHAMPION,GIRLS,38-33,MICHAEL DUKES,1A
ABERDEEN,2023,SEMIFINALIST,BOYS,NA,NA,NA
BALTIMORE POLYTECHNIC,2023,FINALIST,GIRLS,NA,NA,NA
CITY COLLEGE,2023,CHAMPION,BOYS,NA,NA,NA
CMIT NORTH,2023,SEMIFINALIST,BOYS,NA,NA,NA
DAMASCUS,2023,FINALIST,BOYS,NA,NA,NA
FOREST PARK,2023,SEMIFINALIST,GIRLS,NA,NA,NA
FORT HILL,2023,SEMIFINALIST,BOYS,NA,NA,NA
FREDERICK,2023,SEMIFINALIST,BOYS,NA,NA,NA
GAITHERSBURG,2023,SEMIFINALIST,BOYS,NA,NA,NA
KENT ISLAND,2023,FINALIST,GIRLS,NA,NA,NA
LA PLATA,2023,FINALIST,GIRLS,NA,NA,NA
LAKE CLIFTON/EASTERN,2023,FINALIST,BOYS,NA,NA,NA
LARGO,2023,FINALIST,BOYS,NA,NA,NA
MEADE,2023,FINALIST,BOYS,NA,NA,NA
MOUNTAIN RIDGE,2023,FINALIST,GIRLS,NA,NA,NA
OXON HILL,2023,SEMIFINALIST,GIRLS,NA,NA,NA
PATTERSON MILL,2023,SEMIFINALIST,GIRLS,NA,NA,NA
SAINT CHARLES,2023,SEMIFINALIST,GIRLS,NA,NA,NA
SEVERNA PARK,2023,SEMIFINALIST,GIRLS,NA,NA,NA
SHERWOOD,2023,SEMIFINALIST,BOYS,NA,NA,NA
WALKERSVILLE,2023,SEMIFINALIST,BOYS,NA,NA,NA
WESTERN (B),2023,SEMIFINALIST,GIRLS,NA,NA,NA
WICOMICO,2023,SEMIFINALIST,BOYS,NA,NA,NA
WILLIAMSPORT,2023,SEMIFINALIST,GIRLS,NA,NA,NA
WINSTON CHURCHILL,2023,FINALIST,GIRLS,NA,NA,NA
GLEN BURNIE,2023,CHAMPION,GIRLS,43-40,SAM PORTER,4A
HOWARD,2023,CHAMPION,GIRLS,64-52,SCOTT ROBINSON,3A
BALTIMORE CITY COLLEGE,2023,CHAMPION,BOYS,67-54,OMARR SMITH,3A
HAMMOND,2024,CHAMPION,GIRLS,65-46,AYANNA JONES,2A
EDMONDSON/WESTSIDE,2024,CHAMPION,BOYS,69-65,DARNELL DANTZLER,1A
FREDERICK,2024,CHAMPION,BOYS,74-49,EMONTE HILL,4A
PIKESVILLE,2024,CHAMPION,GIRLS,48-39,MICHAEL DUKES,1A
BALTIMORE POLYTECHNIC,2024,CHAMPION,GIRLS,NA,NA,NA
BETHESDA-CHEVY CHASE,2024,FINALIST,GIRLS,NA,NA,NA
C. MILTON WRIGHT,2024,SEMIFINALIST,BOYS,NA,NA,NA
CAMBRIDGE/SD,2024,FINALIST,BOYS,NA,NA,NA
CATOCTIN,2024,SEMIFINALIST,GIRLS,NA,NA,NA
CHARLES H. FLOWERS,2024,SEMIFINALIST,GIRLS,NA,NA,NA
"DR. HENRY A. WISE, JR.",2024,SEMIFINALIST,BOYS,NA,NA,NA
FOREST PARK,2024,SEMIFINALIST,GIRLS,NA,NA,NA
FORT HILL,2024,SEMIFINALIST,BOYS,NA,NA,NA
FRANCIS SCOTT KEY,2024,FINALIST,GIRLS,NA,NA,NA
GWYNN PARK,2024,SEMIFINALIST,GIRLS,NA,NA,NA
LONG REACH,2024,SEMIFINALIST,BOYS,NA,NA,NA
MIDDLETOWN,2024,SEMIFINALIST,BOYS,NA,NA,NA
NORTH POINT,2024,SEMIFINALIST,GIRLS,NA,NA,NA
NORTHEAST (AA),2024,CHAMPION,BOYS,NA,NA,NA
OAKDALE,2024,FINALIST,GIRLS,NA,NA,NA
OXON HILL,2024,SEMIFINALIST,GIRLS,NA,NA,NA
RICHARD MONTGOMERY,2024,SEMIFINALIST,BOYS,NA,NA,NA
RIVER HILL,2024,SEMIFINALIST,GIRLS,NA,NA,NA
SMITHSBURG,2024,SEMIFINALIST,BOYS,NA,NA,NA
SOUTHERN (G),2024,FINALIST,GIRLS,NA,NA,NA
ST. CHARLES,2024,FINALIST,BOYS,NA,NA,NA
STEPHEN DECATUR,2024,SEMIFINALIST,BOYS,NA,NA,NA
WALT WHITMAN,2024,FINALIST,BOYS,NA,NA,NA
WICOMICO,2024,SEMIFINALIST,GIRLS,NA,NA,NA
LARGO,2024,CHAMPION,BOYS,66-52,RODNEY WARD,2A
CLARKSBURG,2024,CHAMPION,GIRLS,43-36,SISSY NATOLI,4A
BALTIMORE POLY. INST.,2024,CHAMPION,GIRLS,45-18,KENDALL PEACE-ABLE,3A
NORTHEAST-AA,2024,CHAMPION,BOYS,69-66,ROGER O'DEA,3A