Category,Record Holder,School,Year,Time,Gender,Sport,Classification,Season
200 Yard Medley Relay,Leonardtown,Leonardtown,2007,01:56.2,Female,Swimming,4A-3A,Winter
200 Yard Medley Relay,Urbana,Urbana,2007,01:59.2,Female,Swimming,3A-2A-1A,Winter
200 Yard Medley Relay,Severna Park,Severna Park,2008,01:54.2,Female,Swimming,4A-3A,Winter
200 Yard Medley Relay,Queen Anne's,Queen Anne's,2008,01:58.1,Female,Swimming,3A-2A-1A,Winter
200 Yard Medley Relay,Severna Park,Severna Park,2009,01:48.4,Female,Swimming,4A-3A,Winter
200 Yard Medley Relay,Queen Anne's,Queen Anne's,2009,01:56.4,Female,Swimming,3A-2A-1A,Winter
200 Yard Medley Relay,Severna Park,Severna Park,2010,01:54.6,Female,Swimming,4A-3A,Winter
200 Yard Medley Relay,Middletown,Middletown,2010,01:59.0,Female,Swimming,3A-2A-1A,Winter
200 Yard Medley Relay,Severna Park,Severna Park,2011,01:51.0,Female,Swimming,4A-3A,Winter
200 Yard Medley Relay,Middletown,Middletown,2011,02:02.7,Female,Swimming,3A-2A-1A,Winter
200 Yard Medley Relay,Thomas Wootton,Thomas Wootton,2012,01:51.0,Female,Swimming,4A-3A,Winter
200 Yard Medley Relay,C. Milton Wright,C. Milton Wright,2012,01:54.8,Female,Swimming,3A-2A-1A,Winter
200 Yard Medley Relay,Thomas Wootton,Thomas Wootton,2013,01:49.7,Female,Swimming,4A-3A,Winter
200 Yard Medley Relay,C. Milton Wright,C. Milton Wright,2013,01:53.2,Female,Swimming,3A-2A-1A,Winter
200 Yard Medley Relay,Thomas Wootton,Thomas Wootton,2014,01:49.6,Female,Swimming,4A-3A,Winter
200 Yard Medley Relay,C. Milton Wright,C. Milton Wright,2014,01:56.2,Female,Swimming,3A-2A-1A,Winter
200 Yard Medley Relay,Winston Churchill,Winston Churchill,2015,01:50.8,Female,Swimming,4A-3A,Winter
200 Yard Medley Relay,Poolesville,Poolesville,2015,01:55.7,Female,Swimming,3A-2A-1A,Winter
200 Yard Medley Relay,Sherwood,Sherwood,2016,01:46.0,Female,Swimming,4A-3A,Winter
200 Yard Medley Relay,Poolesville,Poolesville,2016,01:52.2,Female,Swimming,3A-2A-1A,Winter
200 Yard Medley Relay,Walter Johnson,Walter Johnson,2017,01:47.7,Female,Swimming,4A-3A,Winter
200 Yard Medley Relay,Poolesville,Poolesville,2017,01:51.5,Female,Swimming,3A-2A-1A,Winter
200 Yard Medley Relay,Montgomery Blair,Montgomery Blair,2018,01:45.8,Female,Swimming,4A-3A,Winter
200 Yard Medley Relay,Poolesville,Poolesville,2018,01:50.4,Female,Swimming,3A-2A-1A,Winter
200 Yard Medley Relay,Bethesda-Chevy Chase,Bethesda-Chevy Chase,2019,01:46.7,Female,Swimming,4A-3A,Winter
200 Yard Medley Relay,Poolesville,Poolesville,2019,01:52.6,Female,Swimming,3A-2A-1A,Winter
200 Yard Medley Relay,Bethesda-Chevy Chase,Bethesda-Chevy Chase,2020,01:46.3,Female,Swimming,4A-3A,Winter
200 Yard Medley Relay,Poolesville,Poolesville,2020,01:48.6,Female,Swimming,3A-2A-1A,Winter
200 Yard Medley Relay,Walter Johnson,Walter Johnson,2022,01:46.3,Female,Swimming,4A-3A,Winter
200 Yard Medley Relay,La Plata,La Plata,2022,01:48.7,Female,Swimming,3A-2A-1A,Winter
200 Yard Medley Relay,Walter Johnson,Walter Johnson,2023,01:44.9,Female,Swimming,4A-3A,Winter
200 Yard Medley Relay,Poolesville,Poolesville,2023,01:50.5,Female,Swimming,3A-2A-1A,Winter
200 Yard Medley Relay,Thomas S. Wootton,Thomas S. Wootton,2024,01:45.5,Female,Swimming,4A-3A,Winter
200 Yard Medley Relay,Northern-Cal,Northern-Cal,2024,01:50.1,Female,Swimming,3A-2A-1A,Winter
200 Yard Freestyle,Jordan Gibbs,Severna Park,2007,01:58.2,Female,Swimming,4A-3A,Winter
200 Yard Freestyle,Kori Golden,Northeast-M,2007,01:58.2,Female,Swimming,3A-2A-1A,Winter
200 Yard Freestyle,Hannah Betman,Eleanor Roosevelt,2008,02:02.1,Female,Swimming,4A-3A,Winter
200 Yard Freestyle,Holly Roumeliotis,Middletown,2008,02:05.3,Female,Swimming,3A-2A-1A,Winter
200 Yard Freestyle,JoAnna Yeh,Urbana,2009,01:55.7,Female,Swimming,4A-3A,Winter
200 Yard Freestyle,Selena Martin,Baltimore Polytechnic,2009,01:56.8,Female,Swimming,3A-2A-1A,Winter
200 Yard Freestyle,Emily Lloyd,Severna Park,2010,01:52.7,Female,Swimming,4A-3A,Winter
200 Yard Freestyle,Kelsey Lessard,Queen Anne's,2010,02:03.1,Female,Swimming,3A-2A-1A,Winter
200 Yard Freestyle,Claire McIlmail,Urbana,2011,01:55.7,Female,Swimming,4A-3A,Winter
200 Yard Freestyle,Hanne Borgerson,Frederick,2011,01:54.0,Female,Swimming,3A-2A-1A,Winter
200 Yard Freestyle,Anna Kolanowski,Sherwood,2012,01:50.8,Female,Swimming,4A-3A,Winter
200 Yard Freestyle,Chelsea Vanderweele,Northwood,2012,01:53.9,Female,Swimming,3A-2A-1A,Winter
200 Yard Freestyle,Anna Kolanowski,Sherwood,2013,01:53.2,Female,Swimming,4A-3A,Winter
200 Yard Freestyle,Megan Cowan,C. Milton Wright,2013,01:55.1,Female,Swimming,3A-2A-1A,Winter
200 Yard Freestyle,Elaina Gu,Winston Churchill,2014,01:52.9,Female,Swimming,4A-3A,Winter
200 Yard Freestyle,Megan Cowan,C. Milton Wright,2014,01:56.5,Female,Swimming,3A-2A-1A,Winter
200 Yard Freestyle,Madison Waechter,Montgomery Blair,2015,01:52.6,Female,Swimming,4A-3A,Winter
200 Yard Freestyle,Dorit Song,Poolesville,2015,01:57.2,Female,Swimming,3A-2A-1A,Winter
200 Yard Freestyle,Hannah Lindsey,Winston Churchill,2016,01:49.7,Female,Swimming,4A-3A,Winter
200 Yard Freestyle,Megan Cowan,C. Milton Wright,2016,01:57.6,Female,Swimming,3A-2A-1A,Winter
200 Yard Freestyle,Madison Waechter,Montgomery Blair,2017,01:50.9,Female,Swimming,4A-3A,Winter
200 Yard Freestyle,Tori Weems,Easton,2017,01:56.0,Female,Swimming,3A-2A-1A,Winter
200 Yard Freestyle,Sophia Ryan,Sherwood,2018,01:51.5,Female,Swimming,4A-3A,Winter
200 Yard Freestyle,Moshelle Borjigin,Poolesville,2018,01:52.9,Female,Swimming,3A-2A-1A,Winter
200 Yard Freestyle,Molly Benson,Walter Johnson,2019,01:51.0,Female,Swimming,4A-3A,Winter
200 Yard Freestyle,Moshelle Borjigin,Poolesville,2019,01:54.2,Female,Swimming,3A-2A-1A,Winter
200 Yard Freestyle,Maren Conze,Walter Johnson,2020,01:50.0,Female,Swimming,4A-3A,Winter
200 Yard Freestyle,Moshelle Borjigin,Poolesville,2020,01:52.2,Female,Swimming,3A-2A-1A,Winter
200 Yard Freestyle,Lauren West,Albert Einstein,2022,01:48.7,Female,Swimming,4A-3A,Winter
200 Yard Freestyle,Molly Kroeger,Easton,2022,01:53.8,Female,Swimming,3A-2A-1A,Winter
200 Yard Freestyle,Andrea Dworak,James H. Blake,2023,01:48.4,Female,Swimming,4A-3A,Winter
200 Yard Freestyle,Molly Kroeger,Easton,2023,01:51.9,Female,Swimming,3A-2A-1A,Winter
200 Yard Freestyle,Andrea Dworak,James H. Blake,2024,01:46.7,Female,Swimming,4A-3A,Winter
200 Yard Freestyle,Maddie Weems,Easton,2024,01:54.5,Female,Swimming,3A-2A-1A,Winter
200 Yard Individual Medley,Emily Morse,Eleanor Roosevelt,2007,02:13.8,Female,Swimming,4A-3A,Winter
200 Yard Individual Medley,Katelyn Rossick,Middletown,2007,02:11.0,Female,Swimming,3A-2A-1A,Winter
200 Yard Individual Medley,Sarah Lloyd,Severna Park,2008,02:09.1,Female,Swimming,4A-3A,Winter
200 Yard Individual Medley,Katelyn Rossick,Middletown,2008,02:09.9,Female,Swimming,3A-2A-1A,Winter
200 Yard Individual Medley,Sarah Lloyd,Severna Park,2009,02:08.8,Female,Swimming,4A-3A,Winter
200 Yard Individual Medley,Katelyn Rossick,Middletown,2009,02:15.4,Female,Swimming,3A-2A-1A,Winter
200 Yard Individual Medley,Margot Manning,Thomas Johnson,2010,02:12.1,Female,Swimming,4A-3A,Winter
200 Yard Individual Medley,Katelyn Rossick,Middletown,2010,02:11.0,Female,Swimming,3A-2A-1A,Winter
200 Yard Individual Medley,Katie Parker,Severna Park,2011,02:11.6,Female,Swimming,4A-3A,Winter
200 Yard Individual Medley,Madison Brown,Fallston,2011,02:16.0,Female,Swimming,3A-2A-1A,Winter
200 Yard Individual Medley,Charlotte Meyer,Walt Whitman,2012,02:05.0,Female,Swimming,4A-3A,Winter
200 Yard Individual Medley,Diana Hanson,Poolesville,2012,02:13.9,Female,Swimming,3A-2A-1A,Winter
200 Yard Individual Medley,Charlotte Meyer,Walt Whitman,2013,02:07.7,Female,Swimming,4A-3A,Winter
200 Yard Individual Medley,Diana Hanson,Poolesville,2013,02:11.4,Female,Swimming,3A-2A-1A,Winter
200 Yard Individual Medley,Emily Zhang,Thomas Wootton,2014,02:07.1,Female,Swimming,4A-3A,Winter
200 Yard Individual Medley,Dorit Song,Poolesville,2014,02:10.6,Female,Swimming,3A-2A-1A,Winter
200 Yard Individual Medley,Emily Zhang,Thomas Wootton,2015,02:06.8,Female,Swimming,4A-3A,
200 Yard Individual Medley,Katarina Lechner,Poolesville,2015,02:15.2,Female,Swimming,3A-2A-1A,
200 Yard Individual Medley,Celine Nugent,Walter Johnson,2016,02:05.0,Female,Swimming,4A-3A,
200 Yard Individual Medley,Eliza Manning,Gov. Thomas Johnson,2016,02:04.8,Female,Swimming,3A-2A-1A,
200 Yard Individual Medley,Catherine Belyakov,Quince Orchard,2017,02:03.8,Female,Swimming,4A-3A,
200 Yard Individual Medley,Jordan Friedman,Easton,2017,02:11.6,Female,Swimming,3A-2A-1A,
200 Yard Individual Medley,Catherine Belyakov,Quince Orchard,2018,02:02.4,Female,Swimming,4A-3A,
200 Yard Individual Medley,Jordan Friedman,Easton,2018,02:19.4,Female,Swimming,3A-2A-1A,
200 Yard Individual Medley,Catherine Belyakov,Quince Orchard,2019,02:01.4,Female,Swimming,4A-3A,
200 Yard Individual Medley,Carly Sebring,Damascus,2019,02:03.3,Female,Swimming,3A-2A-1A,
200 Yard Individual Medley,Katherine Blake,Richard Montgomery,2020,02:05.6,Female,Swimming,4A-3A,
200 Yard Individual Medley,Helena Narisu,Poolesville,2020,02:09.7,Female,Swimming,3A-2A-1A,
200 Yard Individual Medley,Anna Li,Poolesville,2022,02:06.8,Female,Swimming,3A-2A-1A,
200 Yard Individual Medley,Sienna Karp,Walter Johnson,2023,02:01.2,Female,Swimming,4A-3A,
200 Yard Individual Medley,Anna Li,Poolesville,2023,02:05.0,Female,Swimming,3A-2A-1A,
200 Yard Individual Medley,Madeleine Simmons,Walter Johnson,2024,02:01.9,Female,Swimming,4A-3A,
200 Yard Individual Medley,Viona Sunjaya,Damascus,2024,02:07.5,Female,Swimming,3A-2A-1A,
50 Yard Freestyle,Jaime Schmidt,North County,2007,25.7,Female,Swimming,4A-3A,
50 Yard Freestyle,Taylor McWilliams,Cambridge/S. Dorchester,2007,25.44,Female,Swimming,3A-2A-1A,
50 Yard Freestyle,Emily Lloyd,Severna Park,2008,23.86,Female,Swimming,4A-3A,
50 Yard Freestyle,Samantha Durham,Walkersville,2008,25.25,Female,Swimming,3A-2A-1A,
50 Yard Freestyle,Mary Kay Harris,South River,2009,24.5,Female,Swimming,4A-3A,
50 Yard Freestyle,Taylor McWilliams,Cambridge/S. Dorchester,2009,24.86,Female,Swimming,3A-2A-1A,
50 Yard Freestyle,Emily Lloyd,Severna Park,2010,23.16,Female,Swimming,4A-3A,
50 Yard Freestyle,Hanne Borgerson,Frederick,2010,25.21,Female,Swimming,3A-2A-1A,
50 Yard Freestyle,Margaret Manning,Thomas Johnson,2011,24.53,Female,Swimming,4A-3A,
50 Yard Freestyle,Carley Nitchie,Bel Air,2011,25.3,Female,Swimming,3A-2A-1A,
50 Yard Freestyle,Reia Tong,Walt Whitman,2012,23.93,Female,Swimming,4A-3A,
50 Yard Freestyle,Brooke Bielecki,Easton,2012,25.08,Female,Swimming,3A-2A-1A,
50 Yard Freestyle,Michelle Illig,Winston Churchill,2013,24.42,Female,Swimming,4A-3A,
50 Yard Freestyle,Brooke Bielecki,Easton,2013,25.09,Female,Swimming,3A-2A-1A,
50 Yard Freestyle,Morgan Hill,Sherwood,2014,23.6,Female,Swimming,4A-3A,
50 Yard Freestyle,Sayaka Vaules,Poolesville,2014,25.25,Female,Swimming,3A-2A-1A,
50 Yard Freestyle,Morgan Hill,Sherwood,2015,23.75,Female,Swimming,4A-3A,
50 Yard Freestyle,Lindsay Knapp,Poolesville,2015,25.79,Female,Swimming,3A-2A-1A,
50 Yard Freestyle,Avery Williams,Walt Whitman,2017,23.97,Female,Swimming,4A-3A,
50 Yard Freestyle,Hailey Ritter,Queen Anne's,2017,24.48,Female,Swimming,3A-2A-1A,
50 Yard Freestyle,Amanda Wenhold,Sherwood,2018,23.84,Female,Swimming,4A-3A,
50 Yard Freestyle,Megan Schueller,La Plata,2018,24.48,Female,Swimming,3A-2A-1A,
50 Yard Freestyle,Amanda Wenhold,Sherwood,2019,24.23,Female,Swimming,4A-3A,
50 Yard Freestyle,Megan Schueller,La Plata,2019,24.39,Female,Swimming,3A-2A-1A,
50 Yard Freestyle,Nina Allen,Bethesda-Chevy Chase,2020,23.7,Female,Swimming,4A-3A,
50 Yard Freestyle,Carly Sebring,Damascus,2020,23.69,Female,Swimming,3A-2A-1A,
50 Yard Freestyle,Nina Allen,Bethesda-Chevy Chase,2022,22.81,Female,Swimming,4A-3A,
50 Yard Freestyle,Jadyn Woolsey,La Plata,2022,24.17,Female,Swimming,3A-2A-1A,
50 Yard Freestyle,Nina Allen,Bethesda-Chevy Chase,2023,22.91,Female,Swimming,4A-3A,
50 Yard Freestyle,Emerson Young,Harford Technical,2023,24.08,Female,Swimming,3A-2A-1A,
50 Yard Freestyle,Amy Qin,Thomas S. Wootton,2024,22.86,Female,Swimming,4A-3A,
50 Yard Freestyle,Jadyn Woolsey,La Plata,2024,23.88,Female,Swimming,3A-2A-1A,
100 Yard Butterfly,Sarah Lloyd,Severna Park,2007,58.36,Female,Swimming,4A-3A,
100 Yard Butterfly,Devin Lessard,Queen Anne's,2007,01:01.0,Female,Swimming,3A-2A-1A,
100 Yard Butterfly,Sarah Lloyd,Severna Park,2008,56.61,Female,Swimming,4A-3A,
100 Yard Butterfly,Devin Lessard,Queen Anne's,2008,59.59,Female,Swimming,3A-2A-1A,
100 Yard Butterfly,Sarah Lloyd,Severna Park,2009,56.22,Female,Swimming,4A-3A,
100 Yard Butterfly,Devin Lessard,Queen Anne's,2009,59.54,Female,Swimming,3A-2A-1A,
100 Yard Butterfly,Sarah Lloyd,Severna Park,2010,56.52,Female,Swimming,4A-3A,
100 Yard Butterfly,Katelyn Rossick,Middletown,2010,59.47,Female,Swimming,3A-2A-1A,
100 Yard Butterfly,Katelyn Sowinski,Severna Park,2011,56.84,Female,Swimming,4A-3A,
100 Yard Butterfly,Hanne Borgerson,Frederick,2011,59.32,Female,Swimming,3A-2A-1A,
100 Yard Butterfly,Natalya Ares,Winston Churchill,2012,57.85,Female,Swimming,4A-3A,
100 Yard Butterfly,Cora Summerfield,Aberdeen,2012,01:00.4,Female,Swimming,3A-2A-1A,
100 Yard Butterfly,Morgan Hill,Sherwood,2013,57.06,Female,Swimming,4A-3A,
100 Yard Butterfly,Megan Cowan,C. Milton Wright,2013,59.14,Female,Swimming,3A-2A-1A,
100 Yard Butterfly,Emily Wang,Winston Churchill,2014,57.87,Female,Swimming,4A-3A,
100 Yard Butterfly,Alexa Stewart,Rockville,2014,01:00.0,Female,Swimming,3A-2A-1A,
100 Yard Butterfly,Emily Wang,Winston Churchill,2015,56.14,Female,Swimming,4A-3A,
100 Yard Butterfly,Alexa Stewart,Rockville,2015,01:00.9,Female,Swimming,3A-2A-1A,
100 Yard Butterfly,Hannah Kannan,Montgomery Blair,2016,55.72,Female,Swimming,4A-3A,
100 Yard Butterfly,Fanny Wu,Poolesville,2016,59.16,Female,Swimming,3A-2A-1A,
100 Yard Butterfly,Emily Wang,Winston Churchill,2017,55.18,Female,Swimming,4A-3A,
100 Yard Butterfly,Hailey Ritter,Queen Anne's,2017,58.55,Female,Swimming,3A-2A-1A,
100 Yard Butterfly,Hannah Kannan,Montgomery Blair,2018,54.71,Female,Swimming,4A-3A,
100 Yard Butterfly,Hailey Ritter,Queen Anne's,2018,57.45,Female,Swimming,3A-2A-1A,
100 Yard Butterfly,Sophie Reilly,Walt Whitman,2019,55.91,Female,Swimming,4A-3A,
100 Yard Butterfly,Katerina Lomis,Patterson Mill,2019,58.54,Female,Swimming,3A-2A-1A,
100 Yard Butterfly,Jill Berger,Bethesda-Chevy Chase,2020,55.76,Female,Swimming,4A-3A,
100 Yard Butterfly,Kaitlyn Hunter,Damascus,2020,57.02,Female,Swimming,3A-2A-1A,
100 Yard Butterfly,Georgia Yang,Winston Churchill,2022,55.46,Female,Swimming,4A-3A,
100 Yard Butterfly,Carly Sebring,Damascus,2022,54.78,Female,Swimming,3A-2A-1A,
100 Yard Butterfly,Sarah Eliason,Richard Montgomery,2023,54.38,Female,Swimming,4A-3A,
100 Yard Butterfly,Sadie Hebert,Damascus,2023,59.12,Female,Swimming,3A-2A-1A,
100 Yard Butterfly,Sarah Eliason,Richard Montgomery,2024,54.33,Female,Swimming,4A-3A,
100 Yard Butterfly,Cedar Gallaudet,Northern-Cal,2024,59,Female,Swimming,3A-2A-1A,
100 Yard Freestyle,Emily Lloyd,Severna Park,2007,51.97,Female,Swimming,4A-3A,
100 Yard Freestyle,JoAnna Yeh,Urbana,2007,54.44,Female,Swimming,3A-2A-1A,
100 Yard Freestyle,Emily Lloyd,Severna Park,2008,52.54,Female,Swimming,4A-3A,
100 Yard Freestyle,Katelyn Rossick,Middletown,2008,54.19,Female,Swimming,3A-2A-1A,
100 Yard Freestyle,Emily Lloyd,Severna Park,2009,50.89,Female,Swimming,4A-3A,
100 Yard Freestyle,Hanne Borgerson,Frederick,2009,54.67,Female,Swimming,3A-2A-1A,
100 Yard Freestyle,Rachel Flint,C. Milton Wright,2010,54.72,Female,Swimming,4A-3A,
100 Yard Freestyle,Hanne Borgerson,Frederick,2010,54.27,Female,Swimming,3A-2A-1A,
100 Yard Freestyle,Margaret Manning,Thomas Johnson,2011,53.63,Female,Swimming,4A-3A,
100 Yard Freestyle,Page Fox,Frederick,2011,55.91,Female,Swimming,3A-2A-1A,
100 Yard Freestyle,Reia Tong,Walt Whitman,2012,52.1,Female,Swimming,4A-3A,
100 Yard Freestyle,Dorit Song,Poolesville,2012,53.88,Female,Swimming,3A-2A-1A,
100 Yard Freestyle,Anna Kolanowski,Sherwood,2013,52.12,Female,Swimming,4A-3A,
100 Yard Freestyle,Dorit Song,Poolesville,2013,53.2,Female,Swimming,3A-2A-1A,
100 Yard Freestyle,Morgan Hill,Sherwood,2014,51.71,Female,Swimming,4A-3A,
100 Yard Freestyle,Dorit Song,Poolesville,2014,52.98,Female,Swimming,3A-2A-1A,
100 Yard Freestyle,Morgan Hill,Sherwood,2015,51.05,Female,Swimming,4A-3A,
100 Yard Freestyle,Dorit Song,Poolesville,2015,53.98,Female,Swimming,3A-2A-1A,
100 Yard Freestyle,Morgan Hill,Sherwood,2016,50.02,Female,Swimming,4A-3A,
100 Yard Freestyle,Megan Cowan,C. Milton Wright,2016,54.32,Female,Swimming,3A-2A-1A,
100 Yard Freestyle,Sydney Knapp,Northwest,2017,51.63,Female,Swimming,4A-3A,
100 Yard Freestyle,McKenzie Hemingway,Queen Anne's,2017,52.79,Female,Swimming,3A-2A-1A,
100 Yard Freestyle,Amanda Wenhold,Sherwood,2018,51.53,Female,Swimming,4A-3A,
100 Yard Freestyle,McKenzie Hemingway,Queen Anne's,2018,51.92,Female,Swimming,3A-2A-1A,
100 Yard Freestyle,Alexandra Marney-Bell,Montgomery Blair,2019,52.04,Female,Swimming,4A-3A,
100 Yard Freestyle,Carly Sebring,Damascus,2019,50.84,Female,Swimming,3A-2A-1A,
100 Yard Freestyle,Lauren West,Albert Einstein,2020,51.48,Female,Swimming,4A-3A,
100 Yard Freestyle,Carly Sebring,Damascus,2020,50.9,Female,Swimming,3A-2A-1A,
100 Yard Freestyle,Lauren West,Albert Einstein,2022,50.19,Female,Swimming,4A-3A,
100 Yard Freestyle,Addy Donnick,La Plata,2022,50.95,Female,Swimming,3A-2A-1A,
100 Yard Freestyle,Andrea Dworak,James H. Blake,2023,50.62,Female,Swimming,4A-3A,
100 Yard Freestyle,Addy Donnick,La Plata,2023,50.39,Female,Swimming,3A-2A-1A,
100 Yard Freestyle,Virginia Hinds,Bethesda-Chevy Chase,2024,49.93,Female,Swimming,4A-3A,
100 Yard Freestyle,Addy Donnick,La Plata,2024,51.08,Female,Swimming,3A-2A-1A,
500 Yard Freestyle,Jordan Gibbs,Severna Park,2007,05:08.5,Female,Swimming,4A-3A,
500 Yard Freestyle,Devin Lessard,Queen Anne's,2007,05:29.7,Female,Swimming,3A-2A-1A,
500 Yard Freestyle,Hannah Betman,Eleanor Roosevelt,2008,05:19.9,Female,Swimming,4A-3A,
500 Yard Freestyle,Ally Long,Frederick,2008,05:11.7,Female,Swimming,3A-2A-1A,
500 Yard Freestyle,Emily Lloyd,Severna Park,2009,05:08.1,Female,Swimming,4A-3A,
500 Yard Freestyle,Selena Martin,Baltimore Polytechnic,2009,05:09.5,Female,Swimming,3A-2A-1A,
500 Yard Freestyle,Cassie Sorna,Urbana,2010,05:13.4,Female,Swimming,4A-3A,
500 Yard Freestyle,Madison Brown,Fallston,2010,05:37.8,Female,Swimming,3A-2A-1A,
500 Yard Freestyle,Sydney Williams,Urbana,2011,05:08.3,Female,Swimming,4A-3A,
500 Yard Freestyle,Madison Brown,Fallston,2011,05:28.5,Female,Swimming,3A-2A-1A,
500 Yard Freestyle,Ellen Anderson,Gaithersburg,2012,04:55.0,Female,Swimming,4A-3A,
500 Yard Freestyle,Philipa Rogers,Oakdale,2012,05:19.9,Female,Swimming,3A-2A-1A,
500 Yard Freestyle,Charlotte Meyer,Walt Whitman,2013,05:02.9,Female,Swimming,4A-3A,
500 Yard Freestyle,Hedda Boege,Damascus,2013,05:10.0,Female,Swimming,3A-2A-1A,
500 Yard Freestyle,Madison Waechter,Montgomery Blair,2014,05:01.7,Female,Swimming,4A-3A,
500 Yard Freestyle,Megan Cowan,C. Milton Wright,2014,05:16.1,Female,Swimming,3A-2A-1A,
500 Yard Freestyle,Madison Waechter,Montgomery Blair,2015,04:59.8,Female,Swimming,4A-3A,
500 Yard Freestyle,Alexa Stewart,Rockville,2015,05:17.9,Female,Swimming,3A-2A-1A,
500 Yard Freestyle,Madison Waechter,Montgomery Blair,2016,04:53.5,Female,Swimming,4A-3A,
500 Yard Freestyle,Alexa Stewart,Rockville,2016,05:11.2,Female,Swimming,3A-2A-1A,
500 Yard Freestyle,Madison Waechter,Montgomery Blair,2017,04:52.6,Female,Swimming,4A-3A,
500 Yard Freestyle,Katarina Lechner,Poolesville,2017,05:12.1,Female,Swimming,3A-2A-1A,
500 Yard Freestyle,Grace Giddings,Sherwood,2018,04:54.5,Female,Swimming,4A-3A,
500 Yard Freestyle,Moshelle Borjigin,Poolesville,2018,05:03.9,Female,Swimming,3A-2A-1A,
500 Yard Freestyle,Kaitlin Gravell,Sherwood,2019,04:55.6,Female,Swimming,4A-3A,
500 Yard Freestyle,Moshelle Borjigin,Poolesville,2019,05:08.3,Female,Swimming,3A-2A-1A,
500 Yard Freestyle,Maren Conze,Walter Johnson,2020,04:52.3,Female,Swimming,4A-3A,
500 Yard Freestyle,Moshelle Borjigin,Poolesville,2020,05:05.8,Female,Swimming,3A-2A-1A,
500 Yard Freestyle,Maren Conze,Walter Johnson,2022,04:54.2,Female,Swimming,4A-3A,
500 Yard Freestyle,Molly Kroeger,Easton,2022,05:05.2,Female,Swimming,3A-2A-1A,
500 Yard Freestyle,Campbell Scofield,Thomas S. Wootton,2023,04:58.8,Female,Swimming,4A-3A,
500 Yard Freestyle,Molly Kroeger,Easton,2023,05:02.6,Female,Swimming,3A-2A-1A,
500 Yard Freestyle,Andrea Dworak,James H. Blake,2024,04:46.5,Female,Swimming,4A-3A,
500 Yard Freestyle,Taya Ivanovskaya,Damascus,2024,05:07.6,Female,Swimming,3A-2A-1A,
200 Yard Freestyle Relay,Severna Park,Severna Park,2007,01:43.4,Female,Swimming,4A-3A,
200 Yard Freestyle Relay,North Harford,North Harford,2007,01:46.4,Female,Swimming,3A-2A-1A,
200 Yard Freestyle Relay,Severna Park,Severna Park,2008,01:45.4,Female,Swimming,4A-3A,
200 Yard Freestyle Relay,Queen Anne's,Queen Anne's,2008,01:46.8,Female,Swimming,3A-2A-1A,
200 Yard Freestyle Relay,Severna Park,Severna Park,2009,01:42.2,Female,Swimming,4A-3A,
200 Yard Freestyle Relay,Cambridge/S. Dorchester,Cambridge/S. Dorchester,2009,01:47.1,Female,Swimming,3A-2A-1A,
200 Yard Freestyle Relay,Severna Park,Severna Park,2010,01:39.9,Female,Swimming,4A-3A,
200 Yard Freestyle Relay,Frederick,Frederick,2010,01:48.8,Female,Swimming,3A-2A-1A,
200 Yard Freestyle Relay,Urbana,Urbana,2011,01:42.2,Female,Swimming,4A-3A,
200 Yard Freestyle Relay,Frederick,Frederick,2011,01:45.8,Female,Swimming,3A-2A-1A,
200 Yard Freestyle Relay,Walt Whitman,Walt Whitman,2012,01:37.8,Female,Swimming,4A-3A,
200 Yard Freestyle Relay,C. Milton Wright,C. Milton Wright,2012,01:44.4,Female,Swimming,3A-2A-1A,
200 Yard Freestyle Relay,Richard Montgomery,Richard Montgomery,2013,01:39.9,Female,Swimming,4A-3A,
200 Yard Freestyle Relay,Poolesville,Poolesville,2013,01:44.0,Female,Swimming,3A-2A-1A,
200 Yard Freestyle Relay,Winston Churchill,Winston Churchill,2014,01:39.2,Female,Swimming,4A-3A,
200 Yard Freestyle Relay,C. Milton Wright,C. Milton Wright,2014,01:40.8,Female,Swimming,3A-2A-1A,
200 Yard Freestyle Relay,Winston Churchill,Winston Churchill,2015,01:40.5,Female,Swimming,4A-3A,
200 Yard Freestyle Relay,Poolesville,Poolesville,2015,01:42.7,Female,Swimming,3A-2A-1A,
200 Yard Freestyle Relay,Walter Johnson,Walter Johnson,2016,01:37.9,Female,Swimming,4A-3A,
200 Yard Freestyle Relay,Poolesville,Poolesville,2016,01:40.8,Female,Swimming,3A-2A-1A,
200 Yard Freestyle Relay,Walter Johnson,Walter Johnson,2017,01:36.7,Female,Swimming,4A-3A,
200 Yard Freestyle Relay,Poolesville,Poolesville,2017,01:40.8,Female,Swimming,3A-2A-1A,
200 Yard Freestyle Relay,Montgomery Blair,Montgomery Blair,2018,01:36.2,Female,Swimming,4A-3A,
200 Yard Freestyle Relay,Poolesville,Poolesville,2018,01:42.8,Female,Swimming,3A-2A-1A,
200 Yard Freestyle Relay,Walter Johnson,Walter Johnson,2019,01:36.1,Female,Swimming,4A-3A,
200 Yard Freestyle Relay,Damascus,Damascus,2019,01:42.2,Female,Swimming,3A-2A-1A,
200 Yard Freestyle Relay,Walter Johnson,Walter Johnson,2020,01:36.0,Female,Swimming,4A-3A,
200 Yard Freestyle Relay,Poolesville,Poolesville,2020,01:41.9,Female,Swimming,3A-2A-1A,
200 Yard Freestyle Relay,Thomas S. Wootton,Thomas S. Wootton,2022,01:36.4,Female,Swimming,4A-3A,
200 Yard Freestyle Relay,La Plata,La Plata,2022,01:38.9,Female,Swimming,3A-2A-1A,
200 Yard Freestyle Relay,Bethesda-Chevy Chase,Bethesda-Chevy Chase,2023,01:35.6,Female,Swimming,4A-3A,
200 Yard Freestyle Relay,Easton,Easton,2023,01:39.1,Female,Swimming,3A-2A-1A,
200 Yard Freestyle Relay,Richard Montgomery,Richard Montgomery,2024,01:35.8,Female,Swimming,4A-3A,
200 Yard Freestyle Relay,Northern-Cal,Northern-Cal,2024,01:39.4,Female,Swimming,3A-2A-1A,
100 Yard Backstroke,Emily Lloyd,Severna Park,2007,01:01.7,Female,Swimming,4A-3A,
100 Yard Backstroke,Ally Long,Frederick,2007,01:01.4,Female,Swimming,3A-2A-1A,
100 Yard Backstroke,Lauren Armstrong,Broadneck,2008,01:02.1,Female,Swimming,4A-3A,
100 Yard Backstroke,Ally Long,Frederick,2008,01:00.5,Female,Swimming,3A-2A-1A,
100 Yard Backstroke,Melissa Cropper,Severna Park,2009,01:01.4,Female,Swimming,4A-3A,
100 Yard Backstroke,Ally Long,Frederick,2009,01:00.8,Female,Swimming,3A-2A-1A,
100 Yard Backstroke,Alexa Santis,Urbana,2010,01:01.7,Female,Swimming,4A-3A,
100 Yard Backstroke,Meredith Foster,North Harford,2010,01:01.2,Female,Swimming,3A-2A-1A,
100 Yard Backstroke,Alexa Santis,Urbana,2011,01:01.1,Female,Swimming,4A-3A,
100 Yard Backstroke,Chelsea Rossick,Middletown,2011,01:03.3,Female,Swimming,3A-2A-1A,
100 Yard Backstroke,Kristina Li,Thomas Wootton,2012,57.02,Female,Swimming,4A-3A,
100 Yard Backstroke,Chelsea Vanderweele,Northwood,2012,59.7,Female,Swimming,3A-2A-1A,
100 Yard Backstroke,Natsumi Horikawa,Thomas Wootton,2013,58.14,Female,Swimming,4A-3A,
100 Yard Backstroke,Madison Brown,Fallston,2013,01:02.0,Female,Swimming,3A-2A-1A,
100 Yard Backstroke,Hannah Lindsey,Winston Churchill,2014,56.42,Female,Swimming,4A-3A,
100 Yard Backstroke,Page Fox,Frederick,2014,01:02.0,Female,Swimming,3A-2A-1A,
100 Yard Backstroke,Hannah Lindsey,Winston Churchill,2015,56.19,Female,Swimming,4A-3A,
100 Yard Backstroke,Katarina Lechner,Poolesville,2015,01:01.3,Female,Swimming,3A-2A-1A,
100 Yard Backstroke,Hannah Lindsey,Winston Churchill,2016,55.08,Female,Swimming,4A-3A,
100 Yard Backstroke,Justine Wantz,Walkersville,2016,59.26,Female,Swimming,3A-2A-1A,
100 Yard Backstroke,Katie Smith,Bethesda-Chevy Chase,2017,55.77,Female,Swimming,4A-3A,
100 Yard Backstroke,Moshelle Borjigin,Poolesville,2017,59.24,Female,Swimming,3A-2A-1A,
100 Yard Backstroke,Hannah Kannan,Montgomery Blair,2018,55.21,Female,Swimming,4A-3A,
100 Yard Backstroke,Sydney Atkins,Huntingtown,2018,58.05,Female,Swimming,3A-2A-1A,
100 Yard Backstroke,Sophia Ryan,Sherwood,2019,55.92,Female,Swimming,4A-3A,
100 Yard Backstroke,Autumn Wang,Poolesville,2019,01:01.0,Female,Swimming,3A-2A-1A,
100 Yard Backstroke,Samantha Smith,Bethesda-Chevy Chase,2020,56.3,Female,Swimming,4A-3A,
100 Yard Backstroke,Elizabeth Pennington,Elkton,2020,57.11,Female,Swimming,3A-2A-1A,
100 Yard Backstroke,Victoria Svensson,Walt Whitman,2022,55.68,Female,Swimming,4A-3A,
100 Yard Backstroke,Addy Donnick,La Plata,2022,53.68,Female,Swimming,3A-2A-1A,
100 Yard Backstroke,Virginia Hinds,Bethesda-Chevy Chase,2023,54.02,Female,Swimming,4A-3A,
100 Yard Backstroke,Addy Donnick,La Plata,2023,55.15,Female,Swimming,3A-2A-1A,
100 Yard Backstroke,Virginia Hinds,Bethesda-Chevy Chase,2024,53.35,Female,Swimming,4A-3A,
100 Yard Backstroke,Addy Donnick,La Plata,2024,56.55,Female,Swimming,3A-2A-1A,
100 Yard Breaststroke,Stephanie Goldbeck,Eleanor Roosevelt,2007,01:11.3,Female,Swimming,4A-3A,
100 Yard Breaststroke,Amber Meer,Easton,2007,01:09.2,Female,Swimming,3A-2A-1A,
100 Yard Breaststroke,Brittany Culpepper,Leonardtown,2008,01:10.0,Female,Swimming,4A-3A,
100 Yard Breaststroke,Christine Dunleavy,La Plata,2008,01:10.1,Female,Swimming,3A-2A-1A,
100 Yard Breaststroke,Brittany Culpepper,Leonardtown,2009,01:08.6,Female,Swimming,4A-3A,
100 Yard Breaststroke,Amber Meer,Easton,2009,01:10.5,Female,Swimming,3A-2A-1A,
100 Yard Breaststroke,Margot Manning,Thomas Johnson,2010,01:07.1,Female,Swimming,4A-3A,
100 Yard Breaststroke,Kelsey Lessard,Queen Anne's,2010,01:12.9,Female,Swimming,3A-2A-1A,
100 Yard Breaststroke,Katie Parker,Severna Park,2011,01:07.2,Female,Swimming,4A-3A,
100 Yard Breaststroke,Danielle Jackson,Fairmont Heights,2011,01:11.6,Female,Swimming,3A-2A-1A,
100 Yard Breaststroke,Audrey Gould,Walt Whitman,2012,01:06.5,Female,Swimming,4A-3A,
100 Yard Breaststroke,Diana Hanson,Poolesville,2012,01:07.5,Female,Swimming,3A-2A-1A,
100 Yard Breaststroke,Audrey Gould,Walt Whitman,2013,01:06.7,Female,Swimming,4A-3A,
100 Yard Breaststroke,Lauren O'Mara,C. Milton Wright,2013,01:06.7,Female,Swimming,3A-2A-1A,
100 Yard Breaststroke,Katie Parker,Severna Park,2014,01:05.7,Female,Swimming,4A-3A,
100 Yard Breaststroke,Lauren O'Mara,C. Milton Wright,2014,01:07.5,Female,Swimming,3A-2A-1A,
100 Yard Breaststroke,Jaycee Yegher,Northwest,2015,01:05.4,Female,Swimming,4A-3A,
100 Yard Breaststroke,Lauren O'Mara,C. Milton Wright,2015,01:08.3,Female,Swimming,3A-2A-1A,
100 Yard Breaststroke,Jaycee Yegher,Northwest,2016,01:02.7,Female,Swimming,4A-3A,
100 Yard Breaststroke,Eliza Manning,Gov. Thomas Johnson,2016,01:04.4,Female,Swimming,3A-2A-1A,
100 Yard Breaststroke,Jaycee Yegher,Northwest,2017,01:01.8,Female,Swimming,4A-3A,
100 Yard Breaststroke,McKenzie Hemingway,Queen Anne's,2017,01:07.7,Female,Swimming,3A-2A-1A,
100 Yard Breaststroke,Catherine Belyakov,Quince Orchard,2018,01:03.9,Female,Swimming,4A-3A,
100 Yard Breaststroke,McKenzie Hemingway,Queen Anne's,2018,01:06.3,Female,Swimming,3A-2A-1A,
100 Yard Breaststroke,Catherine Belyakov,Quince Orchard,2019,01:02.4,Female,Swimming,4A-3A,
100 Yard Breaststroke,McKenzie Hemingway,Queen Anne's,2019,01:05.1,Female,Swimming,3A-2A-1A,
100 Yard Breaststroke,Catherine Belyakov,Quince Orchard,2020,01:02.1,Female,Swimming,4A-3A,
100 Yard Breaststroke,McKenzie Hemingway,Queen Anne's,2020,01:05.0,Female,Swimming,3A-2A-1A,
100 Yard Breaststroke,Hanna Bingley,Walter Johnson,2022,01:03.4,Female,Swimming,4A-3A,
100 Yard Breaststroke,Heidi Tomlin,Middletown,2022,01:07.2,Female,Swimming,3A-2A-1A,
100 Yard Breaststroke,Sienna Karp,Walter Johnson,2023,01:01.5,Female,Swimming,4A-3A,
100 Yard Breaststroke,Anna Li,Poolesville,2023,01:04.9,Female,Swimming,3A-2A-1A,
100 Yard Breaststroke,Isla Bartholomew,Walter Johnson,2024,01:04.1,Female,Swimming,4A-3A,
100 Yard Breaststroke,Viona Sunjaya,Damascus,2024,01:04.1,Female,Swimming,3A-2A-1A,
400 Yard Freestyle Relay,Severna Park,Severna Park,2007,03:48.5,Female,Swimming,4A-3A,
400 Yard Freestyle Relay,Middletown,Middletown,2007,03:50.3,Female,Swimming,3A-2A-1A,
400 Yard Freestyle Relay,Urbana,Urbana,2008,03:50.1,Female,Swimming,4A-3A,
400 Yard Freestyle Relay,Middletown,Middletown,2008,03:54.7,Female,Swimming,3A-2A-1A,
400 Yard Freestyle Relay,Urbana,Urbana,2009,03:45.6,Female,Swimming,4A-3A,
400 Yard Freestyle Relay,Queen Anne's,Queen Anne's,2009,03:49.7,Female,Swimming,3A-2A-1A,
400 Yard Freestyle Relay,Urbana,Urbana,2010,03:40.7,Female,Swimming,4A-3A,
400 Yard Freestyle Relay,Frederick,Frederick,2010,03:51.4,Female,Swimming,3A-2A-1A,
400 Yard Freestyle Relay,Severna Park,Severna Park,2011,03:38.1,Female,Swimming,4A-3A,
400 Yard Freestyle Relay,Frederick,Frederick,2011,03:49.4,Female,Swimming,3A-2A-1A,
400 Yard Freestyle Relay,Walt Whitman,Walt Whitman,2012,03:35.0,Female,Swimming,4A-3A,
400 Yard Freestyle Relay,Poolesville,Poolesville,2012,03:44.7,Female,Swimming,3A-2A-1A,
400 Yard Freestyle Relay,Sherwood,Sherwood,2013,03:36.6,Female,Swimming,4A-3A,
400 Yard Freestyle Relay,Poolesville,Poolesville,2013,03:44.6,Female,Swimming,3A-2A-1A,
400 Yard Freestyle Relay,Winston Churchill,Winston Churchill,2014,03:33.8,Female,Swimming,4A-3A,
400 Yard Freestyle Relay,Poolesville,Poolesville,2014,03:44.6,Female,Swimming,3A-2A-1A,
400 Yard Freestyle Relay,Sherwood,Sherwood,2015,03:34.1,Female,Swimming,4A-3A,
400 Yard Freestyle Relay,Poolesville,Poolesville,2015,03:43.7,Female,Swimming,3A-2A-1A,
400 Yard Freestyle Relay,Sherwood,Sherwood,2016,03:31.6,Female,Swimming,4A-3A,
400 Yard Freestyle Relay,Poolesville,Poolesville,2016,03:43.1,Female,Swimming,3A-2A-1A,
400 Yard Freestyle Relay,Winston Churchill,Winston Churchill,2017,03:30.7,Female,Swimming,4A-3A,
400 Yard Freestyle Relay,Poolesville,Poolesville,2017,03:50.0,Female,Swimming,3A-2A-1A,
400 Yard Freestyle Relay,Sherwood,Sherwood,2018,03:31.4,Female,Swimming,4A-3A,
400 Yard Freestyle Relay,Poolesville,Poolesville,2018,03:39.4,Female,Swimming,3A-2A-1A,
400 Yard Freestyle Relay,Quince Orchard,Quince Orchard,2019,03:30.1,Female,Swimming,4A-3A,
400 Yard Freestyle Relay,Damascus,Damascus,2019,03:39.6,Female,Swimming,3A-2A-1A,
400 Yard Freestyle Relay,Walter Johnson,Walter Johnson,2020,03:29.2,Female,Swimming,4A-3A,
400 Yard Freestyle Relay,Poolesville,Poolesville,2020,03:35.5,Female,Swimming,3A-2A-1A,
400 Yard Freestyle Relay,Walter Johnson,Walter Johnson,2022,03:27.5,Female,Swimming,4A-3A,
400 Yard Freestyle Relay,Damascus,Damascus,2022,03:34.1,Female,Swimming,3A-2A-1A,
400 Yard Freestyle Relay,Bethesda-Chevy Chase,Bethesda-Chevy Chase,2023,03:26.9,Female,Swimming,4A-3A,
400 Yard Freestyle Relay,Poolesville,Poolesville,2023,03:38.7,Female,Swimming,3A-2A-1A,
400 Yard Freestyle Relay,Richard Montgomery,Richard Montgomery,2024,03:29.1,Female,Swimming,4A-3A,
400 Yard Freestyle Relay,Damascus,Damascus,2024,03:41.4,Female,Swimming,3A-2A-1A,
Diving,Kali Becker,Winston Churchill,2012,435.8,Female,Diving,4A-3A-2A-1A,
Diving,Mashal Hashem,Winston Churchill,2013,401.1,Female,Diving,4A-3A-2A-1A,
Diving,Mashal Hashem,Winston Churchill,2014,474.65,Female,Diving,4A-3A-2A-1A,
Diving,Elaina Faerber,Winston Churchill,2015,451.05,Female,Diving,4A-3A-2A-1A,
Diving,Madeline Kline,Damascus,2016,462.35,Female,Diving,4A-3A-2A-1A,
Diving,Melissa Novak,Oakdale,2017,420.05,Female,Diving,4A-3A-2A-1A,
Diving,Maddie Pfaff,Bethesda-Chevy Chase,2018,479.85,Female,Diving,4A-3A-2A-1A,
Diving,Jessica Buntman,Linganore,2019,413.1,Female,Diving,4A-3A-2A-1A,
Diving,Lilia Atanda,Sherwood,2020,406.1,Female,Diving,4A-3A-2A-1A,
Diving,Lilia Atanda,Sherwood,2022,426.5,Female,Diving,4A-3A-2A-1A,
Diving,Lilia Atanda,Sherwood,2023,429.7,Female,Diving,4A-3A-2A-1A,
Diving,Elisa Pantezzi,Quince Orchard,2024,389.5,Female,Diving,4A-3A-2A-1A,
200 Yard Medley Relay,Fallston,Fallston,2007,01:45.1,Male,Swimming,4A-3A,
200 Yard Medley Relay,Huntingtown,Huntingtown,2007,01:47.0,Male,Swimming,3A-2A-1A,
200 Yard Medley Relay,Huntingtown,Huntingtown,2008,01:43.9,Male,Swimming,4A-3A,
200 Yard Medley Relay,Fallston,Fallston,2008,01:47.8,Male,Swimming,3A-2A-1A,
200 Yard Medley Relay,Broadneck,Broadneck,2009,01:44.6,Male,Swimming,4A-3A,
200 Yard Medley Relay,Easton,Easton,2009,01:47.2,Male,Swimming,3A-2A-1A,
200 Yard Medley Relay,Annapolis,Annapolis,2010,01:46.1,Male,Swimming,4A-3A,
200 Yard Medley Relay,Frederick,Frederick,2010,01:46.1,Male,Swimming,3A-2A-1A,
200 Yard Medley Relay,Severna Park,Severna Park,2011,01:42.8,Male,Swimming,4A-3A,
200 Yard Medley Relay,Stephen Decatur,Stephen Decatur,2011,01:45.1,Male,Swimming,3A-2A-1A,
200 Yard Medley Relay,Thomas Wootton,Thomas Wootton,2012,01:39.0,Male,Swimming,4A-3A,
200 Yard Medley Relay,Oakdale,Oakdale,2012,01:44.6,Male,Swimming,3A-2A-1A,
200 Yard Medley Relay,Quince Orchard,Quince Orchard,2013,01:37.9,Male,Swimming,4A-3A,
200 Yard Medley Relay,Poolesville,Poolesville,2013,01:44.9,Male,Swimming,3A-2A-1A,
200 Yard Medley Relay,Richard Montgomery,Richard Montgomery,2014,01:38.2,Male,Swimming,4A-3A,
200 Yard Medley Relay,Poolesville,Poolesville,2014,01:43.6,Male,Swimming,3A-2A-1A,
200 Yard Medley Relay,Richard Montgomery,Richard Montgomery,2015,01:38.1,Male,Swimming,4A-3A,
200 Yard Medley Relay,Poolesville,Poolesville,2015,01:44.4,Male,Swimming,3A-2A-1A,
200 Yard Medley Relay,Richard Montgomery,Richard Montgomery,2016,01:34.6,Male,Swimming,4A-3A,
200 Yard Medley Relay,Rockville,Rockville,2016,01:39.5,Male,Swimming,3A-2A-1A,
200 Yard Medley Relay,Richard Montgomery,Richard Montgomery,2017,01:35.4,Male,Swimming,4A-3A,
200 Yard Medley Relay,Poolesville,Poolesville,2017,01:39.3,Male,Swimming,3A-2A-1A,
200 Yard Medley Relay,Quince Orchard,Quince Orchard,2018,01:35.1,Male,Swimming,4A-3A,
200 Yard Medley Relay,Poolesville,Poolesville,2018,01:41.0,Male,Swimming,3A-2A-1A,
200 Yard Medley Relay,Richard Montgomery,Richard Montgomery,2019,01:35.3,Male,Swimming,4A-3A,
200 Yard Medley Relay,Poolesville,Poolesville,2019,01:40.2,Male,Swimming,3A-2A-1A,
200 Yard Medley Relay,Winston Churchill,Winston Churchill,2020,01:33.5,Male,Swimming,4A-3A,
200 Yard Medley Relay,Poolesville,Poolesville,2020,01:37.3,Male,Swimming,3A-2A-1A,
200 Yard Medley Relay,Walt Whitman,Walt Whitman,2022,01:32.2,Male,Swimming,4A-3A,
200 Yard Medley Relay,Poolesville,Poolesville,2022,01:35.6,Male,Swimming,3A-2A-1A,
200 Yard Medley Relay,Walt Whitman,Walt Whitman,2023,01:32.8,Male,Swimming,4A-3A,
200 Yard Medley Relay,Rockville,Rockville,2023,01:36.6,Male,Swimming,3A-2A-1A,
200 Yard Medley Relay,Winston Churchill,Winston Churchill,2024,01:35.0,Male,Swimming,4A-3A,
200 Yard Medley Relay,Rockville,Rockville,2024,01:36.6,Male,Swimming,3A-2A-1A,
200 Yard Freestyle,Justin Vagts,South River,2007,01:45.9,Male,Swimming,4A-3A,
200 Yard Freestyle,Michael Gray,Northern-Calvert,2007,01:52.6,Male,Swimming,3A-2A-1A,
200 Yard Freestyle,Justin Vagts,South River,2008,01:46.6,Male,Swimming,4A-3A,
200 Yard Freestyle,Paul Zoli,Fallston,2008,01:52.4,Male,Swimming,3A-2A-1A,
200 Yard Freestyle,Justin Vagts,South River,2009,01:47.1,Male,Swimming,4A-3A,
200 Yard Freestyle,Dylan Howell,Fallston,2009,01:51.1,Male,Swimming,3A-2A-1A,
200 Yard Freestyle,Kyle DeVore,South River,2010,01:52.7,Male,Swimming,4A-3A,
200 Yard Freestyle,Jake Carlsen,Frederick,2010,01:48.3,Male,Swimming,3A-2A-1A,
200 Yard Freestyle,James Robichaud,Broadneck,2011,01:45.9,Male,Swimming,4A-3A,
200 Yard Freestyle,Matthew Walchuck,Middletown,2011,01:52.3,Male,Swimming,3A-2A-1A,
200 Yard Freestyle,Graham Baird,Bethesda-Chevy Chase,2012,01:43.0,Male,Swimming,4A-3A,
200 Yard Freestyle,Austin Moore,Northwood,2012,01:48.5,Male,Swimming,3A-2A-1A,
200 Yard Freestyle,Ben Lawless,Northern-Calvert,2013,01:40.6,Male,Swimming,4A-3A,
200 Yard Freestyle,Griffin Alaniz,Rockville,2013,01:48.5,Male,Swimming,3A-2A-1A,
200 Yard Freestyle,Mike Sullivan,Walt Whitman,2014,01:42.8,Male,Swimming,4A-3A,
200 Yard Freestyle,Ben Lawless,Northern-Calvert,2014,01:39.4,Male,Swimming,3A-2A-1A,
200 Yard Freestyle,Mike Sullivan,Walt Whitman,2015,01:42.3,Male,Swimming,4A-3A,
200 Yard Freestyle,John Pressly,Middletown,2015,01:47.5,Male,Swimming,3A-2A-1A,
200 Yard Freestyle,Zachary Einhorn,Winston Churchill,2016,01:42.9,Male,Swimming,4A-3A,
200 Yard Freestyle,John Pressly,Middletown,2016,01:44.9,Male,Swimming,3A-2A-1A,
200 Yard Freestyle,Alex Li,Thomas Wootton,2017,01:42.1,Male,Swimming,4A-3A,
200 Yard Freestyle,Justin Kim,Poolesville,2017,01:43.4,Male,Swimming,3A-2A-1A,
200 Yard Freestyle,Alex Colson,Wheaton,2018,01:41.0,Male,Swimming,4A-3A,
200 Yard Freestyle,Conor Vienneau,La Plata,2018,01:44.3,Male,Swimming,3A-2A-1A,
200 Yard Freestyle,Alex Colson,Wheaton,2019,01:39.7,Male,Swimming,4A-3A,
200 Yard Freestyle,Cody Kim,Damascus,2019,01:44.0,Male,Swimming,3A-2A-1A,
200 Yard Freestyle,Everett Oehler,Richard Montgomery,2020,01:41.5,Male,Swimming,4A-3A,
200 Yard Freestyle,Nic Santorelli,Damascus,2020,01:42.7,Male,Swimming,3A-2A-1A,
200 Yard Freestyle,Everett Oehler,Richard Montgomery,2022,01:38.0,Male,Swimming,4A-3A,
200 Yard Freestyle,Theodore Ament,Rockville,2022,01:42.5,Male,Swimming,3A-2A-1A,
200 Yard Freestyle,Kyle Wang,Winston Churchill,2023,01:40.7,Male,Swimming,4A-3A,
200 Yard Freestyle,Brig Barnett,Rockville,2023,01:43.2,Male,Swimming,3A-2A-1A,
200 Yard Freestyle,Kyla Wang,Winston Churchill,2024,01:39.9,Male,Swimming,4A-3A,
200 Yard Freestyle,Brig Barnett,Rockville,2024,01:42.5,Male,Swimming,3A-2A-1A,
200 Yard Individual Medley,Charlie Melesh,Annapolis,2007,02:03.1,Male,Swimming,4A-3A,
200 Yard Individual Medley,Andrew Seebode,Easton,2007,02:06.3,Male,Swimming,3A-2A-1A,
200 Yard Individual Medley,Tim Deklau,Arundel,2008,02:00.5,Male,Swimming,4A-3A,
200 Yard Individual Medley,Wade Boarman,Kent Island,2008,02:04.1,Male,Swimming,3A-2A-1A,
200 Yard Individual Medley,James Robichaud,Broadneck,2009,02:03.4,Male,Swimming,4A-3A,
200 Yard Individual Medley,Paul Zoli,Fallston,2009,02:05.5,Male,Swimming,3A-2A-1A,
200 Yard Individual Medley,Charlie Melesh,Annapolis,2010,01:57.4,Male,Swimming,4A-3A,
200 Yard Individual Medley,Kent Southern,Walkersville,2010,02:06.0,Male,Swimming,3A-2A-1A,
200 Yard Individual Medley,Michael Seaberg,South River,2011,01:59.0,Male,Swimming,4A-3A,
200 Yard Individual Medley,Brandon Carestia,Harford Technical,2011,02:05.4,Male,Swimming,3A-2A-1A,
200 Yard Individual Medley,Tyler Pham,Gaithersburg,2012,01:56.4,Male,Swimming,4A-3A,
200 Yard Individual Medley,Brandon Carestia,Harford Technical,2012,01:59.8,Male,Swimming,3A-2A-1A,
200 Yard Individual Medley,Jack Foster,Montgomery Blair,2013,01:53.2,Male,Swimming,4A-3A,
200 Yard Individual Medley,Alex Lin,Poolesville,2013,02:01.6,Male,Swimming,3A-2A-1A,
200 Yard Individual Medley,Rory Lewis,Albert Einstein,2014,01:53.9,Male,Swimming,4A-3A,
200 Yard Individual Medley,Ryan O'Leary,Damascus,2014,01:59.9,Male,Swimming,3A-2A-1A,
200 Yard Individual Medley,Rory Lewis,Albert Einstein,2015,01:53.1,Male,Swimming,4A-3A,
200 Yard Individual Medley,Kevin Lin,Urbana,2015,01:57.7,Male,Swimming,3A-2A-1A,
200 Yard Individual Medley,Bouke Edskes,Richard Montgomery,2016,01:52.7,Male,Swimming,4A-3A,
200 Yard Individual Medley,Ryan O'Leary,Damascus,2016,01:55.2,Male,Swimming,3A-2A-1A,
200 Yard Individual Medley,Timmy Ellett,Walter Johnson,2017,01:52.6,Male,Swimming,4A-3A,
200 Yard Individual Medley,Remington Oldan,Catoctin,2017,01:54.2,Male,Swimming,3A-2A-1A,
200 Yard Individual Medley,Timmy Ellett,Walter Johnson,2018,01:52.1,Male,Swimming,4A-3A,
200 Yard Individual Medley,Mason Young,Harford Technical,2018,01:54.6,Male,Swimming,3A-2A-1A,
200 Yard Individual Medley,Timmy Ellett,Walter Johnson,2019,01:49.0,Male,Swimming,4A-3A,
200 Yard Individual Medley,Maxwell Chen,Poolesville,2019,01:57.9,Male,Swimming,3A-2A-1A,
200 Yard Individual Medley,Noah Rutberg,Winston Churchill,2020,01:50.9,Male,Swimming,4A-3A,
200 Yard Individual Medley,Toby Barnett,Rockville,2020,01:54.3,Male,Swimming,3A-2A-1A,
200 Yard Individual Medley,Zak Owen,Walt Whitman,2022,01:50.4,Male,Swimming,4A-3A,
200 Yard Individual Medley,Toby Barnett,Rockville,2022,01:47.1,Male,Swimming,3A-2A-1A,
200 Yard Individual Medley,Evan Mackesy,Col. Zadok Magruder,2023,01:49.7,Male,Swimming,4A-3A,
200 Yard Individual Medley,Linus Ament,Rockville,2023,01:56.9,Male,Swimming,3A-2A-1A,
200 Yard Individual Medley,Elliot Lee,Richard Montgomery,2024,01:47.3,Male,Swimming,4A-3A,
200 Yard Individual Medley,Linus Ament,Rockville,2024,01:53.0,Male,Swimming,3A-2A-1A,
50 Yard Freestyle,Jack Gottschalk,Fallston,2007,22.96,Male,Swimming,4A-3A,
50 Yard Freestyle,Michael Gray,Northern-Calvert,2007,22.21,Male,Swimming,3A-2A-1A,
50 Yard Freestyle,Doug McWhorter,Broadneck,2008,22.35,Male,Swimming,4A-3A,
50 Yard Freestyle,Jack Gottschalk,Fallston,2008,22.35,Male,Swimming,3A-2A-1A,
50 Yard Freestyle,Doug McWhorter,Broadneck,2009,22.25,Male,Swimming,4A-3A,
50 Yard Freestyle,Wade Boarman,Kent Island,2009,21.45,Male,Swimming,3A-2A-1A,
50 Yard Freestyle,Trevor Doll,Old Mill,2010,22.33,Male,Swimming,4A-3A,
50 Yard Freestyle,Will Parker,Frederick,2010,21.99,Male,Swimming,3A-2A-1A,
50 Yard Freestyle,Trevor Doll,Old Mill,2011,22.08,Male,Swimming,4A-3A,
50 Yard Freestyle,Jake Blazer,Stephen Decatur,2011,23.09,Male,Swimming,3A-2A-1A,
50 Yard Freestyle,Barry Mangold,Walter Johnson,2012,21.6,Male,Swimming,4A-3A,
50 Yard Freestyle,Zachary Lilley,Middletown,2012,22.48,Male,Swimming,3A-2A-1A,
50 Yard Freestyle,Barry Mangold,Walter Johnson,2013,21.33,Male,Swimming,4A-3A,
50 Yard Freestyle,Xavier Laracuente,Poolesville,2013,22.12,Male,Swimming,3A-2A-1A,
50 Yard Freestyle,Jean-Marc Nugent,Walter Johnson,2014,21.6,Male,Swimming,4A-3A,
50 Yard Freestyle,Xavier Laracuente,Poolesville,2014,21.84,Male,Swimming,3A-2A-1A,
50 Yard Freestyle,Brandon Cu,Gaithersburg,2015,21.81,Male,Swimming,4A-3A,
50 Yard Freestyle,Joshua Brown,Queen Anne‚Äôs,2015,22.06,Male,Swimming,3A-2A-1A,
50 Yard Freestyle,Matthew Essing,North Point,2016,21.15,Male,Swimming,4A-3A,
50 Yard Freestyle,Gregory Gordon,Huntingtown,2016,21.65,Male,Swimming,3A-2A-1A,
50 Yard Freestyle,Kenny Afolabi-Brown,Richard Montgomery,2017,21.45,Male,Swimming,4A-3A,
50 Yard Freestyle,Tucker Young,Harford Technical,2017,21.48,Male,Swimming,3A-2A-1A,
50 Yard Freestyle,Ryan Baldino,C. Milton Wright,2018,21.21,Male,Swimming,4A-3A,
50 Yard Freestyle,Tucker Young,Harford Technical,2018,21.3,Male,Swimming,3A-2A-1A,
50 Yard Freestyle,Steven Mendley,Winston Churchill,2019,20.98,Male,Swimming,4A-3A,
50 Yard Freestyle,Alan Nguyen,Patterson Mill,2019,22.09,Male,Swimming,3A-2A-1A,
50 Yard Freestyle,Alec Cooper,Walt Whitman,2020,21.13,Male,Swimming,4A-3A,
50 Yard Freestyle,Kenny Song,Poolesville,2020,21.76,Male,Swimming,3A-2A-1A,
50 Yard Freestyle,Kris Lawson,Walt Whitman,2022,20.55,Male,Swimming,4A-3A,
50 Yard Freestyle,Taj Benton,Baltimore City College,2022,20.81,Male,Swimming,3A-2A-1A,
50 Yard Freestyle,Kris Lawson,Walt Whitman,2023,20.97,Male,Swimming,4A-3A,
50 Yard Freestyle,Gavin Abelende,La Plata,2023,21.19,Male,Swimming,3A-2A-1A,
50 Yard Freestyle,Nasim Elkassem,Winston Churchill,2024,20.54,Male,Swimming,4A-3A,
50 Yard Freestyle,Gavin Abelende,La Plata,2024,20.79,Male,Swimming,3A-2A-1A,
100 Yard Butterfly,Tyler Henderson,Thomas Johnson,2007,54.82,Male,Swimming,4A-3A,
100 Yard Butterfly,George Rossick,Middletown,2007,54.28,Male,Swimming,3A-2A-1A,
100 Yard Butterfly,Christopher Staley,Great Mills,2008,56.42,Male,Swimming,4A-3A,
100 Yard Butterfly,Charlie Melesh,Annapolis,2008,54.71,Male,Swimming,3A-2A-1A,
100 Yard Butterfly,Artem Shandrenko,Urbana,2009,54.5,Male,Swimming,4A-3A,
100 Yard Butterfly,Charlie Melesh,Annapolis,2009,54.67,Male,Swimming,3A-2A-1A,
100 Yard Butterfly,Charlie Melesh,Annapolis,2010,53.03,Male,Swimming,4A-3A,
100 Yard Butterfly,Jesse Rowles,North Harford,2010,54.33,Male,Swimming,3A-2A-1A,
100 Yard Butterfly,Jared Wasserman,Severna Park,2011,54.82,Male,Swimming,4A-3A,
100 Yard Butterfly,Austin Appel,Fallston,2011,54.25,Male,Swimming,3A-2A-1A,
100 Yard Butterfly,Patrick Scordato,Walt Whitman,2012,52.28,Male,Swimming,4A-3A,
100 Yard Butterfly,Evan Kolovich,Fallston,2012,52.32,Male,Swimming,3A-2A-1A,
100 Yard Butterfly,Rory Lewis,Albert Einstein,2013,51.06,Male,Swimming,4A-3A,
100 Yard Butterfly,Austin Appel,Fallston,2013,53.45,Male,Swimming,3A-2A-1A,
100 Yard Butterfly,Rory Lewis,Albert Einstein,2014,50.79,Male,Swimming,4A-3A,
100 Yard Butterfly,Jacob Weiss,Poolesville,2014,52.96,Male,Swimming,3A-2A-1A,
100 Yard Butterfly,Rory Lewis,Albert Einstein,2015,49.34,Male,Swimming,4A-3A,
100 Yard Butterfly,John Pressly,Middletown,2015,52.27,Male,Swimming,3A-2A-1A,
100 Yard Butterfly,Bouke Edskes,Richard Montgomery,2016,49.86,Male,Swimming,4A-3A,
100 Yard Butterfly,John Pressly,Middletown,2016,52.21,Male,Swimming,3A-2A-1A,
100 Yard Butterfly,Eli Fouts,Quince Orchard,2017,50.39,Male,Swimming,4A-3A,
100 Yard Butterfly,John Pressly,Middletown,2017,51.94,Male,Swimming,3A-2A-1A,
100 Yard Butterfly,Alex Colson,Wheaton,2018,49.08,Male,Swimming,4A-3A,
100 Yard Butterfly,Jacob Stafford,Middletown,2018,52.47,Male,Swimming,3A-2A-1A,
100 Yard Butterfly,Alex Colson,Wheaton,2019,48.31,Male,Swimming,4A-3A,
100 Yard Butterfly,Jack Leary,Patterson Mill,2019,51.47,Male,Swimming,3A-2A-1A,
100 Yard Butterfly,Chris Ma,Richard Montgomery,2020,49.56,Male,Swimming,4A-3A,
100 Yard Butterfly,Taj Benton,Baltimore City College,2020,51.92,Male,Swimming,3A-2A-1A,
100 Yard Butterfly,Kris Lawson,Walt Whitman,2022,48.63,Male,Swimming,4A-3A,
100 Yard Butterfly,Maxwell Chen,Poolesville,2022,50.92,Male,Swimming,3A-2A-1A,
100 Yard Butterfly,Kris Lawson,Walt Whitman,2023,49.47,Male,Swimming,4A-3A,
100 Yard Butterfly,Kade Snyder,Patterson Mill,2023,49.17,Male,Swimming,3A-2A-1A,
100 Yard Butterfly,Elliot Lee,Richard Montgomery,2024,48.57,Male,Swimming,4A-3A,
100 Yard Butterfly,Kade Snyder,Patterson Mill,2024,48.04,Male,Swimming,3A-2A-1A,
100 Yard Freestyle,Jack Gottschalk,Fallston,2007,49.95,Male,Swimming,4A-3A,
100 Yard Freestyle,Jeff Riley,Havre de Grace,2007,50.51,Male,Swimming,3A-2A-1A,
100 Yard Freestyle,Doug McWhorter,Broadneck,2008,48.75,Male,Swimming,4A-3A,
100 Yard Freestyle,Wade Boarman,Kent Island,2008,48.57,Male,Swimming,3A-2A-1A,
100 Yard Freestyle,Doug McWhorter,Broadneck,2009,48.13,Male,Swimming,4A-3A,
100 Yard Freestyle,Wade Boarman,Kent Island,2009,47.35,Male,Swimming,3A-2A-1A,
100 Yard Freestyle,Willie Sasse,Thomas Johnson,2010,49.02,Male,Swimming,4A-3A,
100 Yard Freestyle,Will Parker,Frederick,2010,49.26,Male,Swimming,3A-2A-1A,
100 Yard Freestyle,Trevor Doll,Old Mill,2011,48.74,Male,Swimming,4A-3A,
100 Yard Freestyle,Jake Blazer,Stephen Decatur,2011,50.95,Male,Swimming,3A-2A-1A,
100 Yard Freestyle,Barry Mangold,Walter Johnson,2012,47.36,Male,Swimming,4A-3A,
100 Yard Freestyle,Xavier Laracuente,Poolesville,2012,48.85,Male,Swimming,3A-2A-1A,
100 Yard Freestyle,Barry Mangold,Walter Johnson,2013,47.73,Male,Swimming,4A-3A,
100 Yard Freestyle,Xavier Laracuente,Poolesville,2013,48.56,Male,Swimming,3A-2A-1A,
100 Yard Freestyle,Jean-Marc Nugent,Walter Johnson,2014,46.99,Male,Swimming,4A-3A,
100 Yard Freestyle,Xavier Laracuente,Poolesville,2014,47.59,Male,Swimming,3A-2A-1A,
100 Yard Freestyle,Mike Sullivan / Brandon Cu,Walt Whitman / Gaithersburg,2015,47.28,Male,Swimming,4A-3A,
100 Yard Freestyle,Griffin Alaniz,Rockville,2015,47.27,Male,Swimming,3A-2A-1A,
100 Yard Freestyle,Brandon Cu,Gaithersburg,2016,47.36,Male,Swimming,4A-3A,
100 Yard Freestyle,Griffin Alaniz,Rockville,2016,46.45,Male,Swimming,3A-2A-1A,
100 Yard Freestyle,Brandon Cu,Gaithersburg,2017,46.71,Male,Swimming,4A-3A,
100 Yard Freestyle,Theodore Jagodits,Poolesville,2017,47.37,Male,Swimming,3A-2A-1A,
100 Yard Freestyle,Ryan Baldino,C. Milton Wright,2018,46.77,Male,Swimming,4A-3A,
100 Yard Freestyle,Tucker Young,Harford Technical,2018,46.87,Male,Swimming,3A-2A-1A,
100 Yard Freestyle,Steven Mendley,Winston Churchill,2019,46.29,Male,Swimming,4A-3A,
100 Yard Freestyle,Alan Nguyen,Patterson Mill,2019,47.92,Male,Swimming,3A-2A-1A,
100 Yard Freestyle,Alec Cooper,Walt Whitman,2020,46.35,Male,Swimming,4A-3A,
100 Yard Freestyle,Conor Vienneau,La Plata,2020,47.51,Male,Swimming,3A-2A-1A,
100 Yard Freestyle,Everett Oehler,Richard Montgomery,2022,45.4,Male,Swimming,4A-3A,
100 Yard Freestyle,Taj Benton,Baltimore City College,2022,45.76,Male,Swimming,3A-2A-1A,
100 Yard Freestyle,Kyle Wang,Winston Churchill,2023,45.6,Male,Swimming,4A-3A,
100 Yard Freestyle,Gavin Abelende,La Plata,2023,45.74,Male,Swimming,3A-2A-1A,
100 Yard Freestyle,Kyle Wang,Winston Churchill,2024,45.61,Male,Swimming,4A-3A,
100 Yard Freestyle,Gavin Abelende,La Plata,2024,46.04,Male,Swimming,3A-2A-1A,
500 Yard Freestyle,Justin Vagts,South River,2007,04:43.1,Male,Swimming,4A-3A,
500 Yard Freestyle,Adam Diehl,Tuscarora,2007,05:11.2,Male,Swimming,3A-2A-1A,
500 Yard Freestyle,Justin Vagts,South River,2008,04:43.8,Male,Swimming,4A-3A,
500 Yard Freestyle,Jack Gottschalk,Fallston,2008,04:58.0,Male,Swimming,3A-2A-1A,
500 Yard Freestyle,Justin Vagts,South River,2009,04:50.5,Male,Swimming,4A-3A,
500 Yard Freestyle,Dylan Davis,Annapolis,2009,04:55.6,Male,Swimming,3A-2A-1A,
500 Yard Freestyle,Taylor Smith,Broadneck,2010,04:54.1,Male,Swimming,4A-3A,
500 Yard Freestyle,Sam Ciocco,Walkersville,2010,04:59.5,Male,Swimming,3A-2A-1A,
500 Yard Freestyle,Mitchell Reynolds,Frederick,2011,05:05.4,Male,Swimming,3A-2A-1A,
500 Yard Freestyle,Garrett Powell,Walter Johnson,2012,04:27.8,Male,Swimming,4A-3A,
500 Yard Freestyle,Mitchell Reynolds,Frederick,2012,04:54.8,Male,Swimming,3A-2A-1A,
500 Yard Freestyle,Ben Lawless,Northern-Calvert,2013,04:30.5,Male,Swimming,4A-3A,
500 Yard Freestyle,Mitchell Reynolds,Frederick,2013,04:56.2,Male,Swimming,3A-2A-1A,
500 Yard Freestyle,Brian Tsau,Montgomery Blair,2014,04:32.7,Male,Swimming,4A-3A,
500 Yard Freestyle,Ben Lawless,Northern-Calvert,2014,04:26.2,Male,Swimming,3A-2A-1A,
500 Yard Freestyle,Brian Tsau,Montgomery Blair,2015,04:35.0,Male,Swimming,4A-3A,
500 Yard Freestyle,Kevin Lin,Urbana,2015,04:50.4,Male,Swimming,3A-2A-1A,
500 Yard Freestyle,Matt Kenney,James Hubert Blake,2016,04:41.2,Male,Swimming,4A-3A,
500 Yard Freestyle,Nathan Watts,Rockville,2016,04:47.7,Male,Swimming,3A-2A-1A,
500 Yard Freestyle,Alex Li,Thomas Wootton,2017,04:37.4,Male,Swimming,4A-3A,
500 Yard Freestyle,Nathan Watts,Rockville,2017,04:45.5,Male,Swimming,3A-2A-1A,
500 Yard Freestyle,Nathan Watts,Rockville,2018,04:37.7,Male,Swimming,4A-3A,
500 Yard Freestyle,Kenny Song,Poolesville,2018,04:54.0,Male,Swimming,3A-2A-1A,
500 Yard Freestyle,Connor Din,Richard Montgomery,2019,04:37.3,Male,Swimming,4A-3A,
500 Yard Freestyle,Cody Kim,Damascus,2019,04:38.0,Male,Swimming,3A-2A-1A,
500 Yard Freestyle,Ziad Bandak,Winston Churchill,2020,04:34.3,Male,Swimming,4A-3A,
500 Yard Freestyle,Sean Davis,Rockville,2020,04:41.0,Male,Swimming,3A-2A-1A,
500 Yard Freestyle,Brady Begin,Winston Churchill,2022,04:33.4,Male,Swimming,4A-3A,
500 Yard Freestyle,Theodore Ament,Rockville,2022,04:35.6,Male,Swimming,3A-2A-1A,
500 Yard Freestyle,Brady Begin,Winston Churchill,2023,04:27.9,Male,Swimming,4A-3A,
500 Yard Freestyle,Toby Barnett,Rockville,2023,04:24.1,Male,Swimming,3A-2A-1A,
500 Yard Freestyle,Evan Mackesy,Col. Zadok Magruder,2024,04:29.0,Male,Swimming,4A-3A,
500 Yard Freestyle,Brig Barnett,Rockville,2024,04:37.2,Male,Swimming,3A-2A-1A,
200 Yard Freestyle Relay,South River,4A-3A,2007,01:34.2,Male,Swimming,4A-3A,
200 Yard Freestyle Relay,Northern-Cal,3A-2A-1A,2007,01:35.9,Male,Swimming,3A-2A-1A,
200 Yard Freestyle Relay,Huntingtown,4A-3A,2008,01:34.3,Male,Swimming,4A-3A,
200 Yard Freestyle Relay,Middletown,3A-2A-1A,2008,01:35.7,Male,Swimming,3A-2A-1A,
200 Yard Freestyle Relay,Huntingtown,4A-3A,2009,01:33.4,Male,Swimming,4A-3A,
200 Yard Freestyle Relay,Northern-Cal,3A-2A-1A,2009,01:33.7,Male,Swimming,3A-2A-1A,
200 Yard Freestyle Relay,South River,4A-3A,2010,01:33.7,Male,Swimming,4A-3A,
200 Yard Freestyle Relay,Frederick,3A-2A-1A,2010,01:32.2,Male,Swimming,3A-2A-1A,
200 Yard Freestyle Relay,Thomas Johnson,4A-3A,2011,01:32.0,Male,Swimming,4A-3A,
200 Yard Freestyle Relay,Havre de Grace,3A-2A-1A,2011,01:35.9,Male,Swimming,3A-2A-1A,
200 Yard Freestyle Relay,Winston Churchill,4A-3A,2012,01:28.3,Male,Swimming,4A-3A,
200 Yard Freestyle Relay,Middletown,3A-2A-1A,2012,01:32.9,Male,Swimming,3A-2A-1A,
200 Yard Freestyle Relay,Winston Churchill,4A-3A,2013,01:27.5,Male,Swimming,4A-3A,
200 Yard Freestyle Relay,Poolesville,3A-2A-1A,2013,01:32.2,Male,Swimming,3A-2A-1A,
200 Yard Freestyle Relay,Richard Montgomery,4A-3A,2014,01:28.6,Male,Swimming,4A-3A,
200 Yard Freestyle Relay,Poolesville,3A-2A-1A,2014,01:29.1,Male,Swimming,3A-2A-1A,
200 Yard Freestyle Relay,Walter Johnson,4A-3A,2015,01:30.6,Male,Swimming,4A-3A,
200 Yard Freestyle Relay,Poolesville,3A-2A-1A,2015,01:32.4,Male,Swimming,3A-2A-1A,
200 Yard Freestyle Relay,Richard Montgomery,4A-3A,2016,01:26.9,Male,Swimming,4A-3A,
200 Yard Freestyle Relay,Poolesville,3A-2A-1A,2016,01:29.5,Male,Swimming,3A-2A-1A,
200 Yard Freestyle Relay,Richard Montgomery,4A-3A,2017,01:26.5,Male,Swimming,4A-3A,
200 Yard Freestyle Relay,Poolesville,3A-2A-1A,2017,01:28.2,Male,Swimming,3A-2A-1A,
200 Yard Freestyle Relay,Walt Whitman,4A-3A,2018,01:26.8,Male,Swimming,4A-3A,
200 Yard Freestyle Relay,Poolesville,3A-2A-1A,2018,01:30.0,Male,Swimming,3A-2A-1A,
200 Yard Freestyle Relay,Walter Johnson,4A-3A,2019,01:26.4,Male,Swimming,4A-3A,
200 Yard Freestyle Relay,Patterson Mill,3A-2A-1A,2019,01:30.5,Male,Swimming,3A-2A-1A,
200 Yard Freestyle Relay,Walt Whitman,4A-3A,2020,01:23.4,Male,Swimming,4A-3A,
200 Yard Freestyle Relay,Poolesville,3A-2A-1A,2020,01:29.4,Male,Swimming,3A-2A-1A,
200 Yard Freestyle Relay,Thomas S. Wootton,4A-3A,2022,01:25.3,Male,Swimming,4A-3A,
200 Yard Freestyle Relay,Poolesville,3A-2A-1A,2022,01:29.7,Male,Swimming,3A-2A-1A,
200 Yard Freestyle Relay,Walt Whitman,4A-3A,2023,01:26.3,Male,Swimming,4A-3A,
200 Yard Freestyle Relay,Rockville,3A-2A-1A,2023,01:29.8,Male,Swimming,3A-2A-1A,
200 Yard Freestyle Relay,Winston Churchill,4A-3A,2024,01:22.8,Male,Swimming,4A-3A,
200 Yard Freestyle Relay,La Plata,3A-2A-1A,2024,01:27.8,Male,Swimming,3A-2A-1A,
100 Yard Backstroke,Tyler Henderson,Thomas Johnson,2007,56.35,Male,Swimming,4A-3A,
100 Yard Backstroke,Jeff Riley,Havre de Grace,2007,55.99,Male,Swimming,3A-2A-1A,
100 Yard Backstroke,Thomas Morgan,Huntingtown,2008,55.05,Male,Swimming,4A-3A,
100 Yard Backstroke,Charlie Melesh,Annapolis,2008,54.92,Male,Swimming,3A-2A-1A,
100 Yard Backstroke,Thomas Morgan,Huntingtown,2009,55.22,Male,Swimming,4A-3A,
100 Yard Backstroke,Dylan Davis,Annapolis,2009,54.23,Male,Swimming,3A-2A-1A,
100 Yard Backstroke,Dylan Davis,Annapolis,2010,53.9,Male,Swimming,4A-3A,
100 Yard Backstroke,Austin Appel,Fallston,2010,57.63,Male,Swimming,3A-2A-1A,
100 Yard Backstroke,Dylan Davis,Annapolis,2011,53.81,Male,Swimming,4A-3A,
100 Yard Backstroke,Brandon Carestia,Harford Technical,2011,55.63,Male,Swimming,3A-2A-1A,
100 Yard Backstroke,Garrett Powell,Walter Johnson,2012,51.79,Male,Swimming,4A-3A,
100 Yard Backstroke,Brandon Carestia,Harford Technical,2012,53.98,Male,Swimming,3A-2A-1A,
100 Yard Backstroke,Jack Foster,Montgomery Blair,2013,53.27,Male,Swimming,4A-3A,
100 Yard Backstroke,Chris Kahl,Patuxent,2013,54.57,Male,Swimming,3A-2A-1A,
100 Yard Backstroke,Andrew Gibson,Thomas Wootton,2014,52.94,Male,Swimming,4A-3A,
100 Yard Backstroke,Griffin Alaniz,Rockville,2014,52.73,Male,Swimming,3A-2A-1A,
100 Yard Backstroke,Nozomi Horikawa,Walter Johnson,2015,53.6,Male,Swimming,4A-3A,
100 Yard Backstroke,Griffin Alaniz,Rockville,2015,51.82,Male,Swimming,3A-2A-1A,
100 Yard Backstroke,Nozomi Horikawa,Walter Johnson,2016,51.82,Male,Swimming,4A-3A,
100 Yard Backstroke,Griffin Alaniz,Rockville,2016,51.12,Male,Swimming,3A-2A-1A,
100 Yard Backstroke,Jack Rose,Richard Montgomery,2017,51.41,Male,Swimming,4A-3A,
100 Yard Backstroke,Remington Oland,Catoctin,2017,50.42,Male,Swimming,3A-2A-1A,
100 Yard Backstroke,Jack Rose,Richard Montgomery,2018,50.92,Male,Swimming,4A-3A,
100 Yard Backstroke,Mason Young,Harford Technical,2018,50.1,Male,Swimming,3A-2A-1A,
100 Yard Backstroke,Noah Rutberg,Winston Churchill,2019,50.03,Male,Swimming,4A-3A,
100 Yard Backstroke,Mason Young,Harford Technical,2019,51.07,Male,Swimming,3A-2A-1A,
100 Yard Backstroke,Noah Rutberg,Winston Churchill,2020,49.36,Male,Swimming,4A-3A,
100 Yard Backstroke,Ben Voelker,Calvert,2020,53.58,Male,Swimming,3A-2A-1A,
100 Yard Backstroke,Liam McDonough,Montgomery Blair,2022,50.09,Male,Swimming,4A-3A,
100 Yard Backstroke,Kade Snyder,Patterson Mill,2022,50.98,Male,Swimming,3A-2A-1A,
100 Yard Backstroke,Blake Conway,Walt Whitman,2023,48.36,Male,Swimming,4A-3A,
100 Yard Backstroke,Kade Snyder,Patterson Mill,2023,48.84,Male,Swimming,3A-2A-1A,
100 Yard Backstroke,Nasim Elkassem,Winston Churchill,2024,49.31,Male,Swimming,4A-3A,
100 Yard Backstroke,Kade Snyder,Patterson Mill,2024,48.58,Male,Swimming,3A-2A-1A,
100 Yard Breaststroke,William Webber,Thomas Stone,2007,01:01.0,Male,Swimming,4A-3A,
100 Yard Breaststroke,Andrew Seebode,Easton,2007,01:02.8,Male,Swimming,3A-2A-1A,
100 Yard Breaststroke,James Lilly,Bowie,2008,01:01.8,Male,Swimming,4A-3A,
100 Yard Breaststroke,Kevin Neitzey,Patuxent,2008,01:06.2,Male,Swimming,3A-2A-1A,
100 Yard Breaststroke,Taylor Smith,Broadneck,2009,01:03.2,Male,Swimming,4A-3A,
100 Yard Breaststroke,Jake Steppe,Queen Anne‚Äôs,2009,01:04.7,Male,Swimming,3A-2A-1A,
100 Yard Breaststroke,Willie Sasse,Thomas Johnson,2010,01:02.5,Male,Swimming,4A-3A,
100 Yard Breaststroke,Kent Southern,Walkersville,2010,01:04.0,Male,Swimming,3A-2A-1A,
100 Yard Breaststroke,Michael Seaberg,South River,2011,58.91,Male,Swimming,4A-3A,
100 Yard Breaststroke,Gus Paras,Henry E. Lackey,2011,01:04.5,Male,Swimming,3A-2A-1A,
100 Yard Breaststroke,Austin Dickey,Thomas Wootton,2012,57.77,Male,Swimming,4A-3A,
100 Yard Breaststroke,Kyle Paxton,C. Milton Wright,2012,01:01.2,Male,Swimming,3A-2A-1A,
100 Yard Breaststroke,Austin Dickey,Thomas Wootton,2013,57.28,Male,Swimming,4A-3A,
100 Yard Breaststroke,Nolan McMahon,Cambridge/S. Dorchester,2013,01:01.1,Male,Swimming,3A-2A-1A,
100 Yard Breaststroke,Harrison Gu,Winston Churchill,2014,58.24,Male,Swimming,4A-3A,
100 Yard Breaststroke,Ryan O‚ÄôLeary,Damascus,2014,01:00.1,Male,Swimming,3A-2A-1A,
100 Yard Breaststroke,Alex Vissering,Walt Whitman,2015,58.87,Male,Swimming,4A-3A,
100 Yard Breaststroke,Ryan O‚ÄôLeary,Damascus,2015,01:00.4,Male,Swimming,3A-2A-1A,
100 Yard Breaststroke,Eli Fouts,Quince Orchard,2016,56.05,Male,Swimming,4A-3A,
100 Yard Breaststroke,Ryan O‚ÄôLeary,Damascus,2016,57.65,Male,Swimming,3A-2A-1A,
100 Yard Breaststroke,Eli Fouts,Quince Orchard,2017,55.25,Male,Swimming,4A-3A,
100 Yard Breaststroke,Kai Vilbig,Seneca Valley,2017,58.63,Male,Swimming,3A-2A-1A,
100 Yard Breaststroke,Eli Fouts,Quince Orchard,2018,54.31,Male,Swimming,4A-3A,
100 Yard Breaststroke,Kai Vilbig,Seneca Valley,2018,57.67,Male,Swimming,3A-2A-1A,
100 Yard Breaststroke,Timmy Ellett,Walter Johnson,2019,56.37,Male,Swimming,4A-3A,
100 Yard Breaststroke,A.J. Navaleza,Damascus,2019,59.31,Male,Swimming,3A-2A-1A,
100 Yard Breaststroke,Ben Long Zuo,Winston Churchill,2020,57.07,Male,Swimming,4A-3A,
100 Yard Breaststroke,A.J. Navaleza,Damascus,2020,57.19,Male,Swimming,3A-2A-1A,
100 Yard Breaststroke,Jed Garner,Clarksburg,2022,55.49,Male,Swimming,4A-3A,
100 Yard Breaststroke,Toby Barnett,Rockville,2022,55.09,Male,Swimming,3A-2A-1A,
100 Yard Breaststroke,Jed Garner,Clarksburg,2023,54.62,Male,Swimming,4A-3A,
100 Yard Breaststroke,Toby Barnett,Rockville,2023,54.61,Male,Swimming,3A-2A-1A,
100 Yard Breaststroke,Brian Wilbur,Sherwood,2024,55.45,Male,Swimming,4A-3A,
100 Yard Breaststroke,Linus Ament,Rockville,2024,58.83,Male,Swimming,3A-2A-1A,
400 Yard Freestyle Relay,Fallston,4A-3A,2007,03:23.7,Male,Swimming,4A-3A,
400 Yard Freestyle Relay,Middletown,3A-2A-1A,2007,03:30.4,Male,Swimming,3A-2A-1A,
400 Yard Freestyle Relay,Broadneck,4A-3A,2008,03:26.1,Male,Swimming,4A-3A,
400 Yard Freestyle Relay,Fallston,3A-2A-1A,2008,03:27.5,Male,Swimming,3A-2A-1A,
400 Yard Freestyle Relay,Broadneck,4A-3A,2009,03:23.7,Male,Swimming,4A-3A,
400 Yard Freestyle Relay,Fallston,3A-2A-1A,2009,03:28.7,Male,Swimming,3A-2A-1A,
400 Yard Freestyle Relay,Gov. Thomas Johnson,4A-3A,2010,03:27.4,Male,Swimming,4A-3A,
400 Yard Freestyle Relay,North Harford,3A-2A-1A,2010,03:28.3,Male,Swimming,3A-2A-1A,
400 Yard Freestyle Relay,Severna Park,4A-3A,2011,03:23.2,Male,Swimming,4A-3A,
400 Yard Freestyle Relay,Stephen Decatur,3A-2A-1A,2011,03:29.7,Male,Swimming,3A-2A-1A,
400 Yard Freestyle Relay,Walter Johnson,4A-3A,2012,03:12.2,Male,Swimming,4A-3A,
400 Yard Freestyle Relay,Poolesville,3A-2A-1A,2012,03:24.1,Male,Swimming,3A-2A-1A,
400 Yard Freestyle Relay,Winston Churchill,4A-3A,2013,03:13.9,Male,Swimming,4A-3A,
400 Yard Freestyle Relay,Poolesville,3A-2A-1A,2013,03:21.8,Male,Swimming,3A-2A-1A,
400 Yard Freestyle Relay,Walt Whitman,4A-3A,2014,03:13.1,Male,Swimming,4A-3A,
400 Yard Freestyle Relay,Poolesville,3A-2A-1A,2014,03:19.3,Male,Swimming,3A-2A-1A,
400 Yard Freestyle Relay,Montgomery Blair,4A-3A,2015,03:14.7,Male,Swimming,4A-3A,
400 Yard Freestyle Relay,Damascus,3A-2A-1A,2015,03:27.8,Male,Swimming,3A-2A-1A,
400 Yard Freestyle Relay,Bethesda-Chevy Chase,4A-3A,2016,03:13.0,Male,Swimming,4A-3A,
400 Yard Freestyle Relay,Rockville,3A-2A-1A,2016,03:18.4,Male,Swimming,3A-2A-1A,
400 Yard Freestyle Relay,Winston Churchill,4A-3A,2017,03:10.3,Male,Swimming,4A-3A,
400 Yard Freestyle Relay,Middletown,3A-2A-1A,2017,03:16.0,Male,Swimming,3A-2A-1A,
400 Yard Freestyle Relay,Richard Montgomery,4A-3A,2018,03:10.3,Male,Swimming,4A-3A,
400 Yard Freestyle Relay,Patterson Mill,3A-2A-1A,2018,03:20.7,Male,Swimming,3A-2A-1A,
400 Yard Freestyle Relay,Winston Churchill,4A-3A,2019,03:09.3,Male,Swimming,4A-3A,
400 Yard Freestyle Relay,Patterson Mill,3A-2A-1A,2019,03:17.0,Male,Swimming,3A-2A-1A,
400 Yard Freestyle Relay,Walt Whitman,4A-3A,2020,03:06.2,Male,Swimming,4A-3A,
400 Yard Freestyle Relay,Poolesville,3A-2A-1A,2020,03:14.3,Male,Swimming,3A-2A-1A,
400 Yard Freestyle Relay,Winston Churchill,4A-3A,2022,03:04.6,Male,Swimming,4A-3A,
400 Yard Freestyle Relay,Poolesville,3A-2A-1A,2022,03:12.2,Male,Swimming,3A-2A-1A,
400 Yard Freestyle Relay,Winston Churchill,4A-3A,2023,03:03.4,Male,Swimming,4A-3A,
400 Yard Freestyle Relay,Rockville,3A-2A-1A,2023,03:14.3,Male,Swimming,3A-2A-1A,
400 Yard Freestyle Relay,Winston Churchill,4A-3A,2024,03:02.0,Male,Swimming,4A-3A,
400 Yard Freestyle Relay,Poolesville,3A-2A-1A,2024,03:14.8,Male,Swimming,3A-2A-1A,
Diving,Timothy Faerber,Winston Churchill,2012,533.1,Male,Swimming,4A-3A-2A-1A,
Diving,T. J. Shinholser,Paint Branch,2013,468.35,Male,Swimming,4A-3A-2A-1A,
Diving,Jack Crow,Bethesda-Chevy Chase,2014,493.7,Male,Swimming,4A-3A-2A-1A,
Diving,Jack Crow,Bethesda-Chevy Chase,2015,508.7,Male,Swimming,4A-3A-2A-1A,
Diving,Mory Gould,Winston Churchill,2016,514.05,Male,Swimming,4A-3A-2A-1A,
Diving,Mory Gould,Winston Churchill,2017,474.55,Male,Swimming,4A-3A-2A-1A,
Diving,Colin Graves,Sherwood,2018,429.85,Male,Swimming,4A-3A-2A-1A,
Diving,Maxwell Weinrich,Sherwood,2019,490.15,Male,Swimming,4A-3A-2A-1A,
Diving,Michael Parker,Sherwood,2020,494.65,Male,Swimming,4A-3A-2A-1A,
Diving,Maxwell Weinrich,Sherwood,2022,579.65,Male,Swimming,4A-3A-2A-1A,
Diving,Aidan Wang,Thomas S. Wootton,2023,564.8,Male,Swimming,4A-3A-2A-1A,
Diving,Tyler O'Donoghue,Walt Whitman,2024,488.2,Male,Swimming,4A-3A-2A-1A,
