distance,year,class,name,school,time,Gender,Sport 
2.5 MILES—USNA,1975,,Mary Walsh,Northwood,15:07.0,Girls,Cross Country
2.0 MILES—USNA,1976,AA,Debbie Pavick,Dulaney,12:36.2,Girls,Cross Country
2.0 MILES—USNA,1976,ABC,Mary Walsh,Northwood,12:01.3,Girls,Cross Country
2.0 MILES—USNA,1977,AA,Jill Haworth,Bowie,11:20.0,Girls,Cross Country
2.0 MILES—USNA,1977,ABC,Jeannette Simms,Smithsburg,11:52.0,Girls,Cross Country
2.0 MILES—UMBC,1978,AA,Jill Haworth,Bowie,11:26.3,Girls,Cross Country
2.0 MILES—UMBC,1978,A,Jill Cotton,E. Roosevelt,11:43.7,Girls,Cross Country
2.0 MILES—UMBC,1978,B,Colleen Desmond,Damascus,11:59.7,Girls,Cross Country
2.0 MILES—UMBC,1978,C,Jeannette Simms,Smithsburg,11:54.5,Girls,Cross Country
2.0 MILES—UMBC,1979,AA,Karin Wagner,Lansdowne,12:20.0,Girls,Cross Country
2.0 MILES—UMBC,1979,A,Mary Cassidy,Gaithersburg,12:21.7,Girls,Cross Country
2.0 MILES—UMBC,1979,B,Debbie Paladino,Centennial,12:39.4,Girls,Cross Country
2.0 MILES—UMBC,1979,C,Shelly Smith,Williamsport,13:06.8,Girls,Cross Country
2.0 MILES—Hereford,1980,AA,Kris Kavetski,Bowie,12:13.6,Girls,Cross Country
2.0 MILES—Hereford,1980,A,Sue Kinnecome,Northwood,12:23.8,Girls,Cross Country
2.0 MILES—Hereford,1980,B,Alyssa Terry,Wilde Lake,12:14.6,Girls,Cross Country
2.0 MILES—Hereford,1980,C,Shelly Smith,Williamsport,12:59.3,Girls,Cross Country
2.0 MILES—Hereford,1981,AA,Kris Kavetski,Bowie,12:15.3,Girls,Cross Country
2.0 MILES—Hereford,1981,A,Meagen Jensen,Towson,12:54.8,Girls,Cross Country
2.0 MILES—Hereford,1981,B,Tammy Walder,Hereford,12:13.4,Girls,Cross Country
2.0 MILES—Hereford,1981,C,Yvette Lemkuhl,Boonsboro,13:14.0,Girls,Cross Country
2.5 MILES—Hereford,1982,AA,Betsy Schmid,Springbrook,15:20.0,Girls,Cross Country
2.5 MILES—Hereford,1982,A,Beth Jacobson,Kennedy,15:19.0,Girls,Cross Country
2.5 MILES—Hereford,1982,B,Cindy Kearns,Woodward,14:59.0,Girls,Cross Country
2.5 MILES—Hereford,1982,C,Yvette Lemkuhl,Boonsboro,15:52.0,Girls,Cross Country
3.0 MILES—Western Maryland College,1992,4A,Amanda White,Dulaney,17:18.3,Girls,Cross Country
3.0 MILES—Western Maryland College,1992,3A,Sally Glynn,Walter Johnson,18:37.7,Girls,Cross Country
3.0 MILES—Western Maryland College,1992,2A,Alicia Adams,Glenelg,19:36.7,Girls,Cross Country
3.0 MILES—Western Maryland College,1992,1A,Adrian Unger,Brunswick,19:10.5,Girls,Cross Country
3.0 MILES—Hereford,1993,4A,Kristen Nicolini,Annapolis,18:26.2,Girls,Cross Country
3.0 MILES—Hereford,1993,3A,Sally Glynn,Walter Johnson,17:24.0,Girls,Cross Country
3.0 MILES—Hereford,1993,2A,Bridget Olp,Catonsville,18:54.3,Girls,Cross Country
3.0 MILES—Hereford,1993,1A,Adrian Unger,Brunswick,19:26.3,Girls,Cross Country
3.1 MILES—Hereford,1994,4A,Krissy Jost,Perry Hall,20:18,Girls,Cross Country
3.1 MILES—Hereford,1994,3A,Sally Glynn,Walter Johnson,19:00,Girls,Cross Country
3.1 MILES—Hereford,1994,2A,Dana Strickland,Atholton,21:49,Girls,Cross Country
3.1 MILES—Hereford,1994,1A,Adrian Unger,Brunswick,21:35,Girls,Cross Country
3.0 MILES—Hereford,1995,4A,Sarah Wassner,Watkins Mill,20:02,Girls,Cross Country
3.0 MILES—Hereford,1995,3A,Sally Glynn,Walter Johnson,19:29,Girls,Cross Country
3.0 MILES—Hereford,1995,2A,Kristen Ritter,Linganore,19:50,Girls,Cross Country
3.0 MILES—Hereford,1995,1A,Elizabeth Lowrie,Urbana,20:09,Girls,Cross Country
3.0 MILES—Hereford,1996,4A,Katy Orifici,Springbrook,20:36,Girls,Cross Country
3.0 MILES—Hereford,1996,3A,Jennifer Ford,Thos. Johnson,19:54,Girls,Cross Country
3.0 MILES—Hereford,1996,2A,Martha Nelson,B-CC,20:12,Girls,Cross Country
3.0 MILES—Hereford,1996,1A,Elizabeth Lowrie,Urbana,20:24,Girls,Cross Country
3.0 MILES—Hereford,1997,4A,Claudin Hull,Quince Orchard,20:22,Girls,Cross Country
3.0 MILES—Hereford,1997,3A,Kelly Coogan,C. M. Wright,19:18,Girls,Cross Country
3.0 MILES—Hereford,1997,2A,Randy Buzzell,Middletown,19:36,Girls,Cross Country
3.0 MILES—Hereford,1997,1A,Kjetil Lowe,Poolesville,20:33,Girls,Cross Country
3.0 MILES—Hereford,1998,4A,Claudin Hull,Quince Orchard,19:45,Girls,Cross Country
3.0 MILES—Hereford,1998,3A,Colleen Lawson,North Carroll,19:58,Girls,Cross Country
3.0 MILES—Hereford,1998,2A,Kari McCarty,N. Hagerstown,19:49,Girls,Cross Country
3.0 MILES—Hereford,1998,1A,Erin Davis,Allegany,20:59,Girls,Cross Country
3.0 MILES—Hereford,1999,4A,Tenke Zoltani,Dulaney,19:05,Girls,Cross Country
3.0 MILES—Hereford,1999,3A,Colleen Lawson,North Carroll,19:38,Girls,Cross Country
3.0 MILES—Hereford,1999,2A,Emily Buzzell,Middletown,18:58,Girls,Cross Country
3.0 MILES—Hereford,1999,1A,Nori Sams,Allegany,20:49,Girls,Cross Country
3.0 MILES—Hereford,2000,4A,Karen Pulliam,Quince Orchard,18:52,Girls,Cross Country
3.0 MILES—Hereford,2000,3A,Lee McDuff,River Hill,20:00,Girls,Cross Country
3.0 MILES—Hereford,2000,2A,Cori Koch,Towson,19:28,Girls,Cross Country
3.0 MILES—Hereford,2000,1A,Carrie Selmer,Glenelg,20:49,Girls,Cross Country
3.0 MILES—Hereford,2001,4A,Karen Pulliam,Quince Orchard,19:27,Girls,Cross Country
3.0 MILES—Hereford,2001,3A,Ashley St. Denis,Walter Johnson,19:27,Girls,Cross Country
3.0 MILES—Hereford,2001,2A,Cori Koch,Towson,19:45,Girls,Cross Country
3.0 MILES—Hereford,2001,1A,Jennifer Patton,Westmar,20:21,Girls,Cross Country
3.0 MILES—Hereford,2002,4A,Lauren Centrowitz,Broadneck,19:10,Girls,Cross Country
3.0 MILES—Hereford,2002,3A,Ashley St. Denis,Walter Johnson,20:04,Girls,Cross Country
3.0 MILES—Hereford,2002,2A,Beth Catherwood,Bethesda-CC,19:59,Girls,Cross Country
3.0 MILES—Hereford,2002,1A,Rachel Armstrong,Beall,20:04,Girls,Cross Country
2.0 MILES—Hereford,1983,AA,Tammy Devore,Churchill,14:46.0,Girls,Cross Country
2.0 MILES—Hereford,1983,A,Beth Jacobson,Kennedy,15:04.0,Girls,Cross Country
2.0 MILES—Hereford,1983,B,Zenny Koehler,Aberdeen,15:24.0,Girls,Cross Country
2.0 MILES—Hereford,1983,C,Jennifer Amyx,Walkersville,15:39.0,Girls,Cross Country
2.0 MILES—Hereford,1984,AA,Ann Hoefler,Springbrook,14:29.0,Girls,Cross Country
2.0 MILES—Hereford,1984,A,Beth Jacobson,Kennedy,14:43.0,Girls,Cross Country
2.0 MILES—Hereford,1984,B,Kathy Beresh,North Harford,15:24.0,Girls,Cross Country
2.0 MILES—Hereford,1984,C,Sharon Webb,Smithsburg,15:43.0,Girls,Cross Country
2.0 MILES—Hereford,1985,AA,Robin Quinlan,Bowie,15:42.0,Girls,Cross Country
2.0 MILES—Hereford,1985,A,Kim Brackeen,Douglass,15:44.0,Girls,Cross Country
2.0 MILES—Hereford,1985,B,Kathy Beresh,North Harford,15:52.0,Girls,Cross Country
2.0 MILES—Hereford,1985,C,Sharon Webb,Smithsburg,16:35.0,Girls,Cross Country
2.0 MILES—Hereford,1986,AA,Virginia Mattingly,Whitman,16:05.0,Girls,Cross Country
2.0 MILES—Hereford,1986,A,Latashia Key,N. Hagerstown,16:37.0,Girls,Cross Country
2.0 MILES—Hereford,1986,B-C,Mary Leffel,Hereford,15:45.0,Girls,Cross Country
3.0 MILES—Hereford,1987,AA,Robin Quinlan,Bowie,18:32.0,Girls,Cross Country
3.0 MILES—Hereford,1987,A,Jenny Athey,Laurel,19:18.0,Girls,Cross Country
3.0 MILES—Hereford,1987,B-C,Steffi Rausch,Howard,19:06.0,Girls,Cross Country
3.0 MILES—Hereford,1988,4A,Kim Many,Kennedy,18:25.0,Girls,Cross Country
3.0 MILES—Hereford,1988,3A,Vikki Bernhardt,Loch Raven,19:25.0,Girls,Cross Country
3.0 MILES—Hereford,1988,2A-1A,Jenny Howard,Fallston,19:17.0,Girls,Cross Country
3.0 MILES—Hereford,1989,4A,Laura Herath,Severna Park,19:31.0,Girls,Cross Country
3.0 MILES—Hereford,1989,3A,Amanda Cox,Centennial,20:15.0,Girls,Cross Country
3.0 MILES—Hereford,1989,2A,Jenny Howard,Fallston,18:55.0,Girls,Cross Country
3.0 MILES—Hereford,1989,1A,Lora Price,Brunswick,20:11.0,Girls,Cross Country
3.0 MILES—Hereford,1990,4A,Amanda White,Dulaney,18:43.0,Girls,Cross Country
3.0 MILES—Hereford,1990,3A,Amanda Cox,Centennial,21:46.0,Girls,Cross Country
3.0 MILES—Hereford,1990,2A,Jenny Howard,Fallston,19:40.0,Girls,Cross Country
3.0 MILES—Hereford,1990,1A,Jackie Semler,Boonsboro,21:08.0,Girls,Cross Country
3.0 MILES—Western Maryland College,1991,4A,Amanda White,Dulaney,17:25.3,Girls,Cross Country
3.0 MILES—Western Maryland College,1991,3A,Tonya Watson,Kennedy,19:20.5,Girls,Cross Country
3.0 MILES—Western Maryland College,1991,2A,Michelle Barrett,Allegany,18:39.1,Girls,Cross Country
3.0 MILES—Western Maryland College,1991,1A,Adrian Unger,Brunswick,19:06.9,Girls,Cross Country
3.0 MILES—Hereford,2003,4A,Lauren Centrowitz,Broadneck,19:02,Girls,Cross Country
3.0 MILES—Hereford,2003,3A,Alison Barnes,C. M. Wright,19:47,Girls,Cross Country
3.0 MILES—Hereford,2003,2A,Jesica Hanlin,North Hagerstown,20:22,Girls,Cross Country
3.0 MILES—Hereford,2003,1A,Ashley Lockard,Clear Spring,20:03,Girls,Cross Country
3.0 MILES—Hereford,2004,4A,Halsey Sinclair,Montgomery Blair,19:52,Girls,Cross Country
3.0 MILES—Hereford,2004,3A,Amy Watson,North Carroll,20:15,Girls,Cross Country
3.0 MILES—Hereford,2004,2A,Allison Smith,Atholton,19:38,Girls,Cross Country
3.0 MILES—Hereford,2004,1A,Ashley Lockard,Clear Spring,20:36,Girls,Cross Country
3.0 MILES—Hereford,2005,4A,Marika Walker,E. Roosevelt,19:19,Girls,Cross Country
3.0 MILES—Hereford,2005,3A,Katie Hursey,North Carroll,19:13,Girls,Cross Country
3.0 MILES—Hereford,2005,2A,Allison Smith,Atholton,19:25,Girls,Cross Country
3.0 MILES—Hereford,2005,1A,Lauryn MacFawn,Allegany,20:16,Girls,Cross Country
3.0 MILES—Hereford,2006,4A,Marika Walker,E. Roosevelt,19:15,Girls,Cross Country
3.0 MILES—Hereford,2006,3A,Liz McCarter,Mt. Hebron,19:50,Girls,Cross Country
3.0 MILES—Hereford,2006,2A,Allison Smith,Atholton,19:30,Girls,Cross Country
3.0 MILES—Hereford,2006,1A,Lauryn MacFawn,Allegany,21:01,Girls,Cross Country
3.0 MILES—Hereford,2007,4A,Teshika Rivers,E. Roosevelt,19:17,Girls,Cross Country
3.0 MILES—Hereford,2007,3A,Kristen Malloy,Hereford,19:36,Girls,Cross Country
3.0 MILES—Hereford,2007,2A,Katie Harman,River Hill,19:54,Girls,Cross Country
3.0 MILES—Hereford,2007,1A,Lauryn MacFawn,Allegany,19:38,Girls,Cross Country
3.0 MILES—Hereford,2008,4A,Anna Bosse,Walter Johnson,19:38,Girls,Cross Country
3.0 MILES—Hereford,2008,3A,Addie Tousley,Bethesda-Chevy Chase,19:59,Girls,Cross Country
3.0 MILES—Hereford,2008,2A,Maura Linde,Century,19:48,Girls,Cross Country
3.0 MILES—Hereford,2008,1A,Sara Fisher,Brunswick,20:11,Girls,Cross Country
3.0 MILES—Hereford,2009,4A,Jessie Rubin,Wootton,19:48,Girls,Cross Country
3.0 MILES—Hereford,2009,3A,Becky Yep,Mount Hebron,20:25,Girls,Cross Country
3.0 MILES—Hereford,2009,2A,Maura Linde,Century,20:07,Girls,Cross Country
3.0 MILES—Hereford,2009,1A,Jennifer Cleary,Bohemia Manor,20:46,Girls,Cross Country
3.0 MILES—Hereford,2010,4A,Anna Ryba,Walt Whitman,19:16,Girls,Cross Country
3.0 MILES—Hereford,2010,3A,Erin Causey,Hereford,19:59,Girls,Cross Country
3.0 MILES—Hereford,2010,2A,Maura Linde,Century,19:10,Girls,Cross Country
3.0 MILES—Hereford,2010,1A,Emily Ruppel,Loch Raven,20:30,Girls,Cross Country
3.0 MILES—Hereford,2011,4A,Carolyn Guiot,Walt Whitman,19:28,Girls,Cross Country
3.0 MILES—Hereford,2011,3A,Emily Mulhern,Urbana,19:53,Girls,Cross Country
3.0 MILES—Hereford,2011,2A,Hannah Oneda,Winters Mill,18:28,Girls,Cross Country
3.0 MILES—Hereford,2011,1A,Jordan Dodson,Perryville,19:56,Girls,Cross Country
3.0 MILES—Hereford,2012,4A,Caroline Beakes,Bethesda-Chevy Chase,19:17.4,Girls,Cross Country
3.0 MILES—Hereford,2012,3A,Emily Mulhern,Urbana,19:20.1,Girls,Cross Country
3.0 MILES—Hereford,2012,2A,Brit Lang,Oakland Mills,19:21.8,Girls,Cross Country
3.0 MILES—Hereford,2012,1A,Sarah Zielinski,Boonsboro,19:48.6,Girls,Cross Country
3.0 MILES—McDaniel College,2013,4A,Isabel Griffith,Dulaney,18:26.2,Girls,Cross Country
3.0 MILES—McDaniel College,2013,3A,Shreya Nalubola,Centennial,18:41.1,Girls,Cross Country
3.0 MILES—McDaniel College,2013,2A,Meggan Grams,Boonsboro,18:54.6,Girls,Cross Country
3.0 MILES—McDaniel College,2013,1A,Katie Leisher,Manchester Valley,19:30.9,Girls,Cross Country
3.0 MILES—Hereford,2014,4A,Nora McUmber,Bethesda-Chevy Chase,18:39.9,Girls,Cross Country
3.0 MILES—Hereford,2014,3A,Emily Mulhern,Urbana,19:02.1,Girls,Cross Country
3.0 MILES—Hereford,2014,2A,Hayley Jackson,Patuxent,18:48.5,Girls,Cross Country
3.0 MILES—Hereford,2014,1A,Katie Leisher,Manchester Valley,19:41.6,Girls,Cross Country
3.0 MILES—Hereford,2015,4A,Maria Coffin,Annapolis,18:25.3,Girls,Cross Country
3.0 MILES—Hereford,2015,3A,Annie Imhof,Great Mills,19:25.2,Girls,Cross Country
3.0 MILES—Hereford,2015,2A,Hayley Jackson,Patuxent,18:23.5,Girls,Cross Country
3.0 MILES—Hereford,2015,1A,Haley Wright,Boonsboro,19:33.7,Girls,Cross Country
3.0 MILES—Hereford,2016,4A,Maria Coffin,Annapolis,17:49.4,Girls,Cross Country
3.0 MILES—Hereford,2016,3A,Haley Cummins,C. Milton Wright,18:41.6,Girls,Cross Country
3.0 MILES—Hereford,2016,2A,Hayley Jackson,Patuxent,18:19.5,Girls,Cross Country
3.0 MILES—Hereford,2016,1A,Ana Rhoten,Northern-G,20:10.0,Girls,Cross Country
3.0 MILES—Hereford,2017,4A,Abigail Green,Walter Johnson,18:17.16,Girls,Cross Country
3.0 MILES—Hereford,2017,3A,Haley Cummins,C. Milton Wright,19:00.30,Girls,Cross Country
3.0 MILES—Hereford,2017,2A,Emily Konkus,Hereford,19:40.44,Girls,Cross Country
3.0 MILES—Hereford,2017,1A,Ashley Betz,Patterson Mill,20:18.12,Girls,Cross Country
3.0 MILES—Hereford,2018,4A,Bronwyn Patterson,South River,19:06.19,Girls,Cross Country
3.0 MILES—Hereford,2018,3A,Oakley Olson,Huntingtown,18:59.60,Girls,Cross Country
3.0 MILES—Hereford,2018,2A,Emily Konkus,Hereford,19:38.03,Girls,Cross Country
3.0 MILES—Hereford,2018,1A,Sarah Condon,Cambridge/SD,20:52.82,Girls,Cross Country
3.0 MILES—Hereford,2019,4A,Jenna Goldberg,Walter Johnson,17:50.47,Girls,Cross Country
3.0 MILES—Hereford,2019,3A,Oakley Olson,Northern-Calvert,18:49.23,Girls,Cross Country
3.0 MILES—Hereford,2019,2A,Erin McQuitty,Middletown,19:06.75,Girls,Cross Country
3.0 MILES—Hereford,2019,1A,Daylie Younker,Smithsburg,20:26.13,Girls,Cross Country
3.0 MILES—Hereford,2021,4A,Varri Higgins,Bethesda-Chevy Chase,18:37.4,Girls,Cross Country
3.0 MILES—Hereford,2021,3A,Caroline Gregory,Frederick,18:35.7,Girls,Cross Country
3.0 MILES—Hereford,2021,2A,Daisy B. Dastrup,Poolesville,19:40.1,Girls,Cross Country
3.0 MILES—Hereford,2021,1A,Lydia Nelson,Northern-Garrett,20:27.8,Girls,Cross Country
3.0 MILES—Hereford,2022,4A,Elena Blodnikar,Leonardtown,18:58.8,Girls,Cross Country
3.0 MILES—Hereford,2022,3A,Hannah Toth,Westminster,19:08,Girls,Cross Country
3.0 MILES—Hereford,2022,2A,Estelle Snider,Hereford,19:29.8,Girls,Cross Country
3.0 MILES—Hereford,2022,1A,Mary Delaney,Mountain Ridge,19:57.9,Girls,Cross Country
3.0 MILES—Hereford,2023,4A,Caroline Gregory,Frederick,18:30.71,Girls,Cross Country
3.0 MILES—Hereford,2023,3A,Carter Brotherton,Great Mills,18:33.65,Girls,Cross Country
3.0 MILES—Hereford,2023,2A,Taylor Colson,Century,18:51.54,Girls,Cross Country
3.0 MILES—Hereford,2023,1A,Cora Gentzel,Smithsburg,19:43.05,Girls,Cross Country
1.5 MILES—Clifton Park,1946,A,Gunther Schmidt,Catonsville,7:20.0,Boys,Cross Country
1.5 MILES—Clifton Park,1946,B,Johnny Meredith,Dundalk,7:27.0,Boys,Cross Country
1.5 MILES—Clifton Park,1946,C,Herman Deener,Brunswick,7:41.0,Boys,Cross Country
1.5 MILES—Clifton Park,1946,D,James Haltman,Pittsville,7:55.0,Boys,Cross Country
1.5 MILES—Clifton Park,1947,A,Al Buehler,Hagerstown,8:07.5,Boys,Cross Country
1.5 MILES—Clifton Park,1947,B,Charles Riley,Bel Air,8:16.8,Boys,Cross Country
1.5 MILES—Clifton Park,1947,C,Herman Deener,Brunswick,9:04.0,Boys,Cross Country
1.5 MILES—Clifton Park,1948,A,Frank Kane,Dundalk,8:15.1,Boys,Cross Country
1.5 MILES—Clifton Park,1948,B,Robert Green,Bel Air,8:22.0,Boys,Cross Country
1.5 MILES—Clifton Park,1948,C,Herman Deener,Brunswick,9:33.4,Boys,Cross Country
1.5 MILES—Clifton Park,1948,D,Albert Adkins,Pittsville,8:44.0,Boys,Cross Country
1.5 MILES—Clifton Park,1949,A,Frank Kane,Dundalk,7:58.9,Boys,Cross Country
1.5 MILES—Clifton Park,1949,B,Eldon Husband,Elkridge,8:36.2,Boys,Cross Country
1.5 MILES—Clifton Park,1949,C,Alvin Cordrey,Pittsville,9:04.0,Boys,Cross Country
1.5 MILES—Clifton Park,1950,A,Hollis Almony,Towson,7:51.0,Boys,Cross Country
2.0 MILES—Clifton Park,1952,A,Dick Lindeman,Catonsville,11:02.0,Boys,Cross Country
2.0 MILES—Clifton Park,1952,B,Gerald McGuire,Sollers Point,10:33.5,Boys,Cross Country
2.0 MILES—Clifton Park,1953,A,Dick Lindeman,Catonsville,10:47.6,Boys,Cross Country
2.0 MILES—Clifton Park,1954,A,Ed Vachino,Kenwood,10:43.6,Boys,Cross Country
2.0 MILES—Clifton Park,1955,A,Ed Vachino,Kenwood,10:41.5,Boys,Cross Country
2.0 MILES—Clifton Park,1956,A,Sal Ranieri,Kenwood,11:04.9,Boys,Cross Country
2.0 MILES—Clifton Park,1957,A,Dave Witten,Blair,11:06.2,Boys,Cross Country
2.0 MILES—Clifton Park,1957,B,Jerry Martin,Hereford,11:40.3,Boys,Cross Country
2.0 MILES—Hereford HS,1958,A,Sal Ranieri,Kenwood,10:51.1,Boys,Cross Country
2.0 MILES—Hereford HS,1958,B,Glen Thompson,Hereford,11:05.1,Boys,Cross Country
2.0 MILES—Hereford HS,1959,A,Ramsey Thomas,Catonsville,11:00.3,Boys,Cross Country
2.0 MILES—Hereford HS,1959,B,Johnson,Damascus,11:35.5,Boys,Cross Country
2.0 MILES—Hereford HS,1960,AA,Irvin Hock,Dundalk,10:45.3,Boys,Cross Country
2.0 MILES—Hereford HS,1960,B,Gene Garrett,Hereford,11:19.8,Boys,Cross Country
2.0 MILES—Hereford HS,1961,AA,Charlie Harris,Dundalk,10:41.0,Boys,Cross Country
2.0 MILES—Hereford HS,1961,B,J. Glover,Edgewood,10:53.0,Boys,Cross Country
2.0 MILES—Hereford HS,1962,AA,John Lawlor,Northwood,10:12.8,Boys,Cross Country
2.0 MILES—Hereford HS,1962,A,K. Dahms,Springbrook,10:42.8,Boys,Cross Country
2.0 MILES—Hereford HS,1962,B,Jeff Rowland,Hereford,12:42.6,Boys,Cross Country
2.0 MILES—Hereford HS,1963,AA,Dave Patrick,Kenwood,10:40.0,Boys,Cross Country
2.0 MILES—Hereford HS,1963,A,J. Amoss,Bel Air,10:42.8,Boys,Cross Country
2.0 MILES—Hereford HS,1963,B,L. Gardner,Sykesville,11:15.0,Boys,Cross Country
2.5 MILES—Western Maryland College,1964,AA,Wayne Vaughn,S. Hagerstown,13:01.0,Boys,Cross Country
2.5 MILES—Western Maryland College,1964,A,George Minarak,Perry Hall,13:29.2,Boys,Cross Country
2.5 MILES—Western Maryland College,1964,B,L. Gardner,Sykesville,,Boys,Cross Country
2.5 MILES—Western Maryland College,1965,AA,Byron Beam,Kenwood,13:12.8,Boys,Cross Country
2.5 MILES—Western Maryland College,1965,A,Bruce Chilcote,Brooklyn Park,13:47.0,Boys,Cross Country
2.5 MILES—Western Maryland College,1965,B,Donald Draper,Middletown,13:55.0,Boys,Cross Country
2.5 MILES—Western Maryland College,1965,C,Oliver Lane,Somerset,14:10.0,Boys,Cross Country
2.5 MILES—Catonsville Community College,1966,AA,Bob Gray,Crossland,13:17.0,Boys,Cross Country
2.5 MILES—Catonsville Community College,1966,A,Bruce Chilcote,Brooklyn Park,14:08.0,Boys,Cross Country
2.5 MILES—Catonsville Community College,1966,B,Bobby Brooks,Brunswick,14:33.0,Boys,Cross Country
2.5 MILES—Catonsville Community College,1967,AA,Byron Beam,Kenwood,13:36.1,Boys,Cross Country
2.5 MILES—Catonsville Community College,1967,A,Joe Lucas,Churchill,13:36.0,Boys,Cross Country
2.5 MILES—Catonsville Community College,1967,B,Bobby Brooks,Brunswick,14:23.5,Boys,Cross Country
2.5 MILES—Catonsville Community College,1968,AA,James Ruckert,High Point,13:46.0,Boys,Cross Country
2.5 MILES—Catonsville Community College,1968,A,Kenneth Sunday,Thomas Johnson,14:20.0,Boys,Cross Country
2.5 MILES—Catonsville Community College,1968,B,Ed Snodgrass,North Harford,14:35.0,Boys,Cross Country
2.5 MILES—Catonsville Community College,1968,C,Andre Hager,Poolesville,14:47.0,Boys,Cross Country
2.5 MILES—Catonsville Community College,1969,AA,Mike Fertig,Whitman,12:41.2,Boys,Cross Country
2.5 MILES—Catonsville Community College,1969,A,Steve Kirk,Allegany,13:15.7,Boys,Cross Country
2.5 MILES—Catonsville Community College,1969,B,Ed Snodgrass,North Harford,13:49.0,Boys,Cross Country
2.5 MILES—Catonsville Community College,1969,C,Jesse Hinton,Mt. Hebron,14:13.0,Boys,Cross Country
2.5 MILES—Hereford HS,1970,AA,Marvin Nestor,Overlea,12:58.0,Boys,Cross Country
2.5 MILES—Hereford HS,1970,A,Dale Bateman,Laurel,12:46.0,Boys,Cross Country
2.5 MILES—Hereford HS,1970,B,Scott Cornwell,Hereford,13:12.0,Boys,Cross Country
2.5 MILES—Hereford HS,1970,C,Jim Draper,Smithsburg,13:44.0,Boys,Cross Country
2.5 MILES—US Naval Academy,1971,AA,Gordon Oliver,Bethesda-CC,12:21.5,Boys,Cross Country
2.5 MILES—US Naval Academy,1971,A,Steve Smith,Einstein,12:57.0,Boys,Cross Country
2.5 MILES—US Naval Academy,1971,B,Greg Cornwell,Hereford,12:59.0,Boys,Cross Country
2.5 MILES—US Naval Academy,1971,C,Kirk Davis,Wilde Lake,13:28.0,Boys,Cross Country
2.5 MILES—University of Maryland-College Park,1972,AA,Jeff Smith,Towson,12:47.0,Boys,Cross Country
2.5 MILES—University of Maryland-College Park,1972,A,John Lott,Milford Mill,13:08.0,Boys,Cross Country
2.5 MILES—University of Maryland-College Park,1972,B,Dave Cornwell,Hereford,13:17.0,Boys,Cross Country
2.5 MILES—University of Maryland-College Park,1972,C,David Shaffer,Middletown,14:01.0,Boys,Cross Country
3.0 MILES—University of Maryland-College Park,1973,AA,Jim Peterson,Wheaton,14:56.0,Boys,Cross Country
3.0 MILES—University of Maryland-College Park,1973,A,Ed Boggess,Kennedy,15:17.0,Boys,Cross Country
3.0 MILES—University of Maryland-College Park,1973,B,Dave Cornwell,Hereford,15:29.0,Boys,Cross Country
3.0 MILES—University of Maryland-College Park,1973,C,David Shaffer,Middletown,16:12.0,Boys,Cross Country
3.0 MILES—University of Maryland-College Park,1974,AA,Jack Magee,Towson,15:03.0,Boys,Cross Country
3.0 MILES—University of Maryland-College Park,1974,A,Ed Boggess,Kennedy,15:01.0,Boys,Cross Country
3.0 MILES—University of Maryland-College Park,1974,B,Dave Cornwell,Hereford,15:06.0,Boys,Cross Country
3.0 MILES—University of Maryland-College Park,1974,C,Dennis Albright,Beall,16:20.0,Boys,Cross Country
3.0 MILES—US Naval Academy,1975,AA,Richard Brady,Whitman,15:30.0,Boys,Cross Country
3.0 MILES—US Naval Academy,1975,A,John Holcomb,Kennedy,15:53.0,Boys,Cross Country
3.0 MILES—US Naval Academy,1975,B,Randy Mitchell,Kent County,15:20.0,Boys,Cross Country
3.0 MILES—US Naval Academy,1975,C,Dave Adams,Beall,16:13.0,Boys,Cross Country
3.0 MILES—US Naval Academy,1976,AA,Mike Sheely,Kenwood,15:34.5,Boys,Cross Country
3.0 MILES—US Naval Academy,1976,A,Mike Porter,Franklin,15:40.0,Boys,Cross Country
3.0 MILES—US Naval Academy,1976,B,Randy Mitchell,Kent County,16:14.0,Boys,Cross Country
3.0 MILES—US Naval Academy,1976,C,John Blankenfield,Beall,,Boys,Cross Country
3.0 MILES—US Naval Academy,1977,AA,Karsten Schultz,Westminster,14:59.0,Boys,Cross Country
3.0 MILES—US Naval Academy,1977,A,Gary Hopkins,Einstein,15:10.0,Boys,Cross Country
3.0 MILES—US Naval Academy,1977,B,John Cornwell,Hereford,15:22.0,Boys,Cross Country
3.0 MILES—US Naval Academy,1977,C,Derick Winfield,Beall,16:00.0,Boys,Cross Country
3.0 MILES—University of Maryland-Baltimore County,1978,AA,Kelly Long,Westminster,15:27.9,Boys,Cross Country
3.0 MILES—University of Maryland-Baltimore County,1978,A,Tom Cuff,Seneca Valley,15:24.7,Boys,Cross Country
3.0 MILES—University of Maryland-Baltimore County,1978,B,Barry Holden,Williamsport,15:46.1,Boys,Cross Country
3.0 MILES—University of Maryland-Baltimore County,1978,C,Mike Sterling,Crisfield,16:12.5,Boys,Cross Country
3.0 MILES—University of Maryland-Baltimore County,1979,AA,Mike Burney,High Point,16:14.5,Boys,Cross Country
3.0 MILES—University of Maryland-Baltimore County,1979,A,Doug Rohrer,Seneca Valley,16:12.3,Boys,Cross Country
3.0 MILES—University of Maryland-Baltimore County,1979,B,John Wheeler,Cambridge/SD,16:39.4,Boys,Cross Country
3.0 MILES—University of Maryland-Baltimore County,1979,C,Mike Sterling,Crisfield,16:41.4,Boys,Cross Country
3.0 MILES—Hereford HS,1980,AA,Robby Raisbeck,High Point,15:14.0,Boys,Cross Country
3.0 MILES—Hereford HS,1980,A,Paul Kolb,Walter Johnson,15:47.0,Boys,Cross Country
3.0 MILES—Hereford HS,1980,B,Scott Sheppard,North Harford,15:52.5,Boys,Cross Country
3.0 MILES—Hereford HS,1980,C,Brian Shell,Harford Vo-Tech,15:52.3,Boys,Cross Country
3.0 MILES—Hereford HS,1981,AA,Steve Kartalia,Westminster,15:30.2,Boys,Cross Country
3.0 MILES—Hereford HS,1981,A,Rob Hovermale,N. Hagerstown,15:27.2,Boys,Cross Country
3.0 MILES—Hereford HS,1981,B,Mike Clearly,Frederick,15:21.3,Boys,Cross Country
3.0 MILES—Hereford HS,1981,C,Brian Shell,Harford Vo-Tech,15:33.0,Boys,Cross Country
3.0 MILES—Hereford HS,1982,AA,Steve Kartalia,Westminster,15:30.4,Boys,Cross Country
3.0 MILES—Hereford HS,1982,A,Willie McBeath,Rockville,15:38.0,Boys,Cross Country
3.0 MILES—Hereford HS,1982,B,Ken Fowler,Centennial,15:55.0,Boys,Cross Country
3.0 MILES—Hereford HS,1982,C,Rod Young,Hammond,16:08.04,Boys,Cross Country
3.0 MILES—Hereford HS,1983,AA,Kris Herdt,Whitman,15:26.0,Boys,Cross Country
3.0 MILES—Hereford HS,1983,A,Scott Mace,N. Hagerstown,15:26.0,Boys,Cross Country
3.0 MILES—Hereford HS,1983,B,John Scherer,Glenelg,15:01.0,Boys,Cross Country
3.0 MILES—Hereford HS,1983,C,Tom Dudley,Beall,16:26.0,Boys,Cross Country
3.0 MILES—Hereford HS,1984,AA,Eric Meleney,Whitman,15:57.0,Boys,Cross Country
3.0 MILES—Hereford HS,1984,A,Kirk Young,Central-PG,15:40.0,Boys,Cross Country
3.0 MILES—Hereford HS,1984,B,Richard Kestner,North Harford,15:50.0,Boys,Cross Country
3.0 MILES—Hereford HS,1984,C,Tom Nave,Middletown,16:32.0,Boys,Cross Country
3.0 MILES—Hereford HS,1985,AA,Duncan Manville,Bethesda-CC,15:26.0,Boys,Cross Country
3.0 MILES—Hereford HS,1985,A,Lindsay Duvall,Towson,16:00.0,Boys,Cross Country
3.0 MILES—Hereford HS,1985,B,Richard Williams,Wicomico,16:06.0,Boys,Cross Country
3.0 MILES—Hereford HS,1985,C,Chris Stone,Sparrows Point,16:33.0,Boys,Cross Country
3.0 MILES—Hereford HS,1986,AA,Jeff Campbell,Randallstown,15:40.0,Boys,Cross Country
3.0 MILES—Hereford HS,1986,A,Tim Sonner,R. Montgomery,16:19.0,Boys,Cross Country
3.0 MILES—Hereford HS,1986,B-C,Kevin Farrell,Middletown,16:15.0,Boys,Cross Country
3.0 MILES—Hereford HS,1987,AA,Jeff Campbell,Randallstown,15:35.0,Boys,Cross Country
3.0 MILES—Hereford HS,1987,A,Chris Neglia,Thomas Johnson,16:07.0,Boys,Cross Country
3.0 MILES—Hereford HS,1987,B-C,Patrick Hayden,Oakland Mills,16:14.0,Boys,Cross Country
3.0 MILES—Hereford HS,1988,4A,Jeff Campbell,Randallstown,15:17.0,Boys,Cross Country
3.0 MILES—Hereford HS,1988,3A,Brian Horn,Loch Raven,16:15.0,Boys,Cross Country
3.0 MILES—Hereford HS,1988,2A-1A,Pat Rodrigues,Centennial,15:53.0,Boys,Cross Country
3.0 MILES—Hereford HS,1989,4A,Thomas Ross,La Plata,16:30.0,Boys,Cross Country
3.0 MILES—Hereford HS,1989,3A,Pat Rodrigues,Centennial,16:18.0,Boys,Cross Country
3.0 MILES—Hereford HS,1989,2A,Matt Holthaus,Wilde Lake,16:09.0,Boys,Cross Country
3.0 MILES—Hereford HS,1989,1A,Russ Adams,Brunswick,16:27.0,Boys,Cross Country
3.0 MILES—Hereford HS,1990,4A,Pascal Dobert,Whitman,17:30.0,Boys,Cross Country
3.0 MILES—Hereford HS,1990,3A,Pat Rodrigues,Centennial,16:53.0,Boys,Cross Country
3.0 MILES—Hereford HS,1990,2A,Brian Horn,Loch Raven,17:11.0,Boys,Cross Country
3.0 MILES—Hereford HS,1990,1A,MIke Mamo,Milford Mill,17:17.0,Boys,Cross Country
3.0 MILES—Western Maryland College,1991,4A,Troy Harry,Quince Orchard,16:02.8,Boys,Cross Country
3.0 MILES—Western Maryland College,1991,3A,Pascal Dobert,Whitman,15:22.3,Boys,Cross Country
3.0 MILES—Western Maryland College,1991,2A,Gerard Hogan,Glenelg,15:53.5,Boys,Cross Country
3.0 MILES—Western Maryland College,1991,1A,Jim Clarius,Francis Scott Key,16:30.8,Boys,Cross Country
3.0 MILES—Western Maryland College,1992,4A,Troy Harry,Quince Orchard,16:03.4,Boys,Cross Country
3.0 MILES—Western Maryland College,1992,3A,Bryan Townsend,Atholton,16:07.5,Boys,Cross Country
3.0 MILES—Western Maryland College,1992,2A,Edward Hogan,Glenelg,16:01.3,Boys,Cross Country
3.0 MILES—Western Maryland College,1992,1A,Bobby Simmons,Joppatowne,16:28.7,Boys,Cross Country
3.0 MILES—Hereford HS,1993,4A,Jason Reckner,Old Mill,16:07.8,Boys,Cross Country
3.0 MILES—Hereford HS,1993,3A,Josh Orenstein,Walter Johnson,16:00.5,Boys,Cross Country
3.0 MILES—Hereford HS,1993,2A,Jamie Davies,Catonsville,15:52.4,Boys,Cross Country
3.0 MILES—Hereford HS,1993,1A,Bobby Simmons,Joppatowne,16:23.3,Boys,Cross Country
3.1 MILES—Hereford HS,1994,4A,Mike Recek,Westminster,18:16,Boys,Cross Country
3.1 MILES—Hereford HS,1994,3A,Jonathan Hayes,Linganore,18:05,Boys,Cross Country
3.1 MILES—Hereford HS,1994,2A,Gregory Curtis,Oakland Mills,17:41,Boys,Cross Country
3.1 MILES—Hereford HS,1994,1A,Brian Schnebly,Clear Spring,17:44,Boys,Cross Country
3.0 MILES—Hereford HS (New certified course),1995,4A,Nick Gramsky,Northern—C,17:00,Boys,Cross Country
3.0 MILES—Hereford HS (New certified course),1995,3A,Joe Smith,Parkville,16:49,Boys,Cross Country
3.0 MILES—Hereford HS (New certified course),1995,2A,Justin Taylor,Allegany,17:01,Boys,Cross Country
3.0 MILES—Hereford HS (New certified course),1995,1A,Mark Schnebly,Clear Spring,17:05,Boys,Cross Country
3.0 MILES—Hereford HS,1996,4A,Ed Tufaro,Whitman,16:45,Boys,Cross Country
3.0 MILES—Hereford HS,1996,3A,Jeff Olenick,Centennial,16:52,Boys,Cross Country
3.0 MILES—Hereford HS,1996,2A,Justin Taylor,Allegany,16:48,Boys,Cross Country
3.0 MILES—Hereford HS,1996,1A,Tim Mason,Clear Spring,17:05,Boys,Cross Country
3.0 MILES—Hereford HS,1997,4A,Jason Santucci,Westminster,16:46,Boys,Cross Country
3.0 MILES—Hereford HS,1997,3A,David Glynn,Walter Johnson,17:07,Boys,Cross Country
3.0 MILES—Hereford HS,1997,2A,Jarrett Van Tine,Bethesda-CC,16:58,Boys,Cross Country
3.0 MILES—Hereford HS,1997,1A,Tim Mason,Clear Spring,17:50,Boys,Cross Country
3.0 MILES—Hereford HS,1998,4A,Jason Santucci,Westminster,16:39,Boys,Cross Country
3.0 MILES—Hereford HS,1998,3A,David Glynn,Walter Johnson,16:36,Boys,Cross Country
3.0 MILES—Hereford HS,1998,2A,Jarrett Van Tine,Bethesda-CC,16:27,Boys,Cross Country
3.0 MILES—Hereford HS,1998,1A,Zach Bittinger,Westmar,16:58,Boys,Cross Country
3.0 MILES—Hereford HS,1999,4A,Marcus Hershberger,Gaithersburg,16:29,Boys,Cross Country
3.0 MILES—Hereford HS,1999,3A,Michael Styczynski,River Hill,16:22,Boys,Cross Country
3.0 MILES—Hereford HS,1999,2A,Scott Herrick,Linganore,16:41,Boys,Cross Country
3.0 MILES—Hereford HS,1999,1A,Ryan Foster,Beall,16:35,Boys,Cross Country
3.0 MILES—Hereford HS,2000,4A,Marcus Hershberger,Gaithersburg,16:27,Boys,Cross Country
3.0 MILES—Hereford HS,2000,3A,William Christian,Great Mills,16:10,Boys,Cross Country
3.0 MILES—Hereford HS,2000,2A,Brian Murphy,Urbana,16:24,Boys,Cross Country
3.0 MILES—Hereford HS,2000,1A,Izudin Mehmedovic,Oakland Mills,16:25,Boys,Cross Country
3.0 MILES—Hereford HS,2001,4A,Pat Bailey,C. M. Wright,16:39,Boys,Cross Country
3.0 MILES—Hereford HS,2001,3A,Shane Stroup,River Hill,16:03,Boys,Cross Country
3.0 MILES—Hereford HS,2001,2A,Justin Faith,Fort Hill,17:01,Boys,Cross Country
3.0 MILES—Hereford HS,2001,1A,Izudin Mehmedovic,Oakland Mills,16:34,Boys,Cross Country
3.0 MILES—Hereford HS,2002,4A,Pat Bailey,C. M. Wright,16:12,Boys,Cross Country
3.0 MILES—Hereford HS,2002,3A,Kurt Kuehne,Urbana,16:34,Boys,Cross Country
3.0 MILES—Hereford HS,2002,2A,Zach Vasow,Bethesda-CC,16:59,Boys,Cross Country
3.0 MILES—Hereford HS,2002,1A,Jordan Davis,Allegany,17:07,Boys,Cross Country
3.0 MILES—Hereford HS,2003,4A,Ricky Flynn,Damascus,16:35,Boys,Cross Country
3.0 MILES—Hereford HS,2003,3A,Kurt Kuehne,Urbana,16:47,Boys,Cross Country
3.0 MILES—Hereford HS,2003,2A,Phil Diven,South Carroll,17:22,Boys,Cross Country
3.0 MILES—Hereford HS,2003,1A,Dan Dewitt,Beall,17:24,Boys,Cross Country
3.0 MILES—Hereford HS,2004,4A,Matt Centrowitz,Broadneck,16:38,Boys,Cross Country
3.0 MILES—Hereford HS,2004,3A,William Eden,Annapolis,16:41,Boys,Cross Country
3.0 MILES—Hereford HS,2004,2A,Andrew Revelle,Atholton,17:26,Boys,Cross Country
3.0 MILES—Hereford HS,2004,1A,Dan Dewitt,Beall,17:16,Boys,Cross Country
3.0 MILES—Hereford HS,2005,4A,Matt Centrowitz,Broadneck,16:01,Boys,Cross Country
3.0 MILES—Hereford HS,2005,3A,Kyle Ryan,Linganore,16:36,Boys,Cross Country
3.0 MILES—Hereford HS,2005,2A,Andrew Revelle,Atholton,16:45,Boys,Cross Country
3.0 MILES—Hereford HS,2005,1A,Mohamed Khelalfa,Fort Hill,17:23,Boys,Cross Country
3.0 MILES—Hereford HS,2006,4A,Matt Centrowitz,Broadneck,16:03,Boys,Cross Country
3.0 MILES—Hereford HS,2006,3A,Christopher Bowie,BCC,16:47,Boys,Cross Country
3.0 MILES—Hereford HS,2006,2A,Andre Revelle,Atholton,16:17,Boys,Cross Country
3.0 MILES—Hereford HS,2006,1A,Ryan Bowser,Northern-G,16:55,Boys,Cross Country
3.0 MILES—Hereford HS,2007,4A,Andrew Palmer,Whitman,16:36,Boys,Cross Country
3.0 MILES—Hereford HS,2007,3A,Joey Thompson,Howard,16:16,Boys,Cross Country
3.0 MILES—Hereford HS,2007,2A,Kyle Andrews,Oakland Mills,16:33,Boys,Cross Country
3.0 MILES—Hereford HS,2007,1A,Ryan Bowser,Northern-G,16:39,Boys,Cross Country
3.0 MILES—Hereford HS,2008,4A,Solomon Haile,Sherwood,15:43,Boys,Cross Country
3.0 MILES—Hereford HS,2008,3A,Graham Bazell,Atholton,16:29,Boys,Cross Country
3.0 MILES—Hereford HS,2008,2A,Craig Morgan,River Hill,16:46,Boys,Cross Country
3.0 MILES—Hereford HS,2008,1A,Jake Zamostny,South Carroll,16:58,Boys,Cross Country
3.0 MILES—Hereford HS,2009,4A,Andrew Palmer,Whitman,16:48,Boys,Cross Country
3.0 MILES—Hereford HS,2009,3A,Tyler Ostrowski,Chopticon,17:12,Boys,Cross Country
3.0 MILES—Hereford HS,2009,2A,Robby Creese,Glenelg,17:30,Boys,Cross Country
3.0 MILES—Hereford HS,2009,1A,David Wilson,Smithsburg,16:38,Boys,Cross Country
3.0 MILES—Hereford HS,2010,4A,Chris Miller,Northwest,16:09,Boys,Cross Country
3.0 MILES—Hereford HS,2010,3A,Mason Rivera,Hereford,16:27,Boys,Cross Country
3.0 MILES—Hereford HS,2010,2A,Robby Creese,Glenelg,16:46,Boys,Cross Country
3.0 MILES—Hereford HS,2010,1A,Ian MacFawn,Allegany,16:47,Boys,Cross Country
3.0 MILES—Hereford HS,2011,4A,Scott Sheehan,Walter Johnson,16:29,Boys,Cross Country
3.0 MILES—Hereford HS,2011,3A,Braden Bruning,Linganore,16:21,Boys,Cross Country
3.0 MILES—Hereford HS,2011,2A,Austin McGinley,Rising Sun,16:21,Boys,Cross Country
3.0 MILES—Hereford HS,2011,1A,Ryan Pfarr,Bohemia Manor,17:15,Boys,Cross Country
3.0 MILES—Hereford HS,2012,4A,Will Bertrand,Clarksburg,16:02.7,Boys,Cross Country
3.0 MILES—Hereford HS,2012,3A,Harry Bullen,Annapolis,16:19.5,Boys,Cross Country
3.0 MILES—Hereford HS,2012,2A,David Dorsey,Catoctin,16:25.2,Boys,Cross Country
3.0 MILES—Hereford HS,2012,1A,Ty Franks,Bohemia Manor,16:58.8,Boys,Cross Country
3.0 MILES—McDaniel College,2013,4A,Ryan Forsyth,Severna Park,15:41.3,Boys,Cross Country
3.0 MILES—McDaniel College,2013,3A,Ben Freed,Thomas Johnson,16:06.9,Boys,Cross Country
3.0 MILES—McDaniel College,2013,2A,Chase Weaverling,Poolesville,15:42.8,Boys,Cross Country
3.0 MILES—McDaniel College,2013,1A,Ty Franks,Bohemia Manor,16:20.8,Boys,Cross Country
3.0 MILES—Hereford HS (Course altered due to construction.),2014,4A,Evan Woods,Walt Whitman,15:49.1,Boys,Cross Country
3.0 MILES—Hereford HS (Course altered due to construction.),2014,3A,Nick Fransham,North Harford,15:41.3,Boys,Cross Country
3.0 MILES—Hereford HS (Course altered due to construction.),2014,2A,Zach Gascho,Catoctin,16:24.2,Boys,Cross Country
3.0 MILES—Hereford HS (Course altered due to construction.),2014,1A,Ty Franks,Bohemia Manor,16:26.1,Boys,Cross Country
3.0 MILES—Hereford HS,2015,4A,Eric Walz,Dulaney,16:06.0,Boys,Cross Country
3.0 MILES—Hereford HS,2015,3A,Matt Bennett,Northern-C,16:14.8,Boys,Cross Country
3.0 MILES—Hereford HS,2015,2A,Brian Cave,South Carroll,16:33.7,Boys,Cross Country
3.0 MILES—Hereford HS,2015,1A,Will Merritt,Smithsburg,16:50.0,Boys,Cross Country
3.0 MILES—Hereford HS,2016,4A,Rohann Asfaw,Richard Montgomery,16:04.2,Boys,Cross Country
3.0 MILES—Hereford HS,2016,3A,Ryan Lockett,Poolesville,16:00.7,Boys,Cross Country
3.0 MILES—Hereford HS,2016,2A,Taylor Baranoski,Eastern Technical,16:03.9,Boys,Cross Country
3.0 MILES—Hereford HS,2016,1A,Will Merritt,Smithsburg,15:54.6,Boys,Cross Country
3.0 MILES—Hereford HS,2017,4A,Adam Nakasaka,Bethesda-CC,15:50.63,Boys,Cross Country
3.0 MILES—Hereford HS,2017,3A,Kieran McDermott,Bel Air,15:59.19,Boys,Cross Country
3.0 MILES—Hereford HS,2017,2A,Ryan Lockett,Poolesville,16:13.07,Boys,Cross Country
3.0 MILES—Hereford HS,2017,1A,Zachary Laird,Bohemia Manor,16:09.17,Boys,Cross Country
3.0 MILES—Hereford HS,2018,4A,Obsaa Feda,Northwood,15:44.05,Boys,Cross Country
3.0 MILES—Hereford HS,2018,3A,Michael Belmaggio,Linganore,16:16.21,Boys,Cross Country
3.0 MILES—Hereford HS,2018,2A,Anish Nanjappa,River Hill,15:58.08,Boys,Cross Country
3.0 MILES—Hereford HS,2018,1A,Zachary Laird,Bohemia Manor,16:36.36,Boys,Cross Country
3.0 MILES—Hereford HS,2019,4A,Sam Keeny,South River,15:34.98,Boys,Cross Country
3.0 MILES—Hereford HS,2019,3A,Anish Nanjappa,River Hill,15:45.64,Boys,Cross Country
3.0 MILES—Hereford HS,2019,2A,Kyle Lund,Oakdale,15:47.76,Boys,Cross Country
3.0 MILES—Hereford HS,2019,1A,Zane Chalker,Williamsport,16:00.47,Boys,Cross Country
3.0 MILES—Hereford HS,2021,4A,Luke Coffin,Annapolis,16:14.4,Boys,Cross Country
3.0 MILES—Hereford HS,2021,3A,Antonio Camacho-Bucks,Centennial,15:51.4,Boys,Cross Country
3.0 MILES—Hereford HS,2021,2A,Ethan Aidam,Oakland Mills,16:43.6,Boys,Cross Country
3.0 MILES—Hereford HS,2021,1A,John Condon,Cambridge-SD,16:55.2,Boys,Cross Country
3.0 MILES—Hereford HS,2022,4A,Tyler Dailey,Dulaney,16:25.2,Boys,Cross Country
3.0 MILES—Hereford HS,2022,3A,Henry Hopper,Wilde Lake,16:11.7,Boys,Cross Country
3.0 MILES—Hereford HS,2022,2A,Ethan Aidam,Oakland Mills,16:45.7,Boys,Cross Country
3.0 MILES—Hereford HS,2022,1A,Alexander Contreras,Catoctin,17:07.6,Boys,Cross Country
3.0 MILES—Hereford HS,2023,4A,James Partlow,Gov. Thomas Johnson,15:39.28,Boys,Cross Country
3.0 MILES—Hereford HS,2023,3A,Kieran Mischke,Towson,15:50.1,Boys,Cross Country
3.0 MILES—Hereford HS,2023,2A,Eric Penkala,Southern-AA,15:47.8,Boys,Cross Country
3.0 MILES—Hereford HS,2023,1A,Gregory Schellberg,Liberty,16:35.0,Boys,Cross Country