School,Year,Status,Gender,Sport,Season
Aberdeen,1982,Semifinalist,Female,Volleyball,Fall
Allegany,1997,Semifinalist,Female,Volleyball,Fall
Allegany,1998,Finalist,Female,Volleyball,Fall
Allegany,1999,Finalist,Female,Volleyball,Fall
Andover,1976,Semifinalist,Female,Volleyball,Fall
Andover,1977,Champion,Female,Volleyball,Fall
Arundel,2010,Semifinalist,Female,Volleyball,Fall
Arundel,2011,Finalist,Female,Volleyball,Fall
Arundel,2012,Finalist,Female,Volleyball,Fall
Arundel,2016,Semifinalist,Female,Volleyball,Fall
Arundel,2017,Finalist,Female,Volleyball,Fall
Arundel,2019,Champion,Female,Volleyball,Fall
Arundel,2021,Champion,Female,Volleyball,Fall
Arundel,2022,Finalist,Female,Volleyball,Fall
Arundel,2023,Finalist,Female,Volleyball,Fall
Atholton,1988,Champion,Female,Volleyball,Fall
Atholton,1989,Champion,Female,Volleyball,Fall
Atholton,1990,Semifinalist,Female,Volleyball,Fall
Atholton,1994,Finalist,Female,Volleyball,Fall
Atholton,1996,Finalist,Female,Volleyball,Fall
Atholton,2016,Champion,Female,Volleyball,Fall
Atholton,2017,Semifinalist,Female,Volleyball,Fall
Atholton,2018,Champion,Female,Volleyball,Fall
Beall,1978,Semifinalist,Female,Volleyball,Fall
Bel Air,1988,Semifinalist,Female,Volleyball,Fall
Bel Air,1989,Semifinalist,Female,Volleyball,Fall
Bel Air,1999,Semifinalist,Female,Volleyball,Fall
Bel Air,2012,Semifinalist,Female,Volleyball,Fall
Bel Air,2013,Semifinalist,Female,Volleyball,Fall
Bel Air,2018,Finalist,Female,Volleyball,Fall
Bel Air,2019,Semifinalist,Female,Volleyball,Fall
Bel Air,2021,Semifinalist,Female,Volleyball,Fall
James M. Bennett,1983,Champion,Female,Volleyball,Fall
James M. Bennett,1986,Finalist,Female,Volleyball,Fall
James M. Bennett,2003,Finalist,Female,Volleyball,Fall
James M. Bennett,2003,Finalist,Female,Volleyball,Fall
Bethesda-Chevy Chase,2002,Finalist,Female,Volleyball,Fall
Bethesda-Chevy Chase,2006,Finalist,Female,Volleyball,Fall
Bethesda-Chevy Chase,2007,Finalist,Female,Volleyball,Fall
Montgomery Blair,1999,Champion,Female,Volleyball,Fall
James H. Blake,2010,Finalist,Female,Volleyball,Fall
Bohemia Manor,1980,Finalist,Female,Volleyball,Fall
Bohemia Manor,2021,Finalist,Female,Volleyball,Fall
Boonsboro,1983,Semifinalist,Female,Volleyball,Fall
Boonsboro,1984,Champion,Female,Volleyball,Fall
Boonsboro,1985,Semifinalist,Female,Volleyball,Fall
Boonsboro,2007,Finalist,Female,Volleyball,Fall
Bowie,1981,Semifinalist,Female,Volleyball,Fall
Bowie,1982,Semifinalist,Female,Volleyball,Fall
Bowie,1983,Semifinalist,Female,Volleyball,Fall
Bowie,1985,Semifinalist,Female,Volleyball,Fall
Bowie,1994,Semifinalist,Female,Volleyball,Fall
Bowie,1995,Semifinalist,Female,Volleyball,Fall
Bowie,1996,Semifinalist,Female,Volleyball,Fall
Bowie,1997,Finalist,Female,Volleyball,Fall
Bowie,1988,Semifinalist,Female,Volleyball,Fall
Bowie,1999,Semifinalist,Female,Volleyball,Fall
Bowie,2000,Semifinalist,Female,Volleyball,Fall
Bowie,2002,Semifinalist,Female,Volleyball,Fall
Bowie,2003,Semifinalist,Female,Volleyball,Fall
Bowie,2004,Semifinalist,Female,Volleyball,Fall
Bowie,2009,Semifinalist,Female,Volleyball,Fall
Bowie,2011,Semifinalist,Female,Volleyball,Fall
Bowie,2014,Semifinalist,Female,Volleyball,Fall
Bowie,2015,Semifinalist,Female,Volleyball,Fall
Bowie,2016,Semifinalist,Female,Volleyball,Fall
Bowie,2022,Semifinalist,Female,Volleyball,Fall
Broadneck,2000,Finalist,Female,Volleyball,Fall
Broadneck,2001,Champion,Female,Volleyball,Fall
Broadneck,2002,Champion,Female,Volleyball,Fall
Broadneck,2003,Finalist,Female,Volleyball,Fall
Broadneck,2004,Champion,Female,Volleyball,Fall
Broadneck,2005,Semifinalist,Female,Volleyball,Fall
Broadneck,2006,Semifinalist,Female,Volleyball,Fall
Broadneck,2007,Champion,Female,Volleyball,Fall
Broadneck,2008,Champion,Female,Volleyball,Fall
Broadneck,2009,Champion,Female,Volleyball,Fall
Broadneck,2019,Finalist,Female,Volleyball,Fall
Calvert,1987,Semifinalist,Female,Volleyball,Fall
Calvert,1998,Champion,Female,Volleyball,Fall
Calvert,2003,Champion,Female,Volleyball,Fall
Calvert,2011,Semifinalist,Female,Volleyball,Fall
Calvert,2012,Finalist,Female,Volleyball,Fall
Calvert,2016,Semifinalist,Female,Volleyball,Fall
Calvert,2023,Finalist,Female,Volleyball,Fall
Carver A&T,2013,Finalist,Female,Volleyball,Fall
Catonsville,1979,Champion,Female,Volleyball,Fall
Catonsville,1980,Champion,Female,Volleyball,Fall
Catonsville,1981,Champion,Female,Volleyball,Fall
Catonsville,1982,Champion,Female,Volleyball,Fall
Catonsville,1983,Champion,Female,Volleyball,Fall
Catonsville,1986,Champion,Female,Volleyball,Fall
Catonsville,1987,Champion,Female,Volleyball,Fall
Catonsville,1985,Finalist,Female,Volleyball,Fall
Catonsville,1995,Finalist,Female,Volleyball,Fall
Catonsville,1988,Semifinalist,Female,Volleyball,Fall
Catonsville,1990,Semifinalist,Female,Volleyball,Fall
Catonsville,1991,Semifinalist,Female,Volleyball,Fall
Catonsville,1992,Semifinalist,Female,Volleyball,Fall
Catonsville,2006,Semifinalist,Female,Volleyball,Fall
Catoctin,2009,Finalist,Female,Volleyball,Fall
Catoctin,2010,Finalist,Female,Volleyball,Fall
Centennial,1989,Champion,Female,Volleyball,Fall
Centennial,1991,Champion,Female,Volleyball,Fall
Centennial,1992,Champion,Female,Volleyball,Fall
Centennial,1993,Champion,Female,Volleyball,Fall
Centennial,1994,Champion,Female,Volleyball,Fall
Centennial,1996,Champion,Female,Volleyball,Fall
Centennial,1997,Champion,Female,Volleyball,Fall
Centennial,1998,Champion,Female,Volleyball,Fall
Centennial,1999,Champion,Female,Volleyball,Fall
Centennial,2000,Champion,Female,Volleyball,Fall
Centennial,2004,Champion,Female,Volleyball,Fall
Centennial,2005,Champion,Female,Volleyball,Fall
Centennial,2006,Champion,Female,Volleyball,Fall
Centennial,2008,Champion,Female,Volleyball,Fall
Centennial,2023,Champion,Female,Volleyball,Fall
Centennial,2010,Finalist,Female,Volleyball,Fall
Centennial,2012,Finalist,Female,Volleyball,Fall
Centennial,1981,Semifinalist,Female,Volleyball,Fall
Centennial,2003,Semifinalist,Female,Volleyball,Fall
Century,2011,Champion,Female,Volleyball,Fall
Century,2019,Champion,Female,Volleyball,Fall
Century,2021,Finalist,Female,Volleyball,Fall
Chesapeake (AA),1978,Finalist,Female,Volleyball,Fall
Chesapeake (AA),1979,Champion,Female,Volleyball,Fall
Chesapeake (AA),1980,Finalist,Female,Volleyball,Fall
Chesapeake (AA),1981,Finalist,Female,Volleyball,Fall
Chesapeake (AA),1982,Champion,Female,Volleyball,Fall
Chesapeake (AA),1983,Champion,Female,Volleyball,Fall
Chesapeake (AA),1984,Champion,Female,Volleyball,Fall
Chesapeake (AA),2010,Semifinalist,Female,Volleyball,Fall
Chesapeake (BC),1983,Semifinalist,Female,Volleyball,Fall
Chesapeake (BC),1984,Finalist,Female,Volleyball,Fall
Chesapeake (BC),1986,Semifinalist,Female,Volleyball,Fall
Chesapeake Math & IT - North,2023,Semifinalist,Female,Volleyball,Fall
Winston Churchill,1997,Semifinalist,Female,Volleyball,Fall
Winston Churchill,2019,Semifinalist,Female,Volleyball,Fall
Winston Churchill,2022,Semifinalist,Female,Volleyball,Fall
Clear Spring,1992,Finalist,Female,Volleyball,Fall
Clear Spring,1993,Champion,Female,Volleyball,Fall
Clear Spring,1994,Champion,Female,Volleyball,Fall
Clear Spring,2018,Champion,Female,Volleyball,Fall
Clear Spring,2022,Champion,Female,Volleyball,Fall
Clear Spring,2023,Champion,Female,Volleyball,Fall
Crofton,2022,Semifinalist,Female,Volleyball,Fall
Damascus,2013,Champion,Female,Volleyball,Fall
Damascus,1978,Finalist,Female,Volleyball,Fall
Damascus,2006,Finalist,Female,Volleyball,Fall
Damascus,2015,Finalist,Female,Volleyball,Fall
Damascus,2016,Finalist,Female,Volleyball,Fall
Damascus,2008,Semifinalist,Female,Volleyball,Fall
Damascus,2009,Semifinalist,Female,Volleyball,Fall
Stephen Decatur,1980,Semifinalist,Female,Volleyball,Fall
Stephen Decatur,1994,Semifinalist,Female,Volleyball,Fall
Stephen Decatur,2001,Semifinalist,Female,Volleyball,Fall
Digital Harbor,2006,Semifinalist,Female,Volleyball,Fall
Frederick Douglass (PG),1977,Finalist,Female,Volleyball,Fall
Frederick Douglass (PG),1980,Finalist,Female,Volleyball,Fall
Frederick Douglass (PG),1990,Semifinalist,Female,Volleyball,Fall
Frederick Douglass (PG),1993,Semifinalist,Female,Volleyball,Fall
Frederick Douglass (PG),2017,Semifinalist,Female,Volleyball,Fall
Frederick Douglass (PG),2022,Semifinalist,Female,Volleyball,Fall
Dulaney,1999,Champion,Female,Volleyball,Fall
Dulaney,2000,Champion,Female,Volleyball,Fall
Dulaney,2013,Champion,Female,Volleyball,Fall
Dulaney,2005,Finalist,Female,Volleyball,Fall
Dulaney,2015,Finalist,Female,Volleyball,Fall
Dulaney,1976,Semifinalist,Female,Volleyball,Fall
Dulaney,1979,Semifinalist,Female,Volleyball,Fall
Dulaney,1983,Semifinalist,Female,Volleyball,Fall
Dulaney,1984,Semifinalist,Female,Volleyball,Fall
Dulaney,1996,Semifinalist,Female,Volleyball,Fall
Dulaney,1998,Semifinalist,Female,Volleyball,Fall
Dulaney,2001,Semifinalist,Female,Volleyball,Fall
Dulaney,2002,Semifinalist,Female,Volleyball,Fall
Dulaney,2007,Semifinalist,Female,Volleyball,Fall
Dulaney,2019,Semifinalist,Female,Volleyball,Fall
Dunbar,2012,Semifinalist,Female,Volleyball,Fall
Duval,1980,Champion,Female,Volleyball,Fall
Eastern Technical,1984,Finalist,Female,Volleyball,Fall
Eastern Technical,2008,Semifinalist,Female,Volleyball,Fall
Eastern Technical,2009,Semifinalist,Female,Volleyball,Fall
Eastern Technical,2010,Semifinalist,Female,Volleyball,Fall
Eastern Technical,2021,Semifinalist,Female,Volleyball,Fall
Easton,1977,Semifinalist,Female,Volleyball,Fall
Easton,1987,Semifinalist,Female,Volleyball,Fall
Edgewood,1996,Semifinalist,Female,Volleyball,Fall
Albert Einstein,1984,Champion,Female,Volleyball,Fall
Albert Einstein,1980,Finalist,Female,Volleyball,Fall
Albert Einstein,1982,Finalist,Female,Volleyball,Fall
Albert Einstein,1977,Semifinalist,Female,Volleyball,Fall
Albert Einstein,1978,Semifinalist,Female,Volleyball,Fall
Elkton,1979,Finalist,Female,Volleyball,Fall
Elkton,2004,Finalist,Female,Volleyball,Fall
Elkton,1978,Semifinalist,Female,Volleyball,Fall
Fallston,2010,Champion,Female,Volleyball,Fall
Fallston,2011,Finalist,Female,Volleyball,Fall
Fallston,1995,Semifinalist,Female,Volleyball,Fall
Fallston,2000,Semifinalist,Female,Volleyball,Fall
Charles H. Flowers,2006,Semifinalist,Female,Volleyball,Fall
Charles H. Flowers,2010,Semifinalist,Female,Volleyball,Fall
Forest Park,2014,Semifinalist,Female,Volleyball,Fall
Forest Park,2022,Semifinalist,Female,Volleyball,Fall
Fort Hill,2013,Champion,Female,Volleyball,Fall
Benjamin Franklin (B),2013,Semifinalist,Female,Volleyball,Fall
Benjamin Franklin (B),2015,Semifinalist,Female,Volleyball,Fall
Friendly ,1977,Finalist,Female,Volleyball,Fall
Friendly ,1984,Semifinalist,Female,Volleyball,Fall
Gaithersburg,2005,Champion,Female,Volleyball,Fall
Gaithersburg,2000,Semifinalist,Female,Volleyball,Fall
Gaithersburg,2001,Semifinalist,Female,Volleyball,Fall
Gaithersburg,2002,Semifinalist,Female,Volleyball,Fall
Glen Burnie,1990,Champion,Female,Volleyball,Fall
Glen Burnie,1988,Finalist,Female,Volleyball,Fall
Glenelg,1993,Champion,Female,Volleyball,Fall
Glenelg,1995,Champion,Female,Volleyball,Fall
Glenelg,2002,Champion,Female,Volleyball,Fall
Glenelg,2005,Champion,Female,Volleyball,Fall
Glenelg,2021,Champion,Female,Volleyball,Fall
Glenelg,1997,Finalist,Female,Volleyball,Fall
Glenelg,2001,Finalist,Female,Volleyball,Fall
Glenelg,2003,Finalist,Female,Volleyball,Fall
Glenelg,2008,Finalist,Female,Volleyball,Fall
Glenelg,2014,Finalist,Female,Volleyball,Fall
Glenelg,2018,Finalist,Female,Volleyball,Fall
Glenelg,1992,Semifinalist,Female,Volleyball,Fall
Glenelg,2007,Semifinalist,Female,Volleyball,Fall
Glenelg,2013,Semifinalist,Female,Volleyball,Fall
Glenelg,2023,Semifinalist,Female,Volleyball,Fall
Great Mills,1982,Champion,Female,Volleyball,Fall
Great Mills,1983,Champion,Female,Volleyball,Fall
Great Mills,1988,Finalist,Female,Volleyball,Fall
Great Mills,1989,Finalist,Female,Volleyball,Fall
Great Mills,1976,Semifinalist,Female,Volleyball,Fall
Great Mills,1977,Semifinalist,Female,Volleyball,Fall
Great Mills,1979,Semifinalist,Female,Volleyball,Fall
Great Mills,1984,Semifinalist,Female,Volleyball,Fall
Gwynn Park,1998,Semifinalist,Female,Volleyball,Fall
Hammond,1987,Semifinalist,Female,Volleyball,Fall
Havre De Grace,2006,Semifinalist,Female,Volleyball,Fall
Havre De Grace,2007,Semifinalist,Female,Volleyball,Fall
Hereford,1975,Champion,Female,Volleyball,Fall
Hereford,1979,Champion,Female,Volleyball,Fall
Hereford,1976,Finalist,Female,Volleyball,Fall
Hereford,1981,Finalist,Female,Volleyball,Fall
Hereford,1980,Semifinalist,Female,Volleyball,Fall
Hereford,1998,Semifinalist,Female,Volleyball,Fall
Hereford,1999,Semifinalist,Female,Volleyball,Fall
Hereford,2004,Semifinalist,Female,Volleyball,Fall
Hereford,2013,Semifinalist,Female,Volleyball,Fall
Hereford,2014,Semifinalist,Female,Volleyball,Fall
Hereford,2015,Semifinalist,Female,Volleyball,Fall
Hereford,2016,Semifinalist,Female,Volleyball,Fall
Hereford,2017,Semifinalist,Female,Volleyball,Fall
Hereford,2018,Semifinalist,Female,Volleyball,Fall
Hereford,2021,Semifinalist,Female,Volleyball,Fall
Hereford,2022,Semifinalist,Female,Volleyball,Fall
High Point,1979,Champion,Female,Volleyball,Fall
High Point,1978,Finalist,Female,Volleyball,Fall
High Point,2005,Semifinalist,Female,Volleyball,Fall
High Point,2013,Semifinalist,Female,Volleyball,Fall
Howard,1980,Champion,Female,Volleyball,Fall
Howard,1979,Semifinalist,Female,Volleyball,Fall
Huntingtown,2005,Finalist,Female,Volleyball,Fall
Huntingtown,2006,Finalist,Female,Volleyball,Fall
Huntingtown,2007,Finalist,Female,Volleyball,Fall
Huntingtown,2021,Finalist,Female,Volleyball,Fall
Huntingtown,2004,Semifinalist,Female,Volleyball,Fall
Huntingtown,2014,Semifinalist,Female,Volleyball,Fall
Huntingtown,2018,Semifinalist,Female,Volleyball,Fall
Gov. Thomas Johnson,1995,Finalist,Female,Volleyball,Fall
Gov. Thomas Johnson,1996,Finalist,Female,Volleyball,Fall
Gov. Thomas Johnson,1998,Finalist,Female,Volleyball,Fall
Gov. Thomas Johnson,2008,Finalist,Female,Volleyball,Fall
Gov. Thomas Johnson,2010,Finalist,Female,Volleyball,Fall
Gov. Thomas Johnson,1999,Semifinalist,Female,Volleyball,Fall
Gov. Thomas Johnson,2000,Semifinalist,Female,Volleyball,Fall
Gov. Thomas Johnson,2003,Semifinalist,Female,Volleyball,Fall
Gov. Thomas Johnson,2004,Semifinalist,Female,Volleyball,Fall
Walter Johnson,1982,Finalist,Female,Volleyball,Fall
Walter Johnson,1992,Finalist,Female,Volleyball,Fall
Walter Johnson,1976,Semifinalist,Female,Volleyball,Fall
Walter Johnson,1980,Semifinalist,Female,Volleyball,Fall
Walter Johnson,1981,Semifinalist,Female,Volleyball,Fall
Walter Johnson,1983,Semifinalist,Female,Volleyball,Fall
Walter Johnson,2012,Semifinalist,Female,Volleyball,Fall
John F. Kennedy,1988,Semifinalist,Female,Volleyball,Fall
John F. Kennedy,1989,Semifinalist,Female,Volleyball,Fall
Kent County ,1989,Semifinalist,Female,Volleyball,Fall
Kent County ,1990,Semifinalist,Female,Volleyball,Fall
Kenwood,1996,Semifinalist,Female,Volleyball,Fall
Francis Scott Key,1977,Champion,Female,Volleyball,Fall
Francis Scott Key,1978,Champion,Female,Volleyball,Fall
Francis Scott Key,1980,Champion,Female,Volleyball,Fall
Francis Scott Key,1986,Champion,Female,Volleyball,Fall
Francis Scott Key,1996,Champion,Female,Volleyball,Fall
Francis Scott Key,2009,Champion,Female,Volleyball,Fall
Francis Scott Key,1979,Finalist,Female,Volleyball,Fall
Francis Scott Key,1987,Finalist,Female,Volleyball,Fall
Francis Scott Key,1995,Finalist,Female,Volleyball,Fall
Francis Scott Key,1999,Finalist,Female,Volleyball,Fall
Francis Scott Key,2000,Finalist,Female,Volleyball,Fall
Francis Scott Key,1982,Semifinalist,Female,Volleyball,Fall
Francis Scott Key,1988,Semifinalist,Female,Volleyball,Fall
Francis Scott Key,1990,Semifinalist,Female,Volleyball,Fall
Francis Scott Key,1993,Semifinalist,Female,Volleyball,Fall
Francis Scott Key,1994,Semifinalist,Female,Volleyball,Fall
Henry E. Lackey,1985,Semifinalist,Female,Volleyball,Fall
Henry E. Lackey,2001,Semifinalist,Female,Volleyball,Fall
Henry E. Lackey,2018,Semifinalist,Female,Volleyball,Fall
Lansdowne,1981,Finalist,Female,Volleyball,Fall
Lansdowne,1993,Semifinalist,Female,Volleyball,Fall
La Plata ,2013,Finalist,Female,Volleyball,Fall
La Plata ,2017,Finalist,Female,Volleyball,Fall
La Plata ,2010,Semifinalist,Female,Volleyball,Fall
La Plata ,2011,Semifinalist,Female,Volleyball,Fall
La Plata ,2012,Semifinalist,Female,Volleyball,Fall
La Plata ,2019,Semifinalist,Female,Volleyball,Fall
Laurel ,1985,Semifinalist,Female,Volleyball,Fall
Laurel ,1986,Semifinalist,Female,Volleyball,Fall
Laurel ,1987,Semifinalist,Female,Volleyball,Fall
Laurel ,1991,Semifinalist,Female,Volleyball,Fall
Leonardtown,2021,Finalist,Female,Volleyball,Fall
Leonardtown,2023,Finalist,Female,Volleyball,Fall
Leonardtown,1986,Semifinalist,Female,Volleyball,Fall
Liberty,2003,Champion,Female,Volleyball,Fall
Liberty,2004,Champion,Female,Volleyball,Fall
Liberty,2008,Champion,Female,Volleyball,Fall
Liberty,2022,Champion,Female,Volleyball,Fall
Liberty,1991,Finalist,Female,Volleyball,Fall
Liberty,2005,Finalist,Female,Volleyball,Fall
Liberty,1985,Semifinalist,Female,Volleyball,Fall
Liberty,1997,Semifinalist,Female,Volleyball,Fall
Liberty,2001,Semifinalist,Female,Volleyball,Fall
Liberty,2002,Semifinalist,Female,Volleyball,Fall
Liberty,2006,Semifinalist,Female,Volleyball,Fall
Liberty,2015,Semifinalist,Female,Volleyball,Fall
Loch Raven,1987,Champion,Female,Volleyball,Fall
Loch Raven,1988,Champion,Female,Volleyball,Fall
Loch Raven,1994,Champion,Female,Volleyball,Fall
Loch Raven,1993,Semifinalist,Female,Volleyball,Fall
Loch Raven,1997,Semifinalist,Female,Volleyball,Fall
Loch Raven,2001,Semifinalist,Female,Volleyball,Fall
Loch Raven,2002,Semifinalist,Female,Volleyball,Fall
Loch Raven,2003,Semifinalist,Female,Volleyball,Fall
Loch Raven,2004,Semifinalist,Female,Volleyball,Fall
Loch Raven,2005,Semifinalist,Female,Volleyball,Fall
Loch Raven,2006,Semifinalist,Female,Volleyball,Fall
Loch Raven,2011,Semifinalist,Female,Volleyball,Fall
Loch Raven,2012,Semifinalist,Female,Volleyball,Fall
Col. Zadok Magruder,2019,Champion,Female,Volleyball,Fall
Col. Zadok Magruder,2004,Finalist,Female,Volleyball,Fall
Col. Zadok Magruder,2009,Finalist,Female,Volleyball,Fall
Col. Zadok Magruder,2008,Semifinalist,Female,Volleyball,Fall
Col. Zadok Magruder,2022,Semifinalist,Female,Volleyball,Fall
Marriotts Ridge,2010,Finalist,Female,Volleyball,Fall
Marriotts Ridge,2009,Semifinalist,Female,Volleyball,Fall
Marriotts Ridge,2014,Semifinalist,Female,Volleyball,Fall
Maurice J. Mcdonough ,1983,Finalist,Female,Volleyball,Fall
Maurice J. Mcdonough ,2015,Finalist,Female,Volleyball,Fall
Maurice J. Mcdonough ,1982,Semifinalist,Female,Volleyball,Fall
Maurice J. Mcdonough ,1991,Semifinalist,Female,Volleyball,Fall
Maurice J. Mcdonough ,1992,Semifinalist,Female,Volleyball,Fall
Maurice J. Mcdonough ,1996,Semifinalist,Female,Volleyball,Fall
Maurice J. Mcdonough ,2014,Semifinalist,Female,Volleyball,Fall
Maurice J. Mcdonough ,2016,Semifinalist,Female,Volleyball,Fall
Meade,1977,Champion,Female,Volleyball,Fall
Meade,1980,Semifinalist,Female,Volleyball,Fall
Middletown,2022,Finalist,Female,Volleyball,Fall
Milford Mill Academy ,1978,Champion,Female,Volleyball,Fall
Richard Montgomery ,2023,Champion,Female,Volleyball,Fall
Richard Montgomery ,1992,Semifinalist,Female,Volleyball,Fall
Richard Montgomery ,2011,Semifinalist,Female,Volleyball,Fall
Mount Hebron ,1990,Champion,Female,Volleyball,Fall
Mount Hebron ,1991,Champion,Female,Volleyball,Fall
Mount Hebron ,1992,Champion,Female,Volleyball,Fall
Mount Hebron ,1995,Champion,Female,Volleyball,Fall
Mount Hebron ,1982,Finalist,Female,Volleyball,Fall
Mount Hebron ,2002,Finalist,Female,Volleyball,Fall
Mount Hebron ,1986,Semifinalist,Female,Volleyball,Fall
Mount Hebron ,1989,Semifinalist,Female,Volleyball,Fall
Mount Savage,1979,Champion,Female,Volleyball,Fall
Mount Savage,1982,Champion,Female,Volleyball,Fall
Mount Savage,1983,Champion,Female,Volleyball,Fall
Mount Savage,1997,Champion,Female,Volleyball,Fall
Mount Savage,1975,Finalist,Female,Volleyball,Fall
Mount Savage,1977,Finalist,Female,Volleyball,Fall
Mount Savage,1978,Finalist,Female,Volleyball,Fall
Mount Savage,1981,Finalist,Female,Volleyball,Fall
Mount Savage,1986,Finalist,Female,Volleyball,Fall
Mount Savage,1976,Semifinalist,Female,Volleyball,Fall
Mount Savage,1980,Semifinalist,Female,Volleyball,Fall
Mount Savage,1981,Semifinalist,Female,Volleyball,Fall
Mountain Ridge,2021,Finalist,Female,Volleyball,Fall
North Caroline,1990,Champion,Female,Volleyball,Fall
North Caroline,1985,Finalist,Female,Volleyball,Fall
North Caroline,1989,Finalist,Female,Volleyball,Fall
North Caroline,1992,Finalist,Female,Volleyball,Fall
North Caroline,1993,Finalist,Female,Volleyball,Fall
North Caroline,2009,Finalist,Female,Volleyball,Fall
North Caroline,1982,Semifinalist,Female,Volleyball,Fall
North Caroline,1984,Semifinalist,Female,Volleyball,Fall
North Caroline,1987,Semifinalist,Female,Volleyball,Fall
North Caroline,1988,Semifinalist,Female,Volleyball,Fall
North Caroline,1991,Semifinalist,Female,Volleyball,Fall
North Caroline,1994,Semifinalist,Female,Volleyball,Fall
North Caroline,1995,Semifinalist,Female,Volleyball,Fall
North Caroline,1996,Semifinalist,Female,Volleyball,Fall
North Caroline,1999,Semifinalist,Female,Volleyball,Fall
North Caroline,2000,Semifinalist,Female,Volleyball,Fall
North Caroline,2005,Semifinalist,Female,Volleyball,Fall
North Caroline,2012,Semifinalist,Female,Volleyball,Fall
North Carroll,1985,Champion,Female,Volleyball,Fall
North Carroll,1977,Semifinalist,Female,Volleyball,Fall
North Carroll,1978,Semifinalist,Female,Volleyball,Fall
North Carroll,1987,Semifinalist,Female,Volleyball,Fall
North Carroll,1988,Semifinalist,Female,Volleyball,Fall
North Carroll,1990,Semifinalist,Female,Volleyball,Fall
North Carroll,2005,Semifinalist,Female,Volleyball,Fall
North East (Cecil),1976,Champion,Female,Volleyball,Fall
North East (Cecil),1977,Champion,Female,Volleyball,Fall
North East (Cecil),1978,Champion,Female,Volleyball,Fall
North East (Cecil),1986,Champion,Female,Volleyball,Fall
North East (Cecil),1996,Champion,Female,Volleyball,Fall
North East (Cecil),2006,Champion,Female,Volleyball,Fall
North East (Cecil),1987,Finalist,Female,Volleyball,Fall
North East (Cecil),1989,Finalist,Female,Volleyball,Fall
North East (Cecil),1990,Finalist,Female,Volleyball,Fall
North East (Cecil),1975,Semifinalist,Female,Volleyball,Fall
North East (Cecil),1979,Semifinalist,Female,Volleyball,Fall
North East (Cecil),1984,Semifinalist,Female,Volleyball,Fall
North East (Cecil),1998,Semifinalist,Female,Volleyball,Fall
North East (Cecil),2005,Semifinalist,Female,Volleyball,Fall
North Hagerstown,2011,Champion,Female,Volleyball,Fall
North Hagerstown,2012,Champion,Female,Volleyball,Fall
North Hagerstown,2014,Champion,Female,Volleyball,Fall
North Hagerstown,2022,Champion,Female,Volleyball,Fall
North Hagerstown,2023,Champion,Female,Volleyball,Fall
North Hagerstown,1993,Finalist,Female,Volleyball,Fall
North Hagerstown,1997,Finalist,Female,Volleyball,Fall
North Hagerstown,1998,Finalist,Female,Volleyball,Fall
North Hagerstown,2007,Finalist,Female,Volleyball,Fall
North Hagerstown,1983,Semifinalist,Female,Volleyball,Fall
North Hagerstown,1994,Semifinalist,Female,Volleyball,Fall
North Hagerstown,1996,Semifinalist,Female,Volleyball,Fall
North Hagerstown,2021,Semifinalist,Female,Volleyball,Fall
Northeast (AA),1982,Semifinalist,Female,Volleyball,Fall
Northeast (AA),1989,Semifinalist,Female,Volleyball,Fall
Northern (Cal.),1990,Champion,Female,Volleyball,Fall
Northern (Cal.),1994,Champion,Female,Volleyball,Fall
Northern (Cal.),1995,Champion,Female,Volleyball,Fall
Northern (Cal.),1996,Champion,Female,Volleyball,Fall
Northern (Cal.),1997,Champion,Female,Volleyball,Fall
Northern (Cal.),1999,Champion,Female,Volleyball,Fall
Northern (Cal.),2000,Champion,Female,Volleyball,Fall
Northern (Cal.),2001,Champion,Female,Volleyball,Fall
Northern (Cal.),2009,Champion,Female,Volleyball,Fall
Northern (Cal.),2015,Champion,Female,Volleyball,Fall
Northern (Cal.),2017,Champion,Female,Volleyball,Fall
Northern (Cal.),1988,Finalist,Female,Volleyball,Fall
Northern (Cal.),1991,Finalist,Female,Volleyball,Fall
Northern (Cal.),1992,Finalist,Female,Volleyball,Fall
Northern (Cal.),2019,Finalist,Female,Volleyball,Fall
Northern (Cal.),2022,Finalist,Female,Volleyball,Fall
Northern (Cal.),1986,Semifinalist,Female,Volleyball,Fall
Northern (Cal.),2008,Semifinalist,Female,Volleyball,Fall
Northern (Cal.),2016,Semifinalist,Female,Volleyball,Fall
Northern (Cal.),2023,Semifinalist,Female,Volleyball,Fall
Northern (G.),1985,Champion,Female,Volleyball,Fall
Northwest,2015,Champion,Female,Volleyball,Fall
Northwest,2016,Champion,Female,Volleyball,Fall
Northwest,2017,Champion,Female,Volleyball,Fall
Northwest,2018,Champion,Female,Volleyball,Fall
Northwest,2014,Finalist,Female,Volleyball,Fall
Northwood,1978,Semifinalist,Female,Volleyball,Fall
Oakdale,2014,Champion,Female,Volleyball,Fall
Oakdale,2017,Champion,Female,Volleyball,Fall
Oakdale,2019,Finalist,Female,Volleyball,Fall
Oakland Mills,2000,Semifinalist,Female,Volleyball,Fall
Owings Mills,1984,Finalist,Female,Volleyball,Fall
Owings Mills,1991,Semifinalist,Female,Volleyball,Fall
Owings Mills,1992,Semifinalist,Female,Volleyball,Fall
Owings Mills,2003,Semifinalist,Female,Volleyball,Fall
Oxon hill,1990,Finalist,Female,Volleyball,Fall
Oxon hill,1976,Semifinalist,Female,Volleyball,Fall
Oxon hill,1993,Semifinalist,Female,Volleyball,Fall
Paint branch,1984,Semifinalist,Female,Volleyball,Fall
Paint branch,1988,Semifinalist,Female,Volleyball,Fall
Parkside,1981,Semifinalist,Female,Volleyball,Fall
Parkside,1982,Semifinalist,Female,Volleyball,Fall
Patterson mill,2019,Finalist,Female,Volleyball,Fall
Patterson mill,2009,Semifinalist,Female,Volleyball,Fall
Patterson mill,2022,Semifinalist,Female,Volleyball,Fall
Patterson mill,2023,Semifinalist,Female,Volleyball,Fall
Patuxent,2002,Champion,Female,Volleyball,Fall
Patuxent,2013,Champion,Female,Volleyball,Fall
Patuxent,2015,Finalist,Female,Volleyball,Fall
Perry hall,2002,Finalist,Female,Volleyball,Fall
Perry hall,2012,Finalist,Female,Volleyball,Fall
Perry hall,1992,Semifinalist,Female,Volleyball,Fall
Perry hall,1995,Semifinalist,Female,Volleyball,Fall
Perry hall,1997,Semifinalist,Female,Volleyball,Fall
Perryville,2011,Finalist,Female,Volleyball,Fall
Perryville,2012,Finalist,Female,Volleyball,Fall
Perryville,2014,Finalist,Female,Volleyball,Fall
Perryville,2016,Finalist,Female,Volleyball,Fall
Perryville,2017,Finalist,Female,Volleyball,Fall
Perryville,1992,Semifinalist,Female,Volleyball,Fall
Perryville,1999,Semifinalist,Female,Volleyball,Fall
Perryville,2002,Semifinalist,Female,Volleyball,Fall
Perryville,2003,Semifinalist,Female,Volleyball,Fall
Perryville,2013,Semifinalist,Female,Volleyball,Fall
Perryville,2015,Semifinalist,Female,Volleyball,Fall
Perryville,2018,Semifinalist,Female,Volleyball,Fall
Pocomoke,1976,Semifinalist,Female,Volleyball,Fall
Polytechnic,2007,Semifinalist,Female,Volleyball,Fall
Poolesville,2008,Champion,Female,Volleyball,Fall
Poolesville,2002,Finalist,Female,Volleyball,Fall
Poolesville,2003,Finalist,Female,Volleyball,Fall
Poolesville,2005,Finalist,Female,Volleyball,Fall
Poolesville,2013,Finalist,Female,Volleyball,Fall
Poolesville,2004,Semifinalist,Female,Volleyball,Fall
Poolesville,2010,Semifinalist,Female,Volleyball,Fall
Queen anne’s,2023,Semifinalist,Female,Volleyball,Fall
Quince orchard,2003,Champion,Female,Volleyball,Fall
Quince orchard,1993,Finalist,Female,Volleyball,Fall
Quince orchard,1994,Finalist,Female,Volleyball,Fall
Quince orchard,1991,Semifinalist,Female,Volleyball,Fall
Randallstown,1978,Semifinalist,Female,Volleyball,Fall
Reservoir,2007,Champion,Female,Volleyball,Fall
Reservoir,2021,Champion,Female,Volleyball,Fall
Reservoir,2006,Finalist,Female,Volleyball,Fall
Reservoir,2004,Semifinalist,Female,Volleyball,Fall
Reservoir,2023,Semifinalist,Female,Volleyball,Fall
Colonel richardson,1981,Semifinalist,Female,Volleyball,Fall
Colonel richardson,1995,Semifinalist,Female,Volleyball,Fall
Colonel richardson,1996,Semifinalist,Female,Volleyball,Fall
Colonel richardson,2008,Semifinalist,Female,Volleyball,Fall
Colonel richardson,2010,Semifinalist,Female,Volleyball,Fall
Colonel richardson,2019,Semifinalist,Female,Volleyball,Fall
Rising sun,2006,Champion,Female,Volleyball,Fall
Rising sun,2007,Champion,Female,Volleyball,Fall
Rising sun,2015,Champion,Female,Volleyball,Fall
Rising sun,2000,Finalist,Female,Volleyball,Fall
Rising sun,2004,Finalist,Female,Volleyball,Fall
Rising sun,2008,Finalist,Female,Volleyball,Fall
Rising sun,2014,Finalist,Female,Volleyball,Fall
Rising sun,2016,Finalist,Female,Volleyball,Fall
Rising sun,1995,Semifinalist,Female,Volleyball,Fall
Rising sun,1997,Semifinalist,Female,Volleyball,Fall
Rising sun,1998,Semifinalist,Female,Volleyball,Fall
Rising sun,2001,Semifinalist,Female,Volleyball,Fall
Rising sun,2005,Semifinalist,Female,Volleyball,Fall
Rising sun,2013,Semifinalist,Female,Volleyball,Fall
Rising sun,2017,Semifinalist,Female,Volleyball,Fall
Rising sun,2018,Semifinalist,Female,Volleyball,Fall
Rising sun,2019,Semifinalist,Female,Volleyball,Fall
River hill,1999,Finalist,Female,Volleyball,Fall
River hill,2009,Finalist,Female,Volleyball,Fall
River hill,2011,Finalist,Female,Volleyball,Fall
River hill,2000,Semifinalist,Female,Volleyball,Fall
River hill,2007,Semifinalist,Female,Volleyball,Fall
River hill,2008,Semifinalist,Female,Volleyball,Fall
River hill,2015,Semifinalist,Female,Volleyball,Fall
Rockville,1984,Champion,Female,Volleyball,Fall
Rockville,1990,Finalist,Female,Volleyball,Fall
Rockville,1991,Semifinalist,Female,Volleyball,Fall
Rockville,1992,Semifinalist,Female,Volleyball,Fall
Eleanor roosevelt,1986,Finalist,Female,Volleyball,Fall
Eleanor roosevelt,2001,Finalist,Female,Volleyball,Fall
Eleanor roosevelt,1987,Semifinalist,Female,Volleyball,Fall
Eleanor roosevelt,1988,Semifinalist,Female,Volleyball,Fall
Eleanor roosevelt,1989,Semifinalist,Female,Volleyball,Fall
Eleanor roosevelt,2007,Semifinalist,Female,Volleyball,Fall
Eleanor roosevelt,2008,Semifinalist,Female,Volleyball,Fall
Eleanor roosevelt,2012,Semifinalist,Female,Volleyball,Fall
Eleanor roosevelt,2017,Semifinalist,Female,Volleyball,Fall
Eleanor roosevelt,2018,Semifinalist,Female,Volleyball,Fall
Seed school of md,2016,Semifinalist,Female,Volleyball,Fall
Seneca valley,1991,Finalist,Female,Volleyball,Fall
Seneca valley,2004,Finalist,Female,Volleyball,Fall
Seneca valley,1990,Semifinalist,Female,Volleyball,Fall
Seneca valley,2003,Semifinalist,Female,Volleyball,Fall
Severna park,1976,Champion,Female,Volleyball,Fall
Severna park,1978,Champion,Female,Volleyball,Fall
Severna park,1991,Champion,Female,Volleyball,Fall
Severna park,1992,Champion,Female,Volleyball,Fall
Severna park,1993,Champion,Female,Volleyball,Fall
Severna park,2014,Champion,Female,Volleyball,Fall
Severna park,1979,Finalist,Female,Volleyball,Fall
Severna park,1985,Finalist,Female,Volleyball,Fall
Severna park,1987,Finalist,Female,Volleyball,Fall
Severna park,1989,Finalist,Female,Volleyball,Fall
Severna park,1998,Finalist,Female,Volleyball,Fall
Severna park,2001,Finalist,Female,Volleyball,Fall
Severna park,2013,Finalist,Female,Volleyball,Fall
Severna park,1986,Semifinalist,Female,Volleyball,Fall
Severna park,1997,Semifinalist,Female,Volleyball,Fall
Severna park,1999,Semifinalist,Female,Volleyball,Fall
Severna park,2015,Semifinalist,Female,Volleyball,Fall
Sherwood,2006,Champion,Female,Volleyball,Fall
Sherwood,2010,Champion,Female,Volleyball,Fall
Sherwood,2011,Champion,Female,Volleyball,Fall
Sherwood,2012,Champion,Female,Volleyball,Fall
Sherwood,1995,Finalist,Female,Volleyball,Fall
Sherwood,2016,Finalist,Female,Volleyball,Fall
Sherwood,2014,Semifinalist,Female,Volleyball,Fall
Sherwood,2017,Semifinalist,Female,Volleyball,Fall
Sherwood,2021,Semifinalist,Female,Volleyball,Fall
Smithsburg,1981,Champion,Female,Volleyball,Fall
Smithsburg,1989,Champion,Female,Volleyball,Fall
Smithsburg,1998,Champion,Female,Volleyball,Fall
Smithsburg,2000,Champion,Female,Volleyball,Fall
Smithsburg,2001,Champion,Female,Volleyball,Fall
Smithsburg,2009,Champion,Female,Volleyball,Fall
Smithsburg,2010,Champion,Female,Volleyball,Fall
Smithsburg,2011,Champion,Female,Volleyball,Fall
Smithsburg,2012,Champion,Female,Volleyball,Fall
Smithsburg,2014,Champion,Female,Volleyball,Fall
Smithsburg,2015,Champion,Female,Volleyball,Fall
Smithsburg,2016,Champion,Female,Volleyball,Fall
Smithsburg,2017,Champion,Female,Volleyball,Fall
Smithsburg,2019,Champion,Female,Volleyball,Fall
Smithsburg,1980,Finalist,Female,Volleyball,Fall
Smithsburg,2023,Finalist,Female,Volleyball,Fall
Smithsburg,1977,Semifinalist,Female,Volleyball,Fall
Smithsburg,1979,Semifinalist,Female,Volleyball,Fall
Snow hill,1988,Finalist,Female,Volleyball,Fall
Snow hill,1991,Finalist,Female,Volleyball,Fall
South carroll,2007,Champion,Female,Volleyball,Fall
South carroll,1986,Finalist,Female,Volleyball,Fall
South carroll,1994,Finalist,Female,Volleyball,Fall
South carroll,2022,Finalist,Female,Volleyball,Fall
South carroll,2008,Semifinalist,Female,Volleyball,Fall
South carroll,2021,Semifinalist,Female,Volleyball,Fall
South hagerstown,1995,Semifinalist,Female,Volleyball,Fall
South river,1981,Finalist,Female,Volleyball,Fall
South river,1984,Semifinalist,Female,Volleyball,Fall
South river,1985,Semifinalist,Female,Volleyball,Fall
South river,1993,Semifinalist,Female,Volleyball,Fall
South river,1997,Semifinalist,Female,Volleyball,Fall
South river,1998,Semifinalist,Female,Volleyball,Fall
South river,2018,Semifinalist,Female,Volleyball,Fall
Southern (aa),1983,Semifinalist,Female,Volleyball,Fall
Southern (g),2006,Finalist,Female,Volleyball,Fall
Southside,2005,Semifinalist,Female,Volleyball,Fall
Sparrows point,1983,Semifinalist,Female,Volleyball,Fall
Sparrows point,1985,Semifinalist,Female,Volleyball,Fall
Sparrows point,1986,Semifinalist,Female,Volleyball,Fall
Sparrows point,1989,Semifinalist,Female,Volleyball,Fall
Sparrows point,1997,Semifinalist,Female,Volleyball,Fall
Sparrows point,1999,Semifinalist,Female,Volleyball,Fall
Sparrows point,2012,Semifinalist,Female,Volleyball,Fall
Springbrook,1981,Champion,Female,Volleyball,Fall
Springbrook,1976,Finalist,Female,Volleyball,Fall
Springbrook,1980,Finalist,Female,Volleyball,Fall
Springbrook,1989,Semifinalist,Female,Volleyball,Fall
Springbrook,1990,Semifinalist,Female,Volleyball,Fall
Thomas stone,1987,Finalist,Female,Volleyball,Fall
Thomas stone,1997,Finalist,Female,Volleyball,Fall
Thomas stone,1994,Semifinalist,Female,Volleyball,Fall
Thomas stone,1995,Semifinalist,Female,Volleyball,Fall
Suitland,1975,Semifinalist,Female,Volleyball,Fall
Suitland,1976,Semifinalist,Female,Volleyball,Fall
Suitland,1977,Semifinalist,Female,Volleyball,Fall
Suitland,1979,Semifinalist,Female,Volleyball,Fall
Surrattsville,1978,Finalist,Female,Volleyball,Fall
Surrattsville,1979,Semifinalist,Female,Volleyball,Fall
Surrattsville,1981,Semifinalist,Female,Volleyball,Fall
Surrattsville,1985,Semifinalist,Female,Volleyball,Fall
Surrattsville,2009,Semifinalist,Female,Volleyball,Fall
Surrattsville,2010,Semifinalist,Female,Volleyball,Fall
Surrattsville,2011,Semifinalist,Female,Volleyball,Fall
Towson,2001,Champion,Female,Volleyball,Fall
Towson,2010,Champion,Female,Volleyball,Fall
Towson,1977,Finalist,Female,Volleyball,Fall
Towson,2002,Finalist,Female,Volleyball,Fall
Towson,2003,Finalist,Female,Volleyball,Fall
Towson,2008,Finalist,Female,Volleyball,Fall
Towson,1980,Semifinalist,Female,Volleyball,Fall
Towson,2000,Semifinalist,Female,Volleyball,Fall
Towson,2004,Semifinalist,Female,Volleyball,Fall
Towson,2005,Semifinalist,Female,Volleyball,Fall
Towson,2007,Semifinalist,Female,Volleyball,Fall
Towson,2009,Semifinalist,Female,Volleyball,Fall
Towson,2011,Semifinalist,Female,Volleyball,Fall
Towson,2015,Semifinalist,Female,Volleyball,Fall
Towson,2016,Semifinalist,Female,Volleyball,Fall
Towson,2017,Semifinalist,Female,Volleyball,Fall
Urbana,2022,Champion,Female,Volleyball,Fall
Urbana,2018,Finalist,Female,Volleyball,Fall
Urbana,2009,Semifinalist,Female,Volleyball,Fall
Urbana,2023,Semifinalist,Female,Volleyball,Fall
Valley,1984,Semifinalist,Female,Volleyball,Fall
Watkins mill,1997,Champion,Female,Volleyball,Fall
Watkins mill,1996,Finalist,Female,Volleyball,Fall
Western (b),1993,Semifinalist,Female,Volleyball,Fall
Western (b),1994,Semifinalist,Female,Volleyball,Fall
Western (b),2001,Semifinalist,Female,Volleyball,Fall
Western stes,2018,Finalist,Female,Volleyball,Fall
Western stes,2011,Semifinalist,Female,Volleyball,Fall
Western stes,2017,Semifinalist,Female,Volleyball,Fall
Western stes,2019,Semifinalist,Female,Volleyball,Fall
Westmar,1991,Semifinalist,Female,Volleyball,Fall
Westmar,2000,Semifinalist,Female,Volleyball,Fall
Westminster,2017,Finalist,Female,Volleyball,Fall
Westminster,2014,Semifinalist,Female,Volleyball,Fall
Westminster,2018,Semifinalist,Female,Volleyball,Fall
Westminster,2019,Semifinalist,Female,Volleyball,Fall
Walt whitman,1998,Champion,Female,Volleyball,Fall
Walt whitman,1993,Finalist,Female,Volleyball,Fall
Walt whitman,1987,Semifinalist,Female,Volleyball,Fall
Wicomico,1985,Finalist,Female,Volleyball,Fall
Williamsport,1981,Champion,Female,Volleyball,Fall
Williamsport,1985,Champion,Female,Volleyball,Fall
Williamsport,1987,Champion,Female,Volleyball,Fall
Williamsport,1988,Champion,Female,Volleyball,Fall
Williamsport,1991,Champion,Female,Volleyball,Fall
Williamsport,1992,Champion,Female,Volleyball,Fall
Williamsport,1995,Champion,Female,Volleyball,Fall
Williamsport,1999,Champion,Female,Volleyball,Fall
Williamsport,2002,Champion,Female,Volleyball,Fall
Williamsport,2003,Champion,Female,Volleyball,Fall
Williamsport,2004,Champion,Female,Volleyball,Fall
Williamsport,2005,Champion,Female,Volleyball,Fall
Williamsport,2012,Champion,Female,Volleyball,Fall
Williamsport,2016,Champion,Female,Volleyball,Fall
Williamsport,2018,Champion,Female,Volleyball,Fall
Williamsport,2021,Champion,Female,Volleyball,Fall
Williamsport,1983,Finalist,Female,Volleyball,Fall
Williamsport,1986,Finalist,Female,Volleyball,Fall
Williamsport,1990,Finalist,Female,Volleyball,Fall
Williamsport,1994,Finalist,Female,Volleyball,Fall
Williamsport,1996,Finalist,Female,Volleyball,Fall
Williamsport,2001,Finalist,Female,Volleyball,Fall
Williamsport,1978,Semifinalist,Female,Volleyball,Fall
Williamsport,1993,Semifinalist,Female,Volleyball,Fall
Williamsport,2023,Semifinalist,Female,Volleyball,Fall
Woodlawn,1982,Champion,Female,Volleyball,Fall
Thomas s. wootton,1983,Champion,Female,Volleyball,Fall
Thomas s. wootton,1984,Champion,Female,Volleyball,Fall
Thomas s. wootton,1985,Champion,Female,Volleyball,Fall
Thomas s. wootton,1986,Champion,Female,Volleyball,Fall
Thomas s. wootton,1987,Champion,Female,Volleyball,Fall
Thomas s. wootton,1988,Champion,Female,Volleyball,Fall
Thomas s. wootton,1989,Champion,Female,Volleyball,Fall
Thomas s. wootton,2007,Finalist,Female,Volleyball,Fall
Thomas s. wootton,1979,Semifinalist,Female,Volleyball,Fall
Thomas s. wootton,1982,Semifinalist,Female,Volleyball,Fall
Thomas s. wootton,2013,Semifinalist,Female,Volleyball,Fall
Thomas s. wootton,2021,Semifinalist,Female,Volleyball,Fall
C. milton wright,1981,Semifinalist,Female,Volleyball,Fall
C. milton wright,1994,Semifinalist,Female,Volleyball,Fall
C. milton wright,1997,Semifinalist,Female,Volleyball,Fall
C. milton wright,1998,Semifinalist,Female,Volleyball,Fall
